Rc files read (in order):
  NONE
Latexmk: This is Latexmk, John Collins, 9 March 2026. Version 4.88.
No existing .aux file, so I'll make a simple one, and require run of *latex.
Latexmk: applying rule 'pdflatex'...
Rule 'pdflatex':  Reasons for rerun
Category 'other':
  Rerun of 'pdflatex' forced or previously required:
    Reason or flag: 'Initial setup'

------------
Run number 1 of rule 'pdflatex'
------------
------------
Running 'pdflatex  -interaction=nonstopmode -file-line-error -recorder -output-directory="build"  "main_v2.tex"'
------------
This is pdfTeX, Version 3.141592653-2.6-1.40.29 (TeX Live 2026) (preloaded format=pdflatex)
 restricted \write18 enabled.
entering extended mode
(./main_v2.tex
LaTeX2e <2025-11-01>
L3 programming layer <2026-01-19>
(./nowfnt-arxiv.cls

LaTeX Warning: You have requested document class `nowfnt-arxiv',
               but the document class provides `nowfnt'.

Document Class: nowfnt 2021/10/12 v0.95d NOW document class
(/usr/local/texlive/2026/texmf-dist/tex/latex/etoolbox/etoolbox.sty)
(./NOWFnT-data.tex)

Class nowfnt Warning: Unclear state. Remove the class option book or ebook or s
ample on input line 129.

(/usr/local/texlive/2026/texmf-dist/tex/latex/base/book.cls
Document Class: book 2025/01/22 v1.4n Standard LaTeX document class
(/usr/local/texlive/2026/texmf-dist/tex/latex/base/bk11.clo))
(/usr/local/texlive/2026/texmf-dist/tex/latex/lastpage/lastpage.sty
(/usr/local/texlive/2026/texmf-dist/tex/latex/lastpage/lastpage2e.sty
(/usr/local/texlive/2026/texmf-dist/tex/latex/lastpage/lastpagemodern.sty) 
)) (/usr/local/texlive/2026/texmf-dist/tex/latex/tools/multicol.sty)
(/usr/local/texlive/2026/texmf-dist/tex/latex/tools/array.sty)
(/usr/local/texlive/2026/texmf-dist/tex/latex/trimspaces/trimspaces.sty)
(/usr/local/texlive/2026/texmf-dist/tex/latex/footmisc/footmisc.sty)
(/usr/local/texlive/2026/texmf-dist/tex/latex/pdfpages/pdfpages.sty
(/usr/local/texlive/2026/texmf-dist/tex/latex/base/ifthen.sty)
(/usr/local/texlive/2026/texmf-dist/tex/latex/tools/calc.sty)
(/usr/local/texlive/2026/texmf-dist/tex/latex/eso-pic/eso-pic.sty
(/usr/local/texlive/2026/texmf-dist/tex/latex/graphics/keyval.sty)
(/usr/local/texlive/2026/texmf-dist/tex/latex/xcolor/xcolor.sty
(/usr/local/texlive/2026/texmf-dist/tex/latex/graphics-cfg/color.cfg)
(/usr/local/texlive/2026/texmf-dist/tex/latex/graphics-def/pdftex.def)
(/usr/local/texlive/2026/texmf-dist/tex/latex/graphics/mathcolor.ltx))
(/usr/local/texlive/2026/texmf-dist/tex/latex/graphics/dvipsnam.def))
(/usr/local/texlive/2026/texmf-dist/tex/latex/graphics/graphicx.sty
(/usr/local/texlive/2026/texmf-dist/tex/latex/graphics/graphics.sty
(/usr/local/texlive/2026/texmf-dist/tex/latex/graphics/trig.sty)
(/usr/local/texlive/2026/texmf-dist/tex/latex/graphics-cfg/graphics.cfg)))
(/usr/local/texlive/2026/texmf-dist/tex/latex/pdfpages/pppdftex.def))
(/usr/local/texlive/2026/texmf-dist/tex/latex/tools/xr.sty)
(/usr/local/texlive/2026/texmf-dist/tex/latex/microtype/microtype.sty
(/usr/local/texlive/2026/texmf-dist/tex/latex/microtype/microtype-pdftex.def)
(/usr/local/texlive/2026/texmf-dist/tex/latex/microtype/microtype.cfg))
(/usr/local/texlive/2026/texmf-dist/tex/latex/fancyhdr/fancyhdr.sty)
(/usr/local/texlive/2026/texmf-dist/tex/latex/titlesec/titlesec.sty)
(/usr/local/texlive/2026/texmf-dist/tex/latex/caption/caption.sty
(/usr/local/texlive/2026/texmf-dist/tex/latex/caption/caption3.sty))
(/usr/local/texlive/2026/texmf-dist/tex/latex/emptypage/emptypage.sty)
(/usr/local/texlive/2026/texmf-dist/tex/latex/url/url.sty)
(/usr/local/texlive/2026/texmf-dist/tex/latex/lm/lmodern.sty)
(/usr/local/texlive/2026/texmf-dist/tex/latex/base/fontenc.sty
(/usr/local/texlive/2026/texmf-dist/tex/latex/lm/t1lmr.fd))
(./nowfnt-biblatex.sty
(/usr/local/texlive/2026/texmf-dist/tex/latex/biblatex/biblatex.sty
(/usr/local/texlive/2026/texmf-dist/tex/generic/pdftexcmds/pdftexcmds.sty
(/usr/local/texlive/2026/texmf-dist/tex/generic/infwarerr/infwarerr.sty)
(/usr/local/texlive/2026/texmf-dist/tex/generic/iftex/iftex.sty)
(/usr/local/texlive/2026/texmf-dist/tex/generic/ltxcmds/ltxcmds.sty))
(/usr/local/texlive/2026/texmf-dist/tex/latex/kvoptions/kvoptions.sty
(/usr/local/texlive/2026/texmf-dist/tex/latex/kvsetkeys/kvsetkeys.sty))
(/usr/local/texlive/2026/texmf-dist/tex/latex/logreq/logreq.sty
(/usr/local/texlive/2026/texmf-dist/tex/latex/logreq/logreq.def))
(/usr/local/texlive/2026/texmf-dist/tex/latex/biblatex/blx-dm.def)
(/usr/local/texlive/2026/texmf-dist/tex/latex/biblatex/blx-compat.def)
(/usr/local/texlive/2026/texmf-dist/tex/latex/biblatex/biblatex.def)
(/usr/local/texlive/2026/texmf-dist/tex/latex/biblatex/blx-natbib.def)
(/usr/local/texlive/2026/texmf-dist/tex/latex/biblatex/bbx/authoryear.bbx
(/usr/local/texlive/2026/texmf-dist/tex/latex/biblatex/bbx/standard.bbx))
(/usr/local/texlive/2026/texmf-dist/tex/latex/biblatex/cbx/authoryear.cbx)
(/usr/local/texlive/2026/texmf-dist/tex/latex/biblatex/biblatex.cfg)
(/usr/local/texlive/2026/texmf-dist/tex/latex/l3kernel/expl3.sty
(/usr/local/texlive/2026/texmf-dist/tex/latex/l3backend/l3backend-pdftex.def))
(/usr/local/texlive/2026/texmf-dist/tex/latex/biblatex/blx-case-expl3.sty
(/usr/local/texlive/2026/texmf-dist/tex/latex/l3packages/xparse/xparse.sty)))
(/usr/local/texlive/2026/texmf-dist/tex/latex/csquotes/csquotes.sty
(/usr/local/texlive/2026/texmf-dist/tex/latex/csquotes/csquotes.def)
(/usr/local/texlive/2026/texmf-dist/tex/latex/csquotes/csquotes.cfg)))
(/usr/local/texlive/2026/texmf-dist/tex/latex/amscls/amsthm.sty)
(/usr/local/texlive/2026/texmf-dist/tex/latex/geometry/geometry.sty
(/usr/local/texlive/2026/texmf-dist/tex/generic/iftex/ifvtex.sty))
(/usr/local/texlive/2026/texmf-dist/tex/latex/hyperref/hyperref.sty
(/usr/local/texlive/2026/texmf-dist/tex/generic/kvdefinekeys/kvdefinekeys.sty)
(/usr/local/texlive/2026/texmf-dist/tex/generic/pdfescape/pdfescape.sty)
(/usr/local/texlive/2026/texmf-dist/tex/latex/hycolor/hycolor.sty)
(/usr/local/texlive/2026/texmf-dist/tex/latex/hyperref/nameref.sty
(/usr/local/texlive/2026/texmf-dist/tex/latex/refcount/refcount.sty)
(/usr/local/texlive/2026/texmf-dist/tex/generic/gettitlestring/gettitlestring.s
ty)) (/usr/local/texlive/2026/texmf-dist/tex/generic/stringenc/stringenc.sty)
(/usr/local/texlive/2026/texmf-dist/tex/latex/hyperref/pd1enc.def)
(/usr/local/texlive/2026/texmf-dist/tex/generic/intcalc/intcalc.sty)
(/usr/local/texlive/2026/texmf-dist/tex/latex/hyperref/puenc.def)
(/usr/local/texlive/2026/texmf-dist/tex/generic/bitset/bitset.sty
(/usr/local/texlive/2026/texmf-dist/tex/generic/bigintcalc/bigintcalc.sty)))
(/usr/local/texlive/2026/texmf-dist/tex/latex/hyperref/hpdftex.def
(/usr/local/texlive/2026/texmf-dist/tex/latex/rerunfilecheck/rerunfilecheck.sty

(/usr/local/texlive/2026/texmf-dist/tex/generic/uniquecounter/uniquecounter.sty
))) (/usr/local/texlive/2026/texmf-dist/tex/latex/bookmark/bookmark.sty
(/usr/local/texlive/2026/texmf-dist/tex/latex/bookmark/bkm-pdftex.def)))
(/usr/local/texlive/2026/texmf-dist/tex/latex/pgf/frontendlayer/tikz.sty
(/usr/local/texlive/2026/texmf-dist/tex/latex/pgf/basiclayer/pgf.sty
(/usr/local/texlive/2026/texmf-dist/tex/latex/pgf/utilities/pgfrcs.sty
(/usr/local/texlive/2026/texmf-dist/tex/generic/pgf/utilities/pgfutil-common.te
x)
(/usr/local/texlive/2026/texmf-dist/tex/generic/pgf/utilities/pgfutil-latex.def
) (/usr/local/texlive/2026/texmf-dist/tex/generic/pgf/utilities/pgfrcs.code.tex
(/usr/local/texlive/2026/texmf-dist/tex/generic/pgf/pgf.revision.tex)))
(/usr/local/texlive/2026/texmf-dist/tex/latex/pgf/basiclayer/pgfcore.sty
(/usr/local/texlive/2026/texmf-dist/tex/latex/pgf/systemlayer/pgfsys.sty
(/usr/local/texlive/2026/texmf-dist/tex/generic/pgf/systemlayer/pgfsys.code.tex
(/usr/local/texlive/2026/texmf-dist/tex/generic/pgf/utilities/pgfkeys.code.tex
(/usr/local/texlive/2026/texmf-dist/tex/generic/pgf/utilities/pgfkeyslibraryfil
tered.code.tex))
(/usr/local/texlive/2026/texmf-dist/tex/generic/pgf/systemlayer/pgf.cfg)
(/usr/local/texlive/2026/texmf-dist/tex/generic/pgf/systemlayer/pgfsys-pdftex.d
ef
(/usr/local/texlive/2026/texmf-dist/tex/generic/pgf/systemlayer/pgfsys-common-p
df.def)))
(/usr/local/texlive/2026/texmf-dist/tex/generic/pgf/systemlayer/pgfsyssoftpath.
code.tex)
(/usr/local/texlive/2026/texmf-dist/tex/generic/pgf/systemlayer/pgfsysprotocol.
code.tex))
(/usr/local/texlive/2026/texmf-dist/tex/generic/pgf/basiclayer/pgfcore.code.tex
(/usr/local/texlive/2026/texmf-dist/tex/generic/pgf/math/pgfmath.code.tex
(/usr/local/texlive/2026/texmf-dist/tex/generic/pgf/math/pgfmathutil.code.tex)
(/usr/local/texlive/2026/texmf-dist/tex/generic/pgf/math/pgfmathparser.code.tex
)
(/usr/local/texlive/2026/texmf-dist/tex/generic/pgf/math/pgfmathfunctions.code.
tex)
(/usr/local/texlive/2026/texmf-dist/tex/generic/pgf/math/pgfmathfunctions.basic
.code.tex)
(/usr/local/texlive/2026/texmf-dist/tex/generic/pgf/math/pgfmathfunctions.trigo
nometric.code.tex)
(/usr/local/texlive/2026/texmf-dist/tex/generic/pgf/math/pgfmathfunctions.rando
m.code.tex)
(/usr/local/texlive/2026/texmf-dist/tex/generic/pgf/math/pgfmathfunctions.compa
rison.code.tex)
(/usr/local/texlive/2026/texmf-dist/tex/generic/pgf/math/pgfmathfunctions.base.
code.tex)
(/usr/local/texlive/2026/texmf-dist/tex/generic/pgf/math/pgfmathfunctions.round
.code.tex)
(/usr/local/texlive/2026/texmf-dist/tex/generic/pgf/math/pgfmathfunctions.misc.
code.tex)
(/usr/local/texlive/2026/texmf-dist/tex/generic/pgf/math/pgfmathfunctions.integ
erarithmetics.code.tex)
(/usr/local/texlive/2026/texmf-dist/tex/generic/pgf/math/pgfmathcalc.code.tex)
(/usr/local/texlive/2026/texmf-dist/tex/generic/pgf/math/pgfmathfloat.code.tex)
) (/usr/local/texlive/2026/texmf-dist/tex/generic/pgf/math/pgfint.code.tex)
(/usr/local/texlive/2026/texmf-dist/tex/generic/pgf/basiclayer/pgfcorepoints.co
de.tex)
(/usr/local/texlive/2026/texmf-dist/tex/generic/pgf/basiclayer/pgfcorepathconst
ruct.code.tex)
(/usr/local/texlive/2026/texmf-dist/tex/generic/pgf/basiclayer/pgfcorepathusage
.code.tex)
(/usr/local/texlive/2026/texmf-dist/tex/generic/pgf/basiclayer/pgfcorescopes.co
de.tex)
(/usr/local/texlive/2026/texmf-dist/tex/generic/pgf/basiclayer/pgfcoregraphicst
ate.code.tex)
(/usr/local/texlive/2026/texmf-dist/tex/generic/pgf/basiclayer/pgfcoretransform
ations.code.tex)
(/usr/local/texlive/2026/texmf-dist/tex/generic/pgf/basiclayer/pgfcorequick.cod
e.tex)
(/usr/local/texlive/2026/texmf-dist/tex/generic/pgf/basiclayer/pgfcoreobjects.c
ode.tex)
(/usr/local/texlive/2026/texmf-dist/tex/generic/pgf/basiclayer/pgfcorepathproce
ssing.code.tex)
(/usr/local/texlive/2026/texmf-dist/tex/generic/pgf/basiclayer/pgfcorearrows.co
de.tex)
(/usr/local/texlive/2026/texmf-dist/tex/generic/pgf/basiclayer/pgfcoreshade.cod
e.tex)
(/usr/local/texlive/2026/texmf-dist/tex/generic/pgf/basiclayer/pgfcoreimage.cod
e.tex)
(/usr/local/texlive/2026/texmf-dist/tex/generic/pgf/basiclayer/pgfcoreexternal.
code.tex)
(/usr/local/texlive/2026/texmf-dist/tex/generic/pgf/basiclayer/pgfcorelayers.co
de.tex)
(/usr/local/texlive/2026/texmf-dist/tex/generic/pgf/basiclayer/pgfcoretranspare
ncy.code.tex)
(/usr/local/texlive/2026/texmf-dist/tex/generic/pgf/basiclayer/pgfcorepatterns.
code.tex)
(/usr/local/texlive/2026/texmf-dist/tex/generic/pgf/basiclayer/pgfcorerdf.code.
tex)))
(/usr/local/texlive/2026/texmf-dist/tex/generic/pgf/modules/pgfmoduleshapes.cod
e.tex)
(/usr/local/texlive/2026/texmf-dist/tex/generic/pgf/modules/pgfmoduleplot.code.
tex)
(/usr/local/texlive/2026/texmf-dist/tex/latex/pgf/compatibility/pgfcomp-version
-0-65.sty)
(/usr/local/texlive/2026/texmf-dist/tex/latex/pgf/compatibility/pgfcomp-version
-1-18.sty))
(/usr/local/texlive/2026/texmf-dist/tex/latex/pgf/utilities/pgffor.sty
(/usr/local/texlive/2026/texmf-dist/tex/latex/pgf/utilities/pgfkeys.sty
(/usr/local/texlive/2026/texmf-dist/tex/generic/pgf/utilities/pgfkeys.code.tex)
) (/usr/local/texlive/2026/texmf-dist/tex/latex/pgf/math/pgfmath.sty
(/usr/local/texlive/2026/texmf-dist/tex/generic/pgf/math/pgfmath.code.tex))
(/usr/local/texlive/2026/texmf-dist/tex/generic/pgf/utilities/pgffor.code.tex))

(/usr/local/texlive/2026/texmf-dist/tex/generic/pgf/frontendlayer/tikz/tikz.cod
e.tex
(/usr/local/texlive/2026/texmf-dist/tex/generic/pgf/libraries/pgflibraryplothan
dlers.code.tex)
(/usr/local/texlive/2026/texmf-dist/tex/generic/pgf/modules/pgfmodulematrix.cod
e.tex)
(/usr/local/texlive/2026/texmf-dist/tex/generic/pgf/frontendlayer/tikz/librarie
s/tikzlibrarytopaths.code.tex)))
(/usr/local/texlive/2026/texmf-dist/tex/generic/pgf/libraries/pgflibraryarrows.
meta.code.tex)
(/usr/local/texlive/2026/texmf-dist/tex/generic/pgf/frontendlayer/tikz/librarie
s/tikzlibrarycalc.code.tex)
(/usr/local/texlive/2026/texmf-dist/tex/generic/pgf/frontendlayer/tikz/librarie
s/tikzlibrarypositioning.code.tex)
(/usr/local/texlive/2026/texmf-dist/tex/generic/pgf/frontendlayer/tikz/librarie
s/tikzlibraryshapes.geometric.code.tex
(/usr/local/texlive/2026/texmf-dist/tex/generic/pgf/libraries/shapes/pgflibrary
shapes.geometric.code.tex))
(/usr/local/texlive/2026/texmf-dist/tex/latex/caption/subcaption.sty)
(/usr/local/texlive/2026/texmf-dist/tex/latex/jknapltx/mathrsfs.sty)
(/usr/local/texlive/2026/texmf-dist/tex/latex/tcolorbox/tcolorbox.sty
(/usr/local/texlive/2026/texmf-dist/tex/latex/tools/verbatim.sty)
(/usr/local/texlive/2026/texmf-dist/tex/latex/environ/environ.sty))
(/usr/local/texlive/2026/texmf-dist/tex/latex/booktabs/booktabs.sty)
(/usr/local/texlive/2026/texmf-dist/tex/generic/pgf/frontendlayer/tikz/librarie
s/tikzlibraryshapes.code.tex
(/usr/local/texlive/2026/texmf-dist/tex/generic/pgf/frontendlayer/tikz/librarie
s/tikzlibraryshapes.misc.code.tex
(/usr/local/texlive/2026/texmf-dist/tex/generic/pgf/libraries/shapes/pgflibrary
shapes.misc.code.tex))
(/usr/local/texlive/2026/texmf-dist/tex/generic/pgf/frontendlayer/tikz/librarie
s/tikzlibraryshapes.symbols.code.tex
(/usr/local/texlive/2026/texmf-dist/tex/generic/pgf/libraries/shapes/pgflibrary
shapes.symbols.code.tex))
(/usr/local/texlive/2026/texmf-dist/tex/generic/pgf/frontendlayer/tikz/librarie
s/tikzlibraryshapes.arrows.code.tex
(/usr/local/texlive/2026/texmf-dist/tex/generic/pgf/libraries/shapes/pgflibrary
shapes.arrows.code.tex))
(/usr/local/texlive/2026/texmf-dist/tex/generic/pgf/frontendlayer/tikz/librarie
s/tikzlibraryshapes.callouts.code.tex
(/usr/local/texlive/2026/texmf-dist/tex/generic/pgf/libraries/shapes/pgflibrary
shapes.callouts.code.tex))
(/usr/local/texlive/2026/texmf-dist/tex/generic/pgf/frontendlayer/tikz/librarie
s/tikzlibraryshapes.multipart.code.tex
(/usr/local/texlive/2026/texmf-dist/tex/generic/pgf/libraries/shapes/pgflibrary
shapes.multipart.code.tex)))
(/usr/local/texlive/2026/texmf-dist/tex/generic/pgf/frontendlayer/tikz/librarie
s/tikzlibraryarrows.code.tex
(/usr/local/texlive/2026/texmf-dist/tex/generic/pgf/libraries/pgflibraryarrows.
code.tex))
(/usr/local/texlive/2026/texmf-dist/tex/generic/pgf/frontendlayer/tikz/librarie
s/tikzlibrarybackgrounds.code.tex)
(/usr/local/texlive/2026/texmf-dist/tex/generic/pgf/frontendlayer/tikz/librarie
s/tikzlibraryshadows.code.tex
(/usr/local/texlive/2026/texmf-dist/tex/generic/pgf/frontendlayer/tikz/librarie
s/tikzlibraryfadings.code.tex
(/usr/local/texlive/2026/texmf-dist/tex/generic/pgf/libraries/pgflibraryfadings
.code.tex)))
(/usr/local/texlive/2026/texmf-dist/tex/latex/stmaryrd/stmaryrd.sty)
(/usr/local/texlive/2026/texmf-dist/tex/latex/placeins/placeins.sty)
(/usr/local/texlive/2026/texmf-dist/tex/latex/cancel/cancel.sty)
(/usr/local/texlive/2026/texmf-dist/tex/latex/tools/tabularx.sty)
(/usr/local/texlive/2026/texmf-dist/tex/latex/mathtools/mathtools.sty
(/usr/local/texlive/2026/texmf-dist/tex/latex/mathtools/mhsetup.sty)
(/usr/local/texlive/2026/texmf-dist/tex/latex/amsmath/amsmath.sty
For additional information on amsmath, use the `?' option.
(/usr/local/texlive/2026/texmf-dist/tex/latex/amsmath/amstext.sty
(/usr/local/texlive/2026/texmf-dist/tex/latex/amsmath/amsgen.sty))
(/usr/local/texlive/2026/texmf-dist/tex/latex/amsmath/amsbsy.sty)
(/usr/local/texlive/2026/texmf-dist/tex/latex/amsmath/amsopn.sty)))
(/usr/local/texlive/2026/texmf-dist/tex/latex/fancybox/fancybox.sty
Style option: `fancybox' v1.4 <2010/05/15> (tvz)
) (/usr/local/texlive/2026/texmf-dist/tex/latex/colortbl/colortbl.sty)
(/usr/local/texlive/2026/texmf-dist/tex/latex/amsfonts/amssymb.sty
(/usr/local/texlive/2026/texmf-dist/tex/latex/amsfonts/amsfonts.sty))
(/usr/local/texlive/2026/texmf-dist/tex/latex/setspace/setspace.sty)
(/usr/local/texlive/2026/texmf-dist/tex/latex/float/float.sty)
(/usr/local/texlive/2026/texmf-dist/tex/latex/base/inputenc.sty)
(/usr/local/texlive/2026/texmf-dist/tex/generic/babel/babel.sty
(/usr/local/texlive/2026/texmf-dist/tex/generic/babel/txtbabel.def)
(/usr/local/texlive/2026/texmf-dist/tex/generic/babel/locale/en/babel-english.t
ex) (/usr/local/texlive/2026/texmf-dist/tex/generic/babel-english/english.ldf))
 (/usr/local/texlive/2026/texmf-dist/tex/latex/mwe/mwe.sty
(/usr/local/texlive/2026/texmf-dist/tex/latex/lipsum/lipsum.sty
(/usr/local/texlive/2026/texmf-dist/tex/latex/l3packages/l3keys2e/l3keys2e.sty)
(/usr/local/texlive/2026/texmf-dist/tex/latex/lipsum/lipsum.ltd.tex))
(/usr/local/texlive/2026/texmf-dist/tex/latex/blindtext/blindtext.sty
(/usr/local/texlive/2026/texmf-dist/tex/latex/tools/xspace.sty)))
(/usr/local/texlive/2026/texmf-dist/tex/latex/adjustbox/adjustbox.sty
(/usr/local/texlive/2026/texmf-dist/tex/latex/xkeyval/xkeyval.sty
(/usr/local/texlive/2026/texmf-dist/tex/generic/xkeyval/xkeyval.tex
(/usr/local/texlive/2026/texmf-dist/tex/generic/xkeyval/xkvutils.tex)))
(/usr/local/texlive/2026/texmf-dist/tex/latex/adjustbox/adjcalc.sty)
(/usr/local/texlive/2026/texmf-dist/tex/latex/adjustbox/trimclip.sty
(/usr/local/texlive/2026/texmf-dist/tex/latex/collectbox/collectbox.sty)
(/usr/local/texlive/2026/texmf-dist/tex/latex/adjustbox/tc-pdftex.def))
(/usr/local/texlive/2026/texmf-dist/tex/latex/ifoddpage/ifoddpage.sty)
(/usr/local/texlive/2026/texmf-dist/tex/latex/varwidth/varwidth.sty)
==> First Aid for varwidth.sty applied!
) (/usr/local/texlive/2026/texmf-dist/tex/latex/multirow/multirow.sty)
(/usr/local/texlive/2026/texmf-dist/tex/latex/makecell/makecell.sty)
(./annotate_eqs.sty

LaTeX Warning: You have requested package `annotate_eqs',
               but the package provides `annotate-equations'.

(/usr/local/texlive/2026/texmf-dist/tex/generic/iftex/ifluatex.sty)
(/usr/local/texlive/2026/texmf-dist/tex/latex/tikzmark/tikzlibrarytikzmark.code
.tex)
(/usr/local/texlive/2026/texmf-dist/tex/generic/pgf/frontendlayer/tikz/librarie
s/tikzlibrarybabel.code.tex))
(/usr/local/texlive/2026/texmf-dist/tex/generic/pgf/frontendlayer/tikz/librarie
s/tikzlibraryfit.code.tex)
(/usr/local/texlive/2026/texmf-dist/tex/latex/epigraph/epigraph.sty
(/usr/local/texlive/2026/texmf-dist/tex/latex/nextpage/nextpage.sty))
(/usr/local/texlive/2026/texmf-dist/tex/latex/thmbox/thmbox.sty)
(/usr/local/texlive/2026/texmf-dist/tex/latex/tcolorbox/tcbtheorems.code.tex
Library (tcolorbox): 'tcbtheorems.code.tex' version '6.9.0'
) (/usr/local/texlive/2026/texmf-dist/tex/latex/tcolorbox/tcbskins.code.tex
Library (tcolorbox): 'tcbskins.code.tex' version '6.9.0'
(/usr/local/texlive/2026/texmf-dist/tex/latex/tikzfill/tikzfill.image.sty
(/usr/local/texlive/2026/texmf-dist/tex/latex/tikzfill/tikzfill-common.sty)
(/usr/local/texlive/2026/texmf-dist/tex/latex/tikzfill/tikzlibraryfill.image.co
de.tex))
(/usr/local/texlive/2026/texmf-dist/tex/latex/tcolorbox/tcbskinsjigsaw.code.tex
Library (tcolorbox): 'tcbskinsjigsaw.code.tex' version '6.9.0'
))
(/usr/local/texlive/2026/texmf-dist/tex/latex/tcolorbox/tcbbreakable.code.tex
Library (tcolorbox): 'tcbbreakable.code.tex' version '6.9.0'
(/usr/local/texlive/2026/texmf-dist/tex/latex/pdfcol/pdfcol.sty))
(/usr/local/texlive/2026/texmf-dist/tex/latex/algorithms/algorithm.sty)
(/usr/local/texlive/2026/texmf-dist/tex/latex/algorithmicx/algpseudocode.sty
(/usr/local/texlive/2026/texmf-dist/tex/latex/algorithmicx/algorithmicx.sty
Document Style algorithmicx 1.2 - a greatly improved `algorithmic' style
)
Document Style - pseudocode environments for use with the `algorithmicx' style
) (/usr/local/texlive/2026/texmf-dist/tex/latex/cleveref/cleveref.sty)
==> First Aid for cleveref.sty applied!
(/usr/local/texlive/2026/texmf-dist/tex/latex/mdframed/mdframed.sty
(/usr/local/texlive/2026/texmf-dist/tex/latex/zref/zref-abspage.sty
(/usr/local/texlive/2026/texmf-dist/tex/latex/zref/zref-base.sty
(/usr/local/texlive/2026/texmf-dist/tex/generic/etexcmds/etexcmds.sty)
(/usr/local/texlive/2026/texmf-dist/tex/latex/auxhook/auxhook.sty)))
(/usr/local/texlive/2026/texmf-dist/tex/latex/needspace/needspace.sty)
(/usr/local/texlive/2026/texmf-dist/tex/latex/mdframed/md-frame-1.mdf))
(./math_commands.tex (/usr/local/texlive/2026/texmf-dist/tex/latex/tools/bm.sty
) (/usr/local/texlive/2026/texmf-dist/tex/latex/enumitem/enumitem.sty)
(/usr/local/texlive/2026/texmf-dist/tex/generic/soul/soul.sty
(/usr/local/texlive/2026/texmf-dist/tex/generic/soul/soul-ori.sty)))
(./theorems.tex
(/usr/local/texlive/2026/texmf-dist/tex/latex/tcolorbox/tcbhooks.code.tex
Library (tcolorbox): 'tcbhooks.code.tex' version '6.9.0'
)) (./scaffolding.tex)
(/usr/local/texlive/2026/texmf-dist/tex/latex/psnfss/pifont.sty
(/usr/local/texlive/2026/texmf-dist/tex/latex/psnfss/upzd.fd)
(/usr/local/texlive/2026/texmf-dist/tex/latex/psnfss/upsy.fd))
(/usr/local/texlive/2026/texmf-dist/tex/latex/pstricks/pstricks.sty
(/usr/local/texlive/2026/texmf-dist/tex/generic/xkeyval/pst-xkey.tex)
(/usr/local/texlive/2026/texmf-dist/tex/generic/pstricks/pstricks.tex
(/usr/local/texlive/2026/texmf-dist/tex/generic/pstricks/pst-fp.tex
`pst-fp' v0.06, 2020/11/20 (hv))
`PSTricks' v3.22A  <2025/12/13> (tvz,hv)
--- We are running latex or xelatex ---
(/usr/local/texlive/2026/texmf-dist/tex/generic/pstricks/pstricks.con)
(/usr/local/texlive/2026/texmf-dist/tex/generic/pstricks/pstricks-color.tex)
(/usr/local/texlive/2026/texmf-dist/tex/generic/pstricks/pstricks-arrows.tex)
(/usr/local/texlive/2026/texmf-dist/tex/generic/pstricks/pstricks-dots.tex)
(/usr/local/texlive/2026/texmf-dist/tex/generic/pstricks/pst-code-grid.tex)
(/usr/local/texlive/2026/texmf-dist/tex/generic/pstricks/pst-code-box.tex)
(/usr/local/texlive/2026/texmf-dist/tex/generic/pstricks/pst-code-arc.tex)
(/usr/local/texlive/2026/texmf-dist/tex/generic/pstricks/pst-code-circle_ellips
e.tex)
(/usr/local/texlive/2026/texmf-dist/tex/generic/pstricks/pst-code-ref_rot.tex)
(/usr/local/texlive/2026/texmf-dist/tex/generic/pstricks/pst-code-put.tex)
(/usr/local/texlive/2026/texmf-dist/tex/generic/pstricks/pst-code-pspicture.tex
) (/usr/local/texlive/2026/texmf-dist/tex/generic/pstricks/pstricks.con))
(/usr/local/texlive/2026/texmf-dist/tex/generic/pstricks/pst-fp.tex
`pst-fp' v0.06, 2020/11/20 (hv)))
(/usr/local/texlive/2026/texmf-dist/tex/latex/pstricks-add/pstricks-add.sty
(/usr/local/texlive/2026/texmf-dist/tex/latex/pst-plot/pst-plot.sty
(/usr/local/texlive/2026/texmf-dist/tex/latex/xkeyval/pst-xkey.sty)
(/usr/local/texlive/2026/texmf-dist/tex/latex/multido/multido.sty
(/usr/local/texlive/2026/texmf-dist/tex/generic/multido/multido.tex
 v1.42, 2010/05/14 <tvz>))
(/usr/local/texlive/2026/texmf-dist/tex/generic/pst-plot/pst-plot.tex
(/usr/local/texlive/2026/texmf-dist/tex/generic/pst-tools/pst-tools.tex
`PST-tools' v0.12, 2021/09/23 (hv))
(/usr/local/texlive/2026/texmf-dist/tex/generic/pstricks-add/pstricks-add.tex
(/usr/local/texlive/2026/texmf-dist/tex/generic/pst-node/pst-node.tex
 v1.45, 2024/07/10)
(/usr/local/texlive/2026/texmf-dist/tex/generic/pst-arrow/pst-arrow.tex
`pst-arrow' v0.05, 2021/11/16 (dr,hv))
(/usr/local/texlive/2026/texmf-dist/tex/generic/pst-3d/pst-3d.tex
`PST-3d' v1.11, 2010/02/14 (tvz))
(/usr/local/texlive/2026/texmf-dist/tex/generic/pst-math/pst-math.tex
`pst-math' v0.67 , (CJ,hv)) `pstricks-add' v3.94, 2023/04/17 (dr,hv))
 v1.94, 2022/11/21 (tvz,hv)))
(/usr/local/texlive/2026/texmf-dist/tex/latex/pst-node/pst-node.sty
(/usr/local/texlive/2026/texmf-dist/tex/generic/pst-node/pst-node.tex))
(/usr/local/texlive/2026/texmf-dist/tex/latex/pst-3d/pst-3d.sty
(/usr/local/texlive/2026/texmf-dist/tex/generic/pst-3d/pst-3d.tex))
(/usr/local/texlive/2026/texmf-dist/tex/latex/pst-math/pst-math.sty
(/usr/local/texlive/2026/texmf-dist/tex/latex/pst-calculate/pst-calculate.sty
(/usr/local/texlive/2026/texmf-dist/tex/latex/siunitx/siunitx.sty
(/usr/local/texlive/2026/texmf-dist/tex/latex/translations/translations.sty)))
(/usr/local/texlive/2026/texmf-dist/tex/generic/xstring/xstring.sty
(/usr/local/texlive/2026/texmf-dist/tex/generic/xstring/xstring.tex))
(/usr/local/texlive/2026/texmf-dist/tex/generic/pst-math/pst-math.tex))
(/usr/local/texlive/2026/texmf-dist/tex/generic/pstricks-add/pstricks-add.tex))
 (/usr/local/texlive/2026/texmf-dist/tex/latex/cjk-ko/kotex.sty
(/usr/local/texlive/2026/texmf-dist/tex/latex/kotex-utf/kotex.cfg)
(/usr/local/texlive/2026/texmf-dist/tex/latex/kotex-utf/kotexutf.sty
(/usr/local/texlive/2026/texmf-dist/tex/plain/kotex-plain/kotexutf-core.tex)
(/usr/local/texlive/2026/texmf-dist/tex/latex/kotex-utf/lucenc.dfu)
(/usr/local/texlive/2026/texmf-dist/tex/latex/cjk-ko/kolabels-utf.sty)))
First name missing
First name missing
First name missing
First name missing
First name missing

Package biblatex Warning: Load 'inputenc' before biblatex.


Package csquotes Warning: Load 'inputenc' before 'csquotes' on input line 423.

(build/main_v2.aux)
(/usr/local/texlive/2026/texmf-dist/tex/latex/nanumtype1/lucnanummj.fd)
(/usr/local/texlive/2026/texmf-dist/tex/context/base/mkii/supp-pdf.mkii
[Loading MPS to PDF converter (version 2006.09.02).]
) (/usr/local/texlive/2026/texmf-dist/tex/latex/epstopdf-pkg/epstopdf-base.sty
(/usr/local/texlive/2026/texmf-dist/tex/latex/latexconfig/epstopdf-sys.cfg))
(/usr/local/texlive/2026/texmf-dist/tex/latex/pdflscape/pdflscape.sty
(/usr/local/texlive/2026/texmf-dist/tex/latex/pdflscape/pdflscape-nometadata.st
y (/usr/local/texlive/2026/texmf-dist/tex/latex/graphics/lscape.sty)))

Package microtype Warning: Command \pickup@font is not defined as expected.
(microtype)                Patching it anyway. Some things may break.
(microtype)                Double-check whether micro-typography is indeed
(microtype)                applied to the document.
(microtype)                (Hint: Turn on `verbose' mode).

(/usr/local/texlive/2026/texmf-dist/tex/latex/microtype/mt-cmr.cfg)
(/usr/local/texlive/2026/texmf-dist/tex/latex/biblatex/lbx/english.lbx)
(./main_v2.bbl)
*geometry* driver: auto-detecting
*geometry* detected driver: pdftex

(/usr/local/texlive/2026/texmf-dist/tex/latex/translations/translations-basic-d
ictionary-english.trsl)
(/usr/local/texlive/2026/texmf-dist/tex/latex/lm/t1lmss.fd)
(/usr/local/texlive/2026/texmf-dist/tex/latex/lm/ot1lmr.fd)
(/usr/local/texlive/2026/texmf-dist/tex/latex/lm/omllmm.fd)
(/usr/local/texlive/2026/texmf-dist/tex/latex/lm/omslmsy.fd)
(/usr/local/texlive/2026/texmf-dist/tex/latex/lm/omxlmex.fd)
(/usr/local/texlive/2026/texmf-dist/tex/latex/jknapltx/ursfs.fd)
(/usr/local/texlive/2026/texmf-dist/tex/latex/stmaryrd/Ustmry.fd)
(/usr/local/texlive/2026/texmf-dist/tex/latex/amsfonts/umsa.fd)
(/usr/local/texlive/2026/texmf-dist/tex/latex/microtype/mt-msa.cfg)
(/usr/local/texlive/2026/texmf-dist/tex/latex/amsfonts/umsb.fd)
(/usr/local/texlive/2026/texmf-dist/tex/latex/microtype/mt-msb.cfg)

LaTeX Font Warning: Font shape `U/stmry/b/n' undefined
(Font)              using `U/stmry/m/n' instead on input line 423.


LaTeX Font Warning: Font shape `U/rsfs/m/n' in size <13> not available
(Font)              size <12> substituted on input line 423.


LaTeX Font Warning: Font shape `U/rsfs/m/n' in size <6.5> not available
(Font)              size <6> substituted on input line 423.


LaTeX Font Warning: Font shape `U/stmry/m/n' in size <13> not available
(Font)              size <12> substituted on input line 423.


LaTeX Font Warning: Font shape `U/stmry/m/n' in size <6.5> not available
(Font)              size <6> substituted on input line 423.


LaTeX Font Warning: Font shape `U/stmry/b/n' in size <13> not available
(Font)              size <12> substituted on input line 423.


LaTeX Font Warning: Font shape `U/stmry/b/n' in size <6.5> not available
(Font)              size <6> substituted on input line 423.

[1
Non-PDF special ignored!
<special> header=pstricks.pro
Non-PDF special ignored!
<special> header=pst-algparser.pro
Non-PDF special ignored!
<special> header=pst-tools.pro
Non-PDF special ignored!
<special> header=pst-dots.pro
Non-PDF special ignored!
<special> header=pst-node.pro
Non-PDF special ignored!
<special> header=pst-3d.pro
Non-PDF special ignored!
<special> header=pst-math.pro
Non-PDF special ignored!
<special> header=pstricks-add.pro
Non-PDF special ignored!
<special> ps: /pssetRGBcolor /setrgbcolor load def /pssetCMYKcolor /setcmyk...
Non-PDF special ignored!
<special> ps:tx@Dict begin  gsave STV CP T /ps@rot 0 def grestore  end
Non-PDF special ignored!
<special> ps:tx@Dict begin  gsave STV CP T /ps@refangle 0.  def grestore  e...
Non-PDF special ignored!
<special> ps:tx@Dict begin  gsave STV CP T /ps@rot 0 def grestore  end
{/usr/local/texlive/2026/texmf-var/fonts/map/pdftex/updmap/pdftex.map}{/usr/loc
al/texlive/2026/texmf-dist/fonts/enc/dvips/lm/lm-ec.enc}]
No file main_v2.toc.
[2] (./fnfix.tex) (/usr/local/texlive/2026/texmf-dist/tex/latex/lm/ts1lmr.fd)
[1{/usr/local/texlive/2026/texmf-dist/fonts/enc/dvips/lm/lm-ts1.enc}] [2]

LaTeX Warning: Reference `ch:ot-eot' on page 1 undefined on input line 451.

(./Preface.tex [3] [4]

LaTeX Warning: Reference `ch:overview-dgm' on page 1 undefined on input line 34
.


LaTeX Warning: Reference `sec:vae' on page 1 undefined on input line 34.


LaTeX Warning: Reference `sec:ebm' on page 1 undefined on input line 34.


LaTeX Warning: Reference `sec:flow-based-method' on page 1 undefined on input l
ine 34.


LaTeX Warning: Citation 'gibbs1902elementary' on page 5 undefined on input line
 50.


LaTeX Warning: Citation 'langevin1908brownian' on page 5 undefined on input lin
e 50.


LaTeX Warning: Citation 'fokker1914mittlere' on page 5 undefined on input line 
50.


LaTeX Warning: Citation 'planck1917satz' on page 5 undefined on input line 50.


LaTeX Warning: Citation 'kolmogorov1931' on page 5 undefined on input line 50.


LaTeX Warning: Reference `fig:part-b-roadmap' on page 1 undefined on input line
 50.


LaTeX Warning: Reference `ch:overview-dgm' on page 1 undefined on input line 53
.

[5]

LaTeX Warning: Reference `fig:ill-forward-reverse' on page 1 undefined on input
 line 75.

[6 <./Images/PartA/diffusion_forward_vs_reverse.pdf>]

LaTeX Warning: Reference `ch:variational' on page 1 undefined on input line 77.



Overfull \hbox (27.17937pt too wide) in paragraph at lines 77--78
[]\T1/lmss/bx/n/10.95 (-20) Variational View \T1/lmr/m/n/10.95 (-20) ([]): Orig
-i-nat-ing from Vari-a-tional Au-toen-coders (VAEs) ([]Kingma

LaTeX Warning: Reference `ch:score-based' on page 1 undefined on input line 78.



LaTeX Warning: Reference `ch:score-sde' on page 1 undefined on input line 78.


LaTeX Warning: Reference `ch:flow-based' on page 1 undefined on input line 79.


LaTeX Warning: Reference `ch:variational' on page 1 undefined on input line 148
.


LaTeX Warning: Reference `ch:score-sde' on page 1 undefined on input line 148.


LaTeX Warning: Reference `ch:score-based' on page 1 undefined on input line 148
.


LaTeX Warning: Reference `ch:flow-based' on page 1 undefined on input line 148.



LaTeX Warning: Reference `ch:variational' on page 1 undefined on input line 148
.


LaTeX Warning: Reference `ch:score-sde' on page 1 undefined on input line 148.


LaTeX Warning: Reference `ch:score-based' on page 1 undefined on input line 148
.


LaTeX Warning: Reference `ch:flow-based' on page 1 undefined on input line 148.



LaTeX Warning: Reference `ch:all-equivalent' on page 1 undefined on input line 
152.

[7{/usr/local/texlive/2026/texmf-dist/fonts/enc/dvips/lm/lm-mathsy.enc}]

LaTeX Warning: Reference `ch:ot-eot' on page 1 undefined on input line 157.


LaTeX Warning: Reference `ch:overview-dgm' on page 8 undefined on input line 1.



LaTeX Warning: Reference `ch:variational' on page 8 undefined on input line 1.


LaTeX Warning: Reference `ch:score-based' on page 8 undefined on input line 1.


LaTeX Warning: Reference `ch:flow-based' on page 8 undefined on input line 1.


LaTeX Warning: Reference `ch:score-sde' on page 8 undefined on input line 219.


LaTeX Warning: Reference `ch:all-equivalent' on page 8 undefined on input line 
1.


LaTeX Warning: Reference `ch:guidance' on page 1 undefined on input line 239.


Overfull \hbox (1.0845pt too wide) in paragraph at lines 239--240
[]\T1/lmss/bx/n/10.95 (-20) Steering Gen-er-a-tion \T1/lmr/m/n/10.95 (-20) ([])
\T1/lmss/bx/n/10.95 (-20) : \T1/lmr/m/n/10.95 (-20) Tech-niques such as clas-si
-fier guid-ance and classifier-

LaTeX Warning: Reference `ch:solvers' on page 1 undefined on input line 240.

[8]
Underfull \vbox (badness 10000) has occurred while \output is active [9]

LaTeX Warning: Reference `ch:distillation' on page 1 undefined on input line 24
4.


LaTeX Warning: Reference `ch:fast-scratch' on page 1 undefined on input line 24
5.


LaTeX Warning: Reference `ch:epilogue' on page 1 undefined on input line 252.


LaTeX Warning: Reference `app:de' on page 1 undefined on input line 258.


LaTeX Warning: Reference `app:continuity' on page 1 undefined on input line 261
.


LaTeX Warning: Reference `app:Ito' on page 1 undefined on input line 262.


LaTeX Warning: Reference `app:proof' on page 1 undefined on input line 263.

[10]) (./notations.tex [11]
Underfull \vbox (badness 10000) has occurred while \output is active [12{/usr/l
ocal/texlive/2026/texmf-dist/fonts/enc/dvips/lm/lm-mathit.enc}{/usr/local/texli
ve/2026/texmf-dist/fonts/enc/dvips/lm/lm-rm.enc}]
Overfull \hbox (23.66492pt too wide) in paragraph at lines 86--86
[]$\U/msb/m/n/10.95 E[]\OT1/lmr/bx/n/10.95 (-20) f\OT1/lmr/m/n/10.95 (-20) (\OT
1/lmr/bx/n/10.95 (-20) x\OT1/lmr/m/n/10.95 (-20) ) \OMS/lmsy/m/n/10.95 j \OT1/l
mr/bx/n/10.95 (-20) z[]$\T1/lmr/m/n/10.95 (-20) ,  

Overfull \hbox (42.28333pt too wide) in paragraph at lines 86--86
\U/msb/m/n/10.95 E[][]\OT1/lmr/bx/n/10.95 (-20) f\OT1/lmr/m/n/10.95 (-20) (\OT1
/lmr/bx/n/10.95 (-20) x\OT1/lmr/m/n/10.95 (-20) )[]$  

Underfull \vbox (badness 1603) has occurred while \output is active [13{/usr/lo
cal/texlive/2026/texmf-dist/fonts/enc/dvips/lm/lm-mathex.enc}]) [14] [15]
(./Prologue-Deep-Generative-Modeling.tex
Chapter 1.

LaTeX Warning: Reference `sec:formulation-dgm' on page 1 undefined on input lin
e 17.


LaTeX Warning: Reference `sec:examples-dgm' on page 1 undefined on input line 1
7.


LaTeX Warning: Reference `sec:taxonomy' on page 1 undefined on input line 17.

[16] [17] [18 <./Images/PartB/dgm-learning.pdf>] [19]

LaTeX Warning: Reference `ch:score-based' on page 1 undefined on input line 378
.


LaTeX Warning: Reference `eq:sm' on page 1 undefined on input line 391.


LaTeX Warning: Reference `eq:ebm-sm' on page 1 undefined on input line 391.


Overfull \hbox (1.45654pt too wide) in paragraph at lines 385--394
\T1/lmr/m/n/10.95 (-20) It mea-sures the dis-crep-ancy be-tween the \T1/lmr/m/i
t/10.95 (-20) score func-tions $\OMS/lmsy/m/n/10.95 r[] [] \OML/lmm/m/it/10.95 
p\OT1/lmr/m/n/10.95 (-20) (\OT1/lmr/bx/n/10.95 (-20) x\OT1/lmr/m/n/10.95 (-20) 
)$ \T1/lmr/m/n/10.95 (-20) and $\OMS/lmsy/m/n/10.95 r[] [] \OML/lmm/m/it/10.95 
q\OT1/lmr/m/n/10.95 (-20) (\OT1/lmr/bx/n/10.95 (-20) x\OT1/lmr/m/n/10.95 (-20) 
)$\T1/lmr/m/n/10.95 (-20) ,
[20]

LaTeX Warning: Reference `ch:ot-eot' on page 1 undefined on input line 427.


LaTeX Warning: Reference `eq: Monge's Formulation' on page 1 undefined on input
 line 427.

[21] [22]

LaTeX Warning: Float too large for page by 23.41594pt on input line 681.


LaTeX Warning: Reference `fig:ebm-ar-vae-nf-gan-dm-unified' on page 1 undefined
 on input line 692.

[23] [24] [25] [26]

LaTeX Warning: Reference `tb:comparison-explicit-implicit' on page 1 undefined 
on input line 1112.


LaTeX Warning: Reference `sec:vae' on page 1 undefined on input line 1152.


LaTeX Warning: Reference `sec:ebm' on page 1 undefined on input line 1152.


LaTeX Warning: Reference `sec:flow-based-method' on page 1 undefined on input l
ine 1152.

[27]

LaTeX Warning: Reference `ch:variational' on page 1 undefined on input line 118
1.


LaTeX Warning: Reference `ch:score-based' on page 1 undefined on input line 118
2.


LaTeX Warning: Reference `ch:score-sde' on page 1 undefined on input line 1182.



LaTeX Warning: Reference `ch:flow-based' on page 1 undefined on input line 1183
.

) [28] [29] [30] (./Part-B-diagram.tex

LaTeX Warning: Reference `ch:overview-dgm' on page 31 undefined on input line 1
.


LaTeX Warning: Reference `ch:variational' on page 31 undefined on input line 1.



LaTeX Warning: Reference `ch:score-based' on page 31 undefined on input line 1.



LaTeX Warning: Reference `ch:flow-based' on page 31 undefined on input line 1.


LaTeX Warning: Reference `ch:score-sde' on page 31 undefined on input line 60.


LaTeX Warning: Reference `ch:all-equivalent' on page 31 undefined on input line
 1.

) (./Chapter-0-Diffusion-High-Level.tex [31]

LaTeX Warning: Reference `sec:ddpm' on page 1 undefined on input line 44.


LaTeX Warning: Reference `ch:score-sde' on page 1 undefined on input line 44.

[32] [33 <./Images/PartA/intro_forward.pdf>] [34]

LaTeX Warning: Reference `sec:revisit-ddim' on page 1 undefined on input line 2
62.


LaTeX Warning: Reference `sec:ddpm' on page 1 undefined on input line 262.

[35 <./Images/PartA/intro-diffusion-reverse.pdf>]

LaTeX Warning: Reference `ch:variational' on page 1 undefined on input line 307
.


LaTeX Warning: Reference `ch:score-based' on page 1 undefined on input line 310
.


LaTeX Warning: Reference `ch:score-sde' on page 1 undefined on input line 312.


LaTeX Warning: Reference `ch:flow-based' on page 1 undefined on input line 314.



LaTeX Warning: Reference `ch:all-equivalent' on page 1 undefined on input line 
316.

) (./Chapter-1-Varational-Perspective-From-VAE-to-DDPM.tex [36]
Chapter 2.

LaTeX Warning: Reference `sec:vae' on page 1 undefined on input line 16.


LaTeX Warning: Reference `sec:ddpm' on page 1 undefined on input line 16.


Underfull \vbox (badness 1874) has occurred while \output is active [37]
[38]

LaTeX Warning: Reference `subsec:optimization-vae' on page 1 undefined on input
 line 118.

[39]

LaTeX Warning: Reference `eq:MLE' on page 1 undefined on input line 131.

[40]

LaTeX Warning: Reference `subsec:optimization-vae' on page 1 undefined on input
 line 201.

[41]

LaTeX Warning: Reference `eq:joint-bound' on page 1 undefined on input line 273
.

[42] [43] [44]

LaTeX Warning: Reference `eq:vae-elbo' on page 1 undefined on input line 481.

[45]

LaTeX Warning: Reference `sec:SMLD' on page 1 undefined on input line 508.


LaTeX Warning: Reference `sec:flow-based-method' on page 1 undefined on input l
ine 508.

[46] [47]

LaTeX Warning: Reference `sec:ddpm' on page 1 undefined on input line 582.

[48]

LaTeX Warning: Reference `sec:variational-perspective' on page 1 undefined on i
nput line 706.


LaTeX Warning: Reference `fig:vdm-grap' on page 1 undefined on input line 710.


LaTeX Warning: Reference `fig:vdm-forward' on page 1 undefined on input line 71
0.

[49] [50 <./Images/PartB/vdm-forward.pdf>]

LaTeX Warning: Reference `fig:ddpm-sampling-formal-rev' on page 1 undefined on 
input line 770.


LaTeX Warning: Reference `subsec:ddpm-elbo' on page 1 undefined on input line 7
90.

[51 <./Images/PartB/vdm-backward.pdf>]

LaTeX Warning: Reference `thm:equiv-marginal-kl' on page 52 undefined on input 
line 831.


LaTeX Warning: Reference `thm:equiv-marginal-kl' on page 52 undefined on input 
line 831.

[52 <./Images/PartB/ddpm_conditional_trick.pdf>]

LaTeX Warning: Reference `eq:ddpm-reverse-mean' on page 1 undefined on input li
ne 841.


LaTeX Warning: Reference `fig:conditional-trick' on page 1 undefined on input l
ine 841.


LaTeX Warning: Reference `eq:marginal-kl-matching' on page 1 undefined on input
 line 841.


LaTeX Warning: Reference `eq:kl-matching' on page 1 undefined on input line 861
.


LaTeX Warning: Reference `subsec:proof-equiv-marginal-kl' on page 1 undefined o
n input line 861.


LaTeX Warning: Reference `ch:score-based' on page 1 undefined on input line 864
.


LaTeX Warning: Reference `ch:flow-based' on page 1 undefined on input line 864.



Underfull \vbox (badness 10000) has occurred while \output is active [53]

LaTeX Warning: Reference `reverse-kernel' on page 54 undefined on input line 88
0.


LaTeX Warning: Reference `eq:ddpm-forward' on page 1 undefined on input line 88
0.


LaTeX Warning: Reference `thm:equiv-marginal-kl' on page 54 undefined on input 
line 883.


LaTeX Warning: Reference `ddpm-reverse-kernel' on page 54 undefined on input li
ne 883.


LaTeX Warning: Reference `eq:ddpm-reverse-mean' on page 1 undefined on input li
ne 887.


LaTeX Warning: Reference `eq:def-reverse' on page 1 undefined on input line 893
.


LaTeX Warning: Reference `eq:ddpm-forward' on page 1 undefined on input line 91
2.

[54]

LaTeX Warning: Reference `eq:ddpm-mean-loss' on page 1 undefined on input line 
925.


LaTeX Warning: Reference `eq:ddpm-reverse-mean' on page 1 undefined on input li
ne 931.


LaTeX Warning: Reference `eq:ddpm-simple-loss' on page 1 undefined on input lin
e 951.

[55]

LaTeX Warning: Reference `eq:ddpm-simple-loss' on page 1 undefined on input lin
e 954.


LaTeX Warning: Reference `dsm-minimizer' on page 56 undefined on input line 954
.


LaTeX Warning: Reference `equi-para' on page 56 undefined on input line 954.


LaTeX Warning: Reference `eq:ddpm-reverse-mean' on page 1 undefined on input li
ne 967.


LaTeX Warning: Reference `eq:ddpm-mean-loss' on page 1 undefined on input line 
975.


LaTeX Warning: Reference `dsm-minimizer' on page 56 undefined on input line 979
.


LaTeX Warning: Reference `equi-para' on page 56 undefined on input line 979.

[56]

LaTeX Warning: Reference `eq:def-reverse' on page 1 undefined on input line 994
.


LaTeX Warning: Reference `eq:ddpm-diffusion' on page 1 undefined on input line 
1003.


LaTeX Warning: Reference `eq:MLE' on page 1 undefined on input line 1003.


LaTeX Warning: Reference `sec:vae' on page 1 undefined on input line 1003.


LaTeX Warning: Reference `eq:hvae-elbo' on page 1 undefined on input line 1017.



LaTeX Warning: Reference `app:vlb-proof' on page 1 undefined on input line 1017
.

[57]

LaTeX Warning: Reference `eq:ddpm-diffusion' on page 1 undefined on input line 
1022.


LaTeX Warning: Reference `eq:joint-bound' on page 1 undefined on input line 102
5.


LaTeX Warning: Reference `eq:ddpm-elbo' on page 1 undefined on input line 1042.



LaTeX Warning: Reference `fig:ddpm-sampling-formal-rev' on page 1 undefined on 
input line 1049.


LaTeX Warning: Reference `eq:ddpm-clean-noise' on page 1 undefined on input lin
e 1108.

[58]

LaTeX Warning: Reference `eq:ddpm-sampling' on page 1 undefined on input line 1
118.


LaTeX Warning: Reference `eq:ddpm-first-try' on page 1 undefined on input line 
1147.


LaTeX Warning: Reference `sec:revisit-ddim' on page 1 undefined on input line 1
153.


LaTeX Warning: Reference `eq:ddpm-renoise' on page 1 undefined on input line 11
55.


LaTeX Warning: Reference `eq:ddpm-renoise' on page 1 undefined on input line 11
72.


LaTeX Warning: Reference `eq:ddpm-clean-minimizer' on page 1 undefined on input
 line 1180.

[59]

LaTeX Warning: Reference `thm:equiv-marginal-kl' on page 60 undefined on input 
line 1204.

[60 <./Images/PartB/diffusion-clean.pdf>]

LaTeX Warning: Reference `ch:score-sde' on page 1 undefined on input line 1210.


[61]) (./Chapter-2-Score-Based-Perspective-From-EBMs-to-NCSN.tex [62]
Chapter 3.

LaTeX Warning: Reference `sec:ebm' on page 1 undefined on input line 16.


LaTeX Warning: Reference `subsec:training-sm' on page 1 undefined on input line
 16.


Underfull \vbox (badness 4886) has occurred while \output is active [63]
[64]

LaTeX Warning: Reference `eq:MLE' on page 1 undefined on input line 52.

[65 <./Images/PartB/ebm-graph.pdf>]

LaTeX Warning: Reference `subsec:motivation-score' on page 1 undefined on input
 line 66.


LaTeX Warning: Reference `subsec:training-ebm' on page 1 undefined on input lin
e 66.


LaTeX Warning: Reference `subsec:sampling-ebm' on page 1 undefined on input lin
e 66.


LaTeX Warning: Reference `fig:score-function' on page 1 undefined on input line
 244.

[66]

LaTeX Warning: Reference `eq:score-compute' on page 1 undefined on input line 2
82.


LaTeX Warning: Reference `sm-trace' on page 67 undefined on input line 293.

[67 <./Images/PartB/score_function_plot.pdf>]

LaTeX Warning: Reference `eq:discrete-langevin-score' on page 1 undefined on in
put line 320.


LaTeX Warning: Reference `eq:discrete-langevin-score' on page 1 undefined on in
put line 320.


Underfull \vbox (badness 1810) has occurred while \output is active [68 <./Imag
es/PartB/langevin_sampling.png>]

LaTeX Warning: Reference `app:continuity' on page 1 undefined on input line 350
.


LaTeX Warning: Reference `app:de' on page 1 undefined on input line 359.


LaTeX Warning: Reference `eq:discrete-langevin' on page 1 undefined on input li
ne 359.


LaTeX Warning: Reference `eq:continuous-langevin' on page 1 undefined on input 
line 363.

[69] [70]

LaTeX Warning: Reference `fig:sm-illustration' on page 1 undefined on input lin
e 490.


Package mdframed Warning: You got a bad break
(mdframed)                because the last box will be empty
(mdframed)                you have to change it manually
(mdframed)                by changing the text, the space
(mdframed)                or something else on input line 501.


Overfull \vbox (16.57092pt too high) detected at line 501

Overfull \vbox (17.57092pt too high) detected at line 501

Overfull \vbox (18.57092pt too high) detected at line 501

Overfull \vbox (19.57092pt too high) detected at line 501

Overfull \vbox (20.57092pt too high) detected at line 501

Overfull \vbox (21.57092pt too high) detected at line 501

Overfull \vbox (22.57092pt too high) detected at line 501

Overfull \vbox (23.57092pt too high) detected at line 501

Overfull \vbox (24.57092pt too high) detected at line 501

Overfull \vbox (25.57092pt too high) detected at line 501

Overfull \vbox (26.57092pt too high) detected at line 501

Overfull \vbox (27.57092pt too high) detected at line 501

Overfull \vbox (28.57092pt too high) detected at line 501

Overfull \vbox (29.57092pt too high) detected at line 501

Overfull \vbox (30.57092pt too high) detected at line 501

Overfull \vbox (31.57092pt too high) detected at line 501

Overfull \vbox (32.57092pt too high) detected at line 501

Overfull \vbox (33.57092pt too high) detected at line 501

Overfull \vbox (34.57092pt too high) detected at line 501

Overfull \vbox (35.57092pt too high) detected at line 501

Overfull \vbox (36.57092pt too high) detected at line 501

Overfull \vbox (37.57092pt too high) detected at line 501

Overfull \vbox (38.57092pt too high) detected at line 501

Overfull \vbox (39.57092pt too high) detected at line 501

Overfull \vbox (40.57092pt too high) detected at line 501

Overfull \vbox (41.57092pt too high) detected at line 501

Overfull \vbox (42.57092pt too high) detected at line 501

Overfull \vbox (43.57092pt too high) detected at line 501

Overfull \vbox (44.57092pt too high) detected at line 501

Overfull \vbox (45.57092pt too high) detected at line 501

Overfull \vbox (46.57092pt too high) detected at line 501

Overfull \vbox (47.57092pt too high) detected at line 501

Overfull \vbox (48.57092pt too high) detected at line 501

Overfull \vbox (49.57092pt too high) detected at line 501

Overfull \vbox (50.57092pt too high) detected at line 501

Overfull \vbox (51.57092pt too high) detected at line 501

Overfull \vbox (52.57092pt too high) detected at line 501

Overfull \vbox (53.57092pt too high) detected at line 501

Overfull \vbox (54.57092pt too high) detected at line 501

Overfull \vbox (55.57092pt too high) detected at line 501

Overfull \vbox (56.57092pt too high) detected at line 501

Overfull \vbox (57.57092pt too high) detected at line 501

Overfull \vbox (58.57092pt too high) detected at line 501

Overfull \vbox (59.57092pt too high) detected at line 501

Overfull \vbox (60.57092pt too high) detected at line 501

Overfull \vbox (61.57092pt too high) detected at line 501

Overfull \vbox (62.57092pt too high) detected at line 501

Overfull \vbox (63.57092pt too high) detected at line 501

Overfull \vbox (64.57092pt too high) detected at line 501

Overfull \vbox (65.57092pt too high) detected at line 501

Overfull \vbox (66.57092pt too high) detected at line 501

Overfull \vbox (67.57092pt too high) detected at line 501

Overfull \vbox (68.57092pt too high) detected at line 501

Overfull \vbox (69.57092pt too high) detected at line 501

Overfull \vbox (70.57092pt too high) detected at line 501

Overfull \vbox (71.57092pt too high) detected at line 501

Overfull \vbox (72.57092pt too high) detected at line 501

Overfull \vbox (73.57092pt too high) detected at line 501

Overfull \vbox (74.57092pt too high) detected at line 501

Overfull \vbox (75.57092pt too high) detected at line 501

Overfull \vbox (76.57092pt too high) detected at line 501

Overfull \vbox (77.57092pt too high) detected at line 501

Overfull \vbox (78.57092pt too high) detected at line 501

Overfull \vbox (79.57092pt too high) detected at line 501

Overfull \vbox (80.57092pt too high) detected at line 501

Overfull \vbox (81.57092pt too high) detected at line 501

Overfull \vbox (82.57092pt too high) detected at line 501

Overfull \vbox (83.57092pt too high) detected at line 501

Overfull \vbox (84.57092pt too high) detected at line 501

Overfull \vbox (85.57092pt too high) detected at line 501

Overfull \vbox (86.57092pt too high) detected at line 501

Overfull \vbox (87.57092pt too high) detected at line 501

Overfull \vbox (88.57092pt too high) detected at line 501

Overfull \vbox (89.57092pt too high) detected at line 501

Overfull \vbox (90.57092pt too high) detected at line 501

Overfull \vbox (91.57092pt too high) detected at line 501

Overfull \vbox (92.57092pt too high) detected at line 501

Overfull \vbox (93.57092pt too high) detected at line 501

Overfull \vbox (94.57092pt too high) detected at line 501

Overfull \vbox (95.57092pt too high) detected at line 501

Overfull \vbox (96.57092pt too high) detected at line 501

Overfull \vbox (97.57092pt too high) detected at line 501

Overfull \vbox (98.57092pt too high) detected at line 501

Overfull \vbox (99.57092pt too high) detected at line 501

Overfull \vbox (100.57092pt too high) detected at line 501

Overfull \vbox (101.57092pt too high) detected at line 501

Overfull \vbox (102.57092pt too high) detected at line 501

Overfull \vbox (103.57092pt too high) detected at line 501

Overfull \vbox (104.57092pt too high) detected at line 501

Overfull \vbox (105.57092pt too high) detected at line 501

Overfull \vbox (106.57092pt too high) detected at line 501

Overfull \vbox (107.57092pt too high) detected at line 501

Overfull \vbox (108.57092pt too high) detected at line 501

Overfull \vbox (109.57092pt too high) detected at line 501

Overfull \vbox (110.57092pt too high) detected at line 501

Overfull \vbox (111.57092pt too high) detected at line 501

Overfull \vbox (112.57092pt too high) detected at line 501

Overfull \vbox (113.57092pt too high) detected at line 501

Overfull \vbox (114.57092pt too high) detected at line 501

Overfull \vbox (115.57092pt too high) detected at line 501

Overfull \vbox (116.57092pt too high) detected at line 501

Overfull \vbox (117.57092pt too high) detected at line 501

Package mdframed Warning: correct box splittet fails
 It seems you are using a non splittable contents
(mdframed)                 on input line 501.

[71 <./Images/PartB/score_function_approximation.pdf>]

LaTeX Warning: Reference `mdf@pagelabel-1' on page 72 undefined on input line 5
01.


LaTeX Warning: Reference `app-sec:sm-trace' on page 1 undefined on input line 5
24.


LaTeX Warning: Reference `eq:sm-alternative' on page 1 undefined on input line 
526.


LaTeX Warning: Reference `eq:sm-alternative' on page 1 undefined on input line 
529.

[72]

LaTeX Warning: Reference `eq:sm-alternative' on page 1 undefined on input line 
587.


LaTeX Warning: Reference `eq:continuous-langevin' on page 1 undefined on input 
line 591.

[73] [74]

LaTeX Warning: Reference `eq:sm-alternative' on page 1 undefined on input line 
611.


LaTeX Warning: Reference `eq:sm' on page 1 undefined on input line 650.

[75]

LaTeX Warning: Reference `mdf@pagelabel-2' on page 76 undefined on input line 6
71.


LaTeX Warning: Reference `eq:dsm-loss' on page 1 undefined on input line 673.


LaTeX Warning: Reference `eq:sm-noise-loss' on page 1 undefined on input line 6
77.


LaTeX Warning: Reference `eq:gaussian-dsm' on page 1 undefined on input line 68
3.

[76]

LaTeX Warning: Reference `dsm-minimizer' on page 77 undefined on input line 703
.


LaTeX Warning: Reference `app-sec:sm-dsm' on page 1 undefined on input line 703
.


LaTeX Warning: Reference `thm:equiv-marginal-kl' on page 77 undefined on input 
line 705.


LaTeX Warning: Reference `thm:equiv-marginal-kl' on page 77 undefined on input 
line 706.


LaTeX Warning: Reference `sec:flow-matching-framework' on page 1 undefined on i
nput line 706.

[77 <./Images/PartB/dsm-graph.pdf>]

LaTeX Warning: Reference `mdf@pagelabel-3' on page 78 undefined on input line 7
38.


LaTeX Warning: Reference `sec:SMLD' on page 1 undefined on input line 756.


LaTeX Warning: Reference `subsec:why-dsm-denoising-sure' on page 1 undefined on
 input line 762.


LaTeX Warning: Reference `subsec:why-dsm-denoising-tweedie' on page 1 undefined
 on input line 762.

[78]

LaTeX Warning: Reference `eq:sm' on page 1 undefined on input line 779.


LaTeX Warning: Reference `eq:gaussian-dsm' on page 1 undefined on input line 77
9.


LaTeX Warning: Reference `app-sec:tweedie' on page 1 undefined on input line 81
0.

[79] [80]

LaTeX Warning: Reference `app-sec:stein-identity' on page 1 undefined on input 
line 907.

[81]
Overfull \hbox (13.39633pt too wide) in paragraph at lines 935--936
[] []\T1/lmss/bx/n/10.95 (-20) Link to Tweedie's For-mula and Bayes Op-ti-mal-i
ty.[] \T1/lmr/m/n/10.95 (-20) Let $\OML/lmm/m/it/10.95 p[]\OT1/lmr/m/n/10.95 (-
20) ([]) = []\OML/lmm/m/it/10.95 p[] \OMS/lmsy/m/n/10.95 ^^C N\OT1/lmr/m/n/10.9
5 (-20) (\OT1/lmr/bx/n/10.95 (-20) 0\OML/lmm/m/it/10.95 ; ^^[[]\OT1/lmr/bx/n/10
.95 (-20) I\OT1/lmr/m/n/10.95 (-20) )[]([])$

Overfull \hbox (12.46419pt too wide) in paragraph at lines 943--947
\T1/lmr/m/n/10.95 (-20) Hence min-i-miz-ing the ex-pected SURE equals min-i-miz
-ing the Bayes risk $\U/msb/m/n/10.95 E[][]\OMS/lmsy/m/n/10.95 k\OT1/lmr/bx/n/1
0.95 (-20) D\OT1/lmr/m/n/10.95 (-20) ([]) \OMS/lmsy/m/n/10.95 ^^@

LaTeX Warning: Reference `subsec:why-dsm-denoising-tweedie' on page 1 undefined
 on input line 952.


LaTeX Warning: Reference `eq:sure-tweedie-denoiser' on page 1 undefined on inpu
t line 961.


LaTeX Warning: Reference `eq:sure-obj' on page 1 undefined on input line 967.

[82]

LaTeX Warning: Reference `eq:sm-alternative' on page 1 undefined on input line 
977.


LaTeX Warning: Reference `eq:sure-tweedie-denoiser' on page 1 undefined on inpu
t line 978.


LaTeX Warning: Reference `eq:fisher' on page 1 undefined on input line 1015.

[83]

LaTeX Warning: Reference `eq:sm-alternative' on page 1 undefined on input line 
1044.


LaTeX Warning: Reference `eq:tweedie' on page 1 undefined on input line 1081.

[84] [85]

LaTeX Warning: Reference `fig:sm-illustration' on page 1 undefined on input lin
e 1110.


LaTeX Warning: Reference `fig:sm-illustration' on page 1 undefined on input lin
e 1110.

[86 <./Images/PartB/score_function_acc.pdf>] [87 <./Images/PartB/ncsn-graph.pdf
>]

LaTeX Warning: Reference `thm:sm-dsm' on page 88 undefined on input line 1167.


LaTeX Warning: Reference `eq:ddpm-simple-loss' on page 1 undefined on input lin
e 1177.


LaTeX Warning: Reference `ch:all-equivalent' on page 1 undefined on input line 
1204.

[88]

LaTeX Warning: Reference `alg:smld' on page 1 undefined on input line 1284.

[89] [90]

LaTeX Warning: Reference `fig:smld-ddpm-graphical-model' on page 1 undefined on
 input line 1316.


LaTeX Warning: Reference `tb:comparison-smld-ddpm' on page 1 undefined on input
 line 1316.


LaTeX Warning: Reference `ch:solvers' on page 1 undefined on input line 1355.


LaTeX Warning: Reference `ch:distillation' on page 1 undefined on input line 13
55.


LaTeX Warning: Reference `ch:fast-scratch' on page 1 undefined on input line 13
55.

[91]) (./Chapter-3-Diffusion-Models-Today-Score-SDE-Framework.tex [92]
Chapter 4.
[93]

LaTeX Warning: Reference `app:de' on page 1 undefined on input line 64.

[94]

LaTeX Warning: Reference `fig:time-dependent-score' on page 1 undefined on inpu
t line 200.


LaTeX Warning: Reference `sec:ddpm' on page 1 undefined on input line 219.


LaTeX Warning: Reference `ch:variational' on page 95 undefined on input line 21
9.

[95 <./Images/PartB/score_landscape_2d.pdf>]

LaTeX Warning: Reference `eq:transition-forward-f-g' on page 1 undefined on inp
ut line 260.

[96]

LaTeX Warning: Reference `app:sde-intro' on page 1 undefined on input line 276.



LaTeX Warning: Reference `app:Ito' on page 1 undefined on input line 276.

[97 <./Images/PartB/sde-forward-noise.pdf>]

LaTeX Warning: Reference `sec:scoresde-training-sampling' on page 1 undefined o
n input line 285.


LaTeX Warning: Reference `subsec:forward-sde' on page 1 undefined on input line
 285.


LaTeX Warning: Reference `subsec:reverse-sde' on page 1 undefined on input line
 285.


Overfull \hbox (11.15501pt too wide) in paragraph at lines 300--302
[]\T1/lmr/m/n/10.95 (-20) With this for-mu-la-tion, ear-lier meth-ods based on 
dis-crete time, such as NCSN ([]Song

LaTeX Warning: Reference `mdf@pagelabel-4' on page 98 undefined on input line 3
05.

[98 <./Images/PartB/forward_sde_ode_trajectories.pdf>]

LaTeX Warning: Reference `eq:sde_forward' on page 1 undefined on input line 314
.


LaTeX Warning: Reference `subsec:scoresde-perturbation-kernel' on page 1 undefi
ned on input line 322.

[99] [100 <./Images/PartB/reverse_sde_and_ode_trajectories.pdf>]

LaTeX Warning: Reference `eq:sde_forward' on page 1 undefined on input line 388
.


LaTeX Warning: Reference `mdf@pagelabel-5' on page 101 undefined on input line 
396.


LaTeX Warning: Reference `eq:sde_backward' on page 1 undefined on input line 40
6.


LaTeX Warning: Reference `eq:sde_backward' on page 1 undefined on input line 40
8.


LaTeX Warning: Reference `subsec:example-gaussian' on page 1 undefined on input
 line 408.


LaTeX Warning: Reference `subsec:fpe-sde-ode' on page 1 undefined on input line
 411.


LaTeX Warning: Reference `subsec:reverse-sde-reason' on page 1 undefined on inp
ut line 413.

[101]

LaTeX Warning: Reference `eq:continuous-langevin' on page 1 undefined on input 
line 419.


LaTeX Warning: Reference `eq:sde_backward' on page 1 undefined on input line 41
9.


LaTeX Warning: Reference `eq:tweedie' on page 1 undefined on input line 436.


LaTeX Warning: Reference `eq:sde_backward' on page 1 undefined on input line 45
1.


LaTeX Warning: Reference `eq:sde_backward' on page 1 undefined on input line 45
1.


LaTeX Warning: Reference `ch:score-based' on page 1 undefined on input line 453
.


LaTeX Warning: Reference `subsec:sde-train' on page 1 undefined on input line 4
53.


LaTeX Warning: Reference `eq:sde_backward' on page 1 undefined on input line 45
3.

[102]

LaTeX Warning: Reference `subsec:sde-sample' on page 1 undefined on input line 
455.


LaTeX Warning: Reference `eq:sde_backward' on page 1 undefined on input line 46
3.


LaTeX Warning: Reference `eq:sde_backward' on page 1 undefined on input line 46
5.


LaTeX Warning: Reference `mdf@pagelabel-6' on page 103 undefined on input line 
473.


LaTeX Warning: Reference `eq:euler-maruyama' on page 1 undefined on input line 
479.


LaTeX Warning: Reference `eq:sde_backward' on page 1 undefined on input line 48
8.


LaTeX Warning: Reference `eq:prob_ode_gt' on page 1 undefined on input line 488
.


LaTeX Warning: Reference `eq:sde_forward' on page 1 undefined on input line 488
.

[103] [104]

LaTeX Warning: Reference `app:continuity' on page 1 undefined on input line 517
.


LaTeX Warning: Reference `fig:score-sde-three-dynamics' on page 1 undefined on 
input line 540.


Underfull \vbox (badness 10000) has occurred while \output is active [105]

LaTeX Warning: Text page 106 contains only floats.


Overfull \vbox (3.91937pt too high) has occurred while \output is active
[106 <./Images/PartB/score_sde_three_dynamics.pdf>]

LaTeX Warning: Reference `app-sec:scoresde-fpe-proof' on page 1 undefined on in
put line 620.


LaTeX Warning: Reference `subsec:fpe-reason' on page 1 undefined on input line 
620.


Underfull \vbox (badness 10000) has occurred while \output is active [107]

LaTeX Warning: Citation 'arnold1988geometrical' on page 108 undefined on input 
line 644.


LaTeX Warning: Citation 'chorin1993mathematical' on page 108 undefined on input
 line 644.


LaTeX Warning: Citation 'euler1757fluid' on page 108 undefined on input line 64
8.


LaTeX Warning: Citation 'lagrange1783fluid' on page 108 undefined on input line
 648.


LaTeX Warning: Reference `ch:fast-scratch' on page 1 undefined on input line 65
0.


LaTeX Warning: Reference `ch:distillation' on page 1 undefined on input line 65
0.


LaTeX Warning: Reference `sec:flow-based-method' on page 1 undefined on input l
ine 664.


LaTeX Warning: Reference `thm:fpe' on page 108 undefined on input line 673.

[108]

LaTeX Warning: Reference `subsec:fm-framework' on page 1 undefined on input lin
e 685.


LaTeX Warning: Reference `subsec:ddim' on page 1 undefined on input line 685.


LaTeX Warning: Reference `app:continuity' on page 1 undefined on input line 690
.


LaTeX Warning: Reference `sec:flow-matching-framework' on page 1 undefined on i
nput line 690.


LaTeX Warning: Reference `eq:sde_backward' on page 1 undefined on input line 70
4.

[109] [110]

LaTeX Warning: Reference `eq:sde_backward' on page 1 undefined on input line 81
7.


LaTeX Warning: Reference `subsec:fpe-sde-ode' on page 1 undefined on input line
 822.

[111]

LaTeX Warning: Reference `eq:mean-var-evolution' on page 1 undefined on input l
ine 877.

[112]

LaTeX Warning: Reference `ch:score-based' on page 1 undefined on input line 923
.


LaTeX Warning: Reference `eq:sm' on page 1 undefined on input line 927.


LaTeX Warning: Reference `eq:dsm-loss' on page 1 undefined on input line 959.


LaTeX Warning: Reference `eq:score-gaussian-formula' on page 1 undefined on inp
ut line 959.


LaTeX Warning: Reference `sec:instances' on page 1 undefined on input line 959.


[113 <./Images/PartB/denoising_score_matching.pdf>]

LaTeX Warning: Reference `mdf@pagelabel-7' on page 114 undefined on input line 
967.


LaTeX Warning: Reference `eq:conti-dsm_loss-real' on page 1 undefined on input 
line 968.


LaTeX Warning: Reference `eq:nscn' on page 1 undefined on input line 968.


LaTeX Warning: Reference `thm:sm-dsm' on page 114 undefined on input line 971.


LaTeX Warning: Reference `eq:conti-dsm_loss-real' on page 1 undefined on input 
line 971.


LaTeX Warning: Reference `app-sec:min-dsm' on page 114 undefined on input line 
983.


LaTeX Warning: Reference `eq:euler-maruyama' on page 1 undefined on input line 
993.


LaTeX Warning: Reference `eq:euler-ode' on page 1 undefined on input line 993.


LaTeX Warning: Reference `eq:euler-maruyama' on page 1 undefined on input line 
993.


LaTeX Warning: Reference `eq:euler-ode' on page 1 undefined on input line 993.


LaTeX Warning: Reference `eq:sde_backward' on page 1 undefined on input line 10
02.


LaTeX Warning: Reference `eq:prob_ode_gt' on page 1 undefined on input line 100
2.


LaTeX Warning: Reference `eq:sde_backward' on page 1 undefined on input line 10
05.


LaTeX Warning: Reference `eq:sde_backward_sub' on page 1 undefined on input lin
e 1009.

[114]

LaTeX Warning: Citation 'wang2024evaluating' on page 115 undefined on input lin
e 1015.


LaTeX Warning: Reference `eq:ddpm-sampling' on page 1 undefined on input line 1
020.


LaTeX Warning: Reference `sec:instances' on page 1 undefined on input line 1021
.

[115 <./Images/PartB/sde_ode_trajectories.pdf>]

LaTeX Warning: Reference `eq:prob_ode_gt' on page 1 undefined on input line 102
6.


LaTeX Warning: Reference `eq:prob_ode_sub' on page 1 undefined on input line 10
30.


LaTeX Warning: Reference `ques:dm-sampling-slow' on page 116 undefined on input
 line 1053.


LaTeX Warning: Reference `ch:solvers' on page 1 undefined on input line 1053.


LaTeX Warning: Reference `eq:prob_ode_sub' on page 1 undefined on input line 10
57.

[116]

LaTeX Warning: Reference `eq:instant-change-of-var' on page 1 undefined on inpu
t line 1061.

[117]

LaTeX Warning: Reference `tb:sde_instances' on page 118 undefined on input line
 1157.


LaTeX Warning: Reference `subsec:scoresde-perturbation-kernel' on page 1 undefi
ned on input line 1197.


LaTeX Warning: Reference `subsec:scoresde-motivation' on page 1 undefined on in
put line 1213.

[118]

LaTeX Warning: Reference `subsec:scoresde-perturbation-kernel' on page 1 undefi
ned on input line 1258.


LaTeX Warning: Reference `eq:gaussian-score' on page 1 undefined on input line 
1266.


LaTeX Warning: Reference `subsec:scoresde-motivation' on page 1 undefined on in
put line 1272.


LaTeX Warning: Reference `eq:sde_forward' on page 1 undefined on input line 128
1.


LaTeX Warning: Reference `eq:sde_forward' on page 1 undefined on input line 128
5.

[119]

LaTeX Warning: Reference `eq:mean-var-evolution' on page 1 undefined on input l
ine 1325.


LaTeX Warning: Reference `subsec:rigorous-proof-linear-sde' on page 1 undefined
 on input line 1325.

[120] [121]

LaTeX Warning: Reference `eq:conti-dsm_loss-real' on page 1 undefined on input 
line 1411.


LaTeX Warning: Reference `eq:ddpm-mean-loss' on page 1 undefined on input line 
1411.


LaTeX Warning: Reference `ch:flow-based' on page 1 undefined on input line 1420
.


LaTeX Warning: Reference `eq:forward_kernel' on page 1 undefined on input line 
1430.


LaTeX Warning: Reference `eq:forward_kernel' on page 1 undefined on input line 
1430.


LaTeX Warning: Reference `eq:forward_kernel' on page 1 undefined on input line 
1457.

[122 <./Images/PartB/vdm-sde.pdf>]

LaTeX Warning: Reference `subsec:scoresde-perturbation-kernel' on page 1 undefi
ned on input line 1485.


LaTeX Warning: Reference `eq:forward-linear-sde' on page 1 undefined on input l
ine 1488.


LaTeX Warning: Reference `eq:kernel-sde-equiv' on page 1 undefined on input lin
e 1550.


Underfull \vbox (badness 10000) has occurred while \output is active [123]

LaTeX Warning: Reference `subsec:scoresde-perturbation-kernel' on page 1 undefi
ned on input line 1550.

[124]

LaTeX Warning: Reference `eq:ddpm-reverse-condition-kernel' on page 1 undefined
 on input line 1614.


LaTeX Warning: Reference `ddpm-reverse-kernel' on page 125 undefined on input l
ine 1614.

[125]

LaTeX Warning: Reference `eq:zt_given_zs' on page 1 undefined on input line 164
1.


LaTeX Warning: Reference `eq:ddpm-elbo' on page 1 undefined on input line 1646.



LaTeX Warning: Reference `sec:ddpm' on page 1 undefined on input line 1646.


LaTeX Warning: Reference `eq:ddpm-clean-noise' on page 1 undefined on input lin
e 1646.


LaTeX Warning: Reference `eq:p_backward_mean_var' on page 1 undefined on input 
line 1652.

[126]

LaTeX Warning: Reference `eq:forward_kernel' on page 1 undefined on input line 
1660.


LaTeX Warning: Reference `eq:snr-kl' on page 1 undefined on input line 1679.


LaTeX Warning: Reference `eq:general-ddpm-sampling' on page 1 undefined on inpu
t line 1682.

[127]

Package hyperref Warning: Token not allowed in a PDF string (Unicode):
(hyperref)                removing `\\' on input line 1692.


LaTeX Warning: Reference `eq:transition-forward-f-g' on page 1 undefined on inp
ut line 1699.

[128]

LaTeX Warning: Reference `subsec:rigorous-proof-fpe' on page 1 undefined on inp
ut line 1767.


LaTeX Warning: Reference `eq:sde_backward' on page 1 undefined on input line 17
74.


LaTeX Warning: Reference `eq:transition-forward-f-g' on page 1 undefined on inp
ut line 1790.


Package fancyhdr Warning: \headheight is too small (14.4pt): 
(fancyhdr)                Make it at least 26.78468pt, for example:
(fancyhdr)                \setlength{\headheight}{26.78468pt}.
(fancyhdr)                You might also make \topmargin smaller:
(fancyhdr)                \addtolength{\topmargin}{-12.38469pt}.

[129]

LaTeX Warning: Reference `eq:transition-forward-f-g' on page 1 undefined on inp
ut line 1814.


LaTeX Warning: Reference `eq:log-difference' on page 1 undefined on input line 
1814.


LaTeX Warning: Reference `eq:reverse-sde-bayes-discrete' on page 1 undefined on
 input line 1814.

[130]
Overfull \hbox (1.01869pt too wide) in paragraph at lines 1846--1848
\T1/lmr/m/n/10.95 (-20) The ad-di-tional term $\OMS/lmsy/m/n/10.95 k\OML/lmm/m/
it/10.95 g[]\OT1/lmr/m/n/10.95 (-20) (\OML/lmm/m/it/10.95 t\OT1/lmr/m/n/10.95 (
-20) )^^A\OML/lmm/m/it/10.95 t\OMS/lmsy/m/n/10.95 r[] [] \OML/lmm/m/it/10.95 p[
]\OT1/lmr/m/n/10.95 (-20) (\OT1/lmr/bx/n/10.95 (-20) x[]\OT1/lmr/m/n/10.95 (-20
) )\OMS/lmsy/m/n/10.95 k[]$ \T1/lmr/m/n/10.95 (-20) from com-plet-ing the squar
e is $\OMS/lmsy/m/n/10.95 O\OT1/lmr/m/n/10.95 (-20) ((^^A\OML/lmm/m/it/10.95 t\
OT1/lmr/m/n/10.95 (-20) )[])$

LaTeX Warning: Reference `eq:sde_backward' on page 1 undefined on input line 18
67.


Package fancyhdr Warning: \headheight is too small (14.4pt): 
(fancyhdr)                Make it at least 26.78468pt, for example:
(fancyhdr)                \setlength{\headheight}{26.78468pt}.
(fancyhdr)                You might also make \topmargin smaller:
(fancyhdr)                \addtolength{\topmargin}{-12.38469pt}.

[131]) (./Chapter-4-Flow-Based-Perspective-From-NFs-to-Flow-Matching.tex
[132]
Chapter 5.

LaTeX Warning: Reference `ch:score-sde' on page 1 undefined on input line 11.


LaTeX Warning: Reference `mdf@pagelabel-8' on page 133 undefined on input line 
34.


LaTeX Warning: Reference `sec:flow-based-method' on page 1 undefined on input l
ine 37.


LaTeX Warning: Reference `ch:score-sde' on page 1 undefined on input line 41.

[133]

LaTeX Warning: Reference `app:continuity' on page 1 undefined on input line 154
.


LaTeX Warning: Reference `ch:score-sde' on page 1 undefined on input line 173.


LaTeX Warning: Reference `sec:flow-based-method' on page 1 undefined on input l
ine 173.


LaTeX Warning: Reference `subsec:lesson-score' on page 1 undefined on input lin
e 173.

[134] [135]

LaTeX Warning: Reference `eq:nf-change-of-var' on page 1 undefined on input lin
e 245.


LaTeX Warning: Reference `eq:nf-change-of-var' on page 1 undefined on input lin
e 245.


LaTeX Warning: Reference `eq:nf-change-of-var' on page 1 undefined on input lin
e 256.


LaTeX Warning: Reference `eq:nf-change-of-var-log' on page 1 undefined on input
 line 261.


LaTeX Warning: Reference `eq:monge-ampere' on page 1 undefined on input line 26
1.


LaTeX Warning: Reference `ch:ot-eot' on page 1 undefined on input line 261.


Underfull \vbox (badness 10000) has occurred while \output is active [136 <./Im
ages/PartB/flow_density.pdf>]

LaTeX Warning: Reference `eq:nf-change-of-var-log' on page 1 undefined on input
 line 274.


LaTeX Warning: Reference `subsec:NODE' on page 1 undefined on input line 356.

[137]

LaTeX Warning: Reference `eq:multi-nf-density' on page 1 undefined on input lin
e 398.

[138]

LaTeX Warning: Reference `fig:bijection-continuity' on page 1 undefined on inpu
t line 443.


LaTeX Warning: Reference `eq:continuity_eq' on page 1 undefined on input line 4
76.


LaTeX Warning: Reference `eq:continuity_eq' on page 1 undefined on input line 4
76.

[139 <./Images/PartB/discrete_vs_continuous_side_by_side_white.pdf>] [140 <./Im
ages/PartB/cov_2d_layers.pdf>]

LaTeX Warning: Reference `eq:nf-change-of-var' on page 1 undefined on input lin
e 502.


LaTeX Warning: Reference `eq:multi-nf-density' on page 1 undefined on input lin
e 502.


LaTeX Warning: Reference `eq:neural-ode' on page 1 undefined on input line 506.



LaTeX Warning: Reference `app:continuity' on page 1 undefined on input line 536
.


LaTeX Warning: Reference `eq:multi-nf-density' on page 1 undefined on input lin
e 538.


LaTeX Warning: Reference `app-sec:flow-proof' on page 1 undefined on input line
 558.

[141]

LaTeX Warning: Reference `eq:NODE-likelihood' on page 1 undefined on input line
 562.


LaTeX Warning: Reference `eq:multi-nf-density' on page 1 undefined on input lin
e 566.


LaTeX Warning: Reference `eq:log-det-tr' on page 1 undefined on input line 570.



LaTeX Warning: Reference `eq:NODE-likelihood' on page 1 undefined on input line
 573.


LaTeX Warning: Reference `eq:MLE' on page 1 undefined on input line 577.


LaTeX Warning: Reference `eq:NODE-likelihood' on page 142 undefined on input li
ne 583.

[142]

LaTeX Warning: Reference `fig:bijection-continuity' on page 1 undefined on inpu
t line 615.

[143]

LaTeX Warning: Reference `ch:score-sde' on page 1 undefined on input line 656.


LaTeX Warning: Reference `sec:flow-based-method' on page 1 undefined on input l
ine 657.


LaTeX Warning: Reference `ch:score-sde' on page 1 undefined on input line 749.

[144] [145 <./Images/PartB/data_vs_prior_cone_with_oval.pdf>]

LaTeX Warning: Reference `forward-sde' on page 146 undefined on input line 791.



LaTeX Warning: Reference `eq:dm-velocity' on page 1 undefined on input line 795
.


LaTeX Warning: Reference `ch:score-based' on page 1 undefined on input line 823
.


LaTeX Warning: Reference `thm:sm-dsm' on page 146 undefined on input line 848.


LaTeX Warning: Reference `eq:marginal-oracle-score' on page 1 undefined on inpu
t line 872.

[146]

LaTeX Warning: Reference `mdf@pagelabel-9' on page 147 undefined on input line 
906.


LaTeX Warning: Reference `eq:flow-map-def' on page 1 undefined on input line 90
8.


LaTeX Warning: Reference `subsec:lesson-score' on page 1 undefined on input lin
e 926.


LaTeX Warning: Reference `eq:lesson-dm-conditional-path' on page 1 undefined on
 input line 926.

[147 <./Images/PartB/four_panel_simple.pdf>]

LaTeX Warning: Reference `fig:conditional-marginal' on page 1 undefined on inpu
t line 929.


LaTeX Warning: Reference `eq:marginal-endpoint' on page 1 undefined on input li
ne 947.


LaTeX Warning: Reference `subsec:lesson-score' on page 1 undefined on input lin
e 950.


LaTeX Warning: Reference `subsec:fm-instantiations' on page 1 undefined on inpu
t line 960.


LaTeX Warning: Reference `fig:conditional-path' on page 1 undefined on input li
ne 961.

[148]

LaTeX Warning: Reference `subsec:fm-theory' on page 1 undefined on input line 9
97.


LaTeX Warning: Reference `mdf@pagelabel-10' on page 149 undefined on input line
 1013.


LaTeX Warning: Reference `eq:continuity_eq' on page 1 undefined on input line 1
015.


LaTeX Warning: Reference `eq:continuity_eq' on page 1 undefined on input line 1
026.


LaTeX Warning: Reference `subsec:special-fm-instantiations' on page 1 undefined
 on input line 1044.

[149]

LaTeX Warning: Reference `subsec:lesson-score' on page 1 undefined on input lin
e 1068.


LaTeX Warning: Reference `eq:marginal-oracle-score' on page 1 undefined on inpu
t line 1091.


LaTeX Warning: Reference `mdf@pagelabel-11' on page 150 undefined on input line
 1109.


LaTeX Warning: Reference `subsec:fm-instantiations' on page 1 undefined on inpu
t line 1140.

[150]

LaTeX Warning: Reference `closed-form-vf' on page 151 undefined on input line 1
212.


LaTeX Warning: Reference `thm:fm-cfm' on page 151 undefined on input line 1212.



LaTeX Warning: Reference `thm:equiv-marginal-kl' on page 151 undefined on input
 line 1212.


LaTeX Warning: Reference `thm:sm-dsm' on page 151 undefined on input line 1212.



LaTeX Warning: Reference `closed-form-vf' on page 151 undefined on input line 1
212.


LaTeX Warning: Reference `thm:fm-cfm' on page 151 undefined on input line 1212.



LaTeX Warning: Reference `thm:equiv-marginal-kl' on page 151 undefined on input
 line 1212.


LaTeX Warning: Reference `thm:sm-dsm' on page 151 undefined on input line 1212.



LaTeX Warning: Reference `eq:marginal-oracle-velocity' on page 1 undefined on i
nput line 1229.


Underfull \vbox (badness 10000) has occurred while \output is active [151 <./Im
ages/PartB/flow_matching_conditional.pdf>]

LaTeX Warning: Reference `dsm-minimizer' on page 152 undefined on input line 12
29.


LaTeX Warning: Reference `fig:cfm-illustration' on page 1 undefined on input li
ne 1231.


LaTeX Warning: Reference `eq:marginal-oracle-velocity' on page 1 undefined on i
nput line 1247.


LaTeX Warning: Reference `eq:marginal-oracle-velocity' on page 1 undefined on i
nput line 1247.


LaTeX Warning: Reference `subsec:lesson-score' on page 1 undefined on input lin
e 1249.


LaTeX Warning: Reference `sec:instance-fm' on page 1 undefined on input line 12
49.


LaTeX Warning: Reference `subsec:lesson-score' on page 1 undefined on input lin
e 1256.


LaTeX Warning: Reference `tab:framework_comparison' on page 1 undefined on inpu
t line 1256.


Underfull \vbox (badness 10000) has occurred while \output is active [152]

LaTeX Warning: Reference `subsec:fm-instantiations' on page 1 undefined on inpu
t line 1282.


LaTeX Warning: Reference `subsec:fm-instantiations' on page 1 undefined on inpu
t line 1282.


LaTeX Warning: Reference `subsec:fm-instantiations' on page 1 undefined on inpu
t line 1282.


LaTeX Warning: Reference `eq:marginal-oracle-velocity' on page 1 undefined on i
nput line 1282.


LaTeX Warning: Reference `forward-sde' on page 153 undefined on input line 1285
.


LaTeX Warning: Reference `ch:all-equivalent' on page 1 undefined on input line 
1287.


LaTeX Warning: Reference `subsec:NODE' on page 1 undefined on input line 1292.


LaTeX Warning: Reference `subsec:lesson-score' on page 1 undefined on input lin
e 1298.


LaTeX Warning: Reference `eq:pushforward-ode' on page 1 undefined on input line
 1304.

[153]

LaTeX Warning: Reference `eq:p_t-fwd-rev' on page 1 undefined on input line 132
9.


LaTeX Warning: Reference `app-sec:mass-conservation' on page 1 undefined on inp
ut line 1341.


LaTeX Warning: Reference `subsec:fm-framework' on page 1 undefined on input lin
e 1343.


LaTeX Warning: Reference `eq:marginal-oracle-velocity' on page 1 undefined on i
nput line 1348.

[154]

LaTeX Warning: Reference `eq:marginal-oracle-velocity' on page 1 undefined on i
nput line 1379.


LaTeX Warning: Reference `eq:marginal-oracle-velocity' on page 1 undefined on i
nput line 1379.


LaTeX Warning: Reference `eq:p_t' on page 1 undefined on input line 1379.


LaTeX Warning: Reference `eq:continuity_conditional_pt' on page 1 undefined on 
input line 1379.


LaTeX Warning: Reference `eq:p_t_continuity' on page 1 undefined on input line 
1379.


LaTeX Warning: Reference `eq:marginal-oracle-velocity' on page 1 undefined on i
nput line 1379.

[155] [156]

LaTeX Warning: Reference `subsec:special-fm-instantiations' on page 1 undefined
 on input line 1397.


LaTeX Warning: Reference `subsec:cov-continuity-eq' on page 1 undefined on inpu
t line 1407.


LaTeX Warning: Reference `subsec:fm-instantiations' on page 1 undefined on inpu
t line 1434.


LaTeX Warning: Reference `subsec:lesson-score' on page 1 undefined on input lin
e 1434.


LaTeX Warning: Reference `subsec:prob-path-flow' on page 1 undefined on input l
ine 1434.

[157]

LaTeX Warning: Reference `eq:gaussian-sol-map' on page 1 undefined on input lin
e 1462.


LaTeX Warning: Reference `eq:gaussian-density-path' on page 1 undefined on inpu
t line 1490.


LaTeX Warning: Reference `eq:gaussian-sol-map' on page 1 undefined on input lin
e 1490.


LaTeX Warning: Reference `eq:gaussian-sol-map' on page 1 undefined on input lin
e 1490.

[158]

LaTeX Warning: Reference `closed-form-vf' on page 159 undefined on input line 1
523.

[159]

LaTeX Warning: Reference `closed-form-vf' on page 160 undefined on input line 1
556.

[160 <./Images/PartB/triptych_gray_cones_final.pdf>]

LaTeX Warning: Reference `eq:minimum_velocity' on page 1 undefined on input lin
e 1564.


LaTeX Warning: Reference `eq:marginal-oracle-velocity' on page 1 undefined on i
nput line 1564.


LaTeX Warning: Reference `subsec:prob-path-flow' on page 1 undefined on input l
ine 1575.


LaTeX Warning: Reference `closed-form-vf' on page 161 undefined on input line 1
595.

[161]

LaTeX Warning: Reference `tb:interpolant_instances' on page 1 undefined on inpu
t line 1636.


LaTeX Warning: Reference `forward-sde' on page 162 undefined on input line 1643
.


LaTeX Warning: Reference `ch:all-equivalent' on page 1 undefined on input line 
1699.

[162]

LaTeX Warning: Reference `closed-form-vf' on page 163 undefined on input line 1
714.

[163]

LaTeX Warning: Reference `closed-form-vf' on page 164 undefined on input line 1
743.

[164]
Overfull \hbox (4.95784pt too wide) in paragraph at lines 1793--1794
[] [] \T1/lmss/bx/n/10.95 (-20) Two-Sided Con-di-tion-ing ($\OT1/lmr/bx/n/10.95
 (-20) z = (x[]\OML/lmm/b/it/10.95 ; \OT1/lmr/bx/n/10.95 (-20) x[])$\T1/lmss/bx
/n/10.95 (-20) ).[] \T1/lmr/m/n/10.95 (-20) The same tem-plate with $\OML/lmm/b
/it/10.95 ^^V[]\OT1/lmr/m/n/10.95 (-20) (\OT1/lmr/bx/n/10.95 (-20) x[]\OML/lmm/
m/it/10.95 ; \OT1/lmr/bx/n/10.95 (-20) x[]\OT1/lmr/m/n/10.95 (-20) ) =

LaTeX Warning: Reference `closed-form-vf' on page 165 undefined on input line 1
813.

[165]
Underfull \hbox (badness 4872) in paragraph at lines 1919--1921
[]|\T1/lmr/m/n/7 (+20) Convenient when $\OML/lmm/m/it/7 p[]\OT1/lmr/m/n/7 (+20)
 (\OMS/lmsy/m/n/7 ^^Aj\OT1/lmr/bx/n/7 (+20) z\OT1/lmr/m/n/7 (+20) )$ \T1/lmr/m/
n/7 (+20) is Gaus-sian /

Underfull \hbox (badness 10000) in paragraph at lines 1933--1939
[]|\T1/lmr/m/n/7 (+20) Given $\OT1/lmr/bx/n/7 (+20) 	[]\OT1/lmr/m/n/7 (+20) (\O
MS/lmsy/m/n/7 ^^Aj\OT1/lmr/bx/n/7 (+20) z\OT1/lmr/m/n/7 (+20) )$\T1/lmr/m/n/7 (
+20) , both $\OML/lmm/m/it/7 p[]\OT1/lmr/m/n/7 (+20) (\OMS/lmsy/m/n/7 ^^Aj\OT1/
lmr/bx/n/7 (+20) z\OT1/lmr/m/n/7 (+20) ) =

Underfull \hbox (badness 5331) in paragraph at lines 1933--1939
\OT1/lmr/m/n/7 (+20) (\OT1/lmr/bx/n/7 (+20) 	[]\OT1/lmr/m/n/7 (+20) (\OMS/lmsy/
m/n/7 ^^Aj\OT1/lmr/bx/n/7 (+20) z\OT1/lmr/m/n/7 (+20) ))[]\OML/lmm/m/it/7 p[]$ 
\T1/lmr/m/n/7 (+20) and the par-ti-cle tra-jec-

Underfull \hbox (badness 10000) in paragraph at lines 1989--1993
\T1/lmr/m/n/7 (+20) easy bound-ary con-trol; ac-com-mo-dates

Overfull \hbox (4.65683pt too wide) in paragraph at lines 1855--1997
 [][] 
[166] (/usr/local/texlive/2026/texmf-dist/tex/latex/lm/t1lmtt.fd)

LaTeX Warning: Reference `fig:straightness-counterexample' on page 1 undefined 
on input line 2114.

[167] [168 <./Images/PartB/straightness_counterexample.pdf>]

LaTeX Warning: Reference `sec:optimal-canonical' on page 1 undefined on input l
ine 2180.


pdfTeX warning (ext4): destination with the same identifier (name{ALG@line.1}) 
has been already used, duplicate ignored
<to be read again> 
                   \relax 
l.2203 \State
              \textbfs{Pre-Train Diffusion.} Fit $\rvv_{\bphi^\times}$ on th...

pdfTeX warning (ext4): destination with the same identifier (name{ALG@line.2}) 
has been already used, duplicate ignored
<to be read again> 
                   \relax 
l.2208 \State
              \textbfs{Rectify.} Sample $\rvz_0 \sim p_{\text{src}}$ and int...
[169] [170]

LaTeX Warning: Reference `subsec:reflow-properties' on page 1 undefined on inpu
t line 2273.

[171] [172]

LaTeX Warning: Reference `sec:ot-intro' on page 1 undefined on input line 2331.



LaTeX Warning: Reference `eq:reflow-loss-gradient' on page 1 undefined on input
 line 2339.

[173 <./Images/PartB/rectified_flow_trained.pdf>]

LaTeX Warning: Reference `subsec:ot-linear-reflow' on page 1 undefined on input
 line 2341.

[174]) (./Chapter-5-They-Are-All-Equivalent.tex [175]
Chapter 6.

LaTeX Warning: Reference `ch:flow-based' on page 1 undefined on input line 8.


LaTeX Warning: Reference `ch:score-sde' on page 1 undefined on input line 8.


LaTeX Warning: Reference `ch:score-based' on page 1 undefined on input line 8.


LaTeX Warning: Reference `ch:variational' on page 1 undefined on input line 8.


LaTeX Warning: Reference `sec:conditional-trick' on page 1 undefined on input l
ine 10.


LaTeX Warning: Reference `sec:elucidating' on page 1 undefined on input line 12
.


LaTeX Warning: Reference `sec:equivalent-parametrizations' on page 1 undefined 
on input line 15.


LaTeX Warning: Reference `sec:comparison-connection' on page 1 undefined on inp
ut line 19.

[176] [177]

LaTeX Warning: Reference `eq:marginal-oracle-velocity' on page 1 undefined on i
nput line 56.


LaTeX Warning: Reference `eq:kl-matching' on page 1 undefined on input line 73.



LaTeX Warning: Reference `eq:score-matching' on page 1 undefined on input line 
79.


LaTeX Warning: Reference `eq:fm-cfm' on page 1 undefined on input line 85.

[178]

LaTeX Warning: Reference `mdf@pagelabel-12' on page 179 undefined on input line
 123.


LaTeX Warning: Reference `eq:three-minimizer-oracle' on page 1 undefined on inp
ut line 255.


LaTeX Warning: Reference `eq:three-minimizer-oracle' on page 1 undefined on inp
ut line 255.


LaTeX Warning: Reference `eq:three-minimizer-oracle' on page 1 undefined on inp
ut line 255.


LaTeX Warning: Reference `ddpm-reverse-kernel' on page 179 undefined on input l
ine 255.

[179] [180] [181] [182]

LaTeX Warning: Reference `subsec:four-predictions' on page 1 undefined on input
 line 266.


LaTeX Warning: Reference `subsec:summary-disentagle' on page 1 undefined on inp
ut line 267.


LaTeX Warning: Reference `sec:equivalent-parametrizations' on page 1 undefined 
on input line 267.


LaTeX Warning: Reference `eq:forward_kernel' on page 1 undefined on input line 
277.


LaTeX Warning: Reference `subsec:connection-vdm' on page 1 undefined on input l
ine 284.


LaTeX Warning: Reference `subsec:ddpm-prediction' on page 1 undefined on input 
line 284.

[183]

LaTeX Warning: Reference `eq:three-minimizer-oracle' on page 1 undefined on inp
ut line 337.


LaTeX Warning: Reference `subsec:four-predictions' on page 1 undefined on input
 line 348.


Overfull \hbox (7.82498pt too wide) in paragraph at lines 366--367
[]\T1/lmr/m/n/10.95 (-20) Prediction types of $[]$ and their as-so-ci-ated re-g
res-sion tar-gets $[]$; 
[184]

LaTeX Warning: Reference `tb:interpolant_instances' on page 1 undefined on inpu
t line 374.


LaTeX Warning: Reference `eq:any-to-trig' on page 1 undefined on input line 374
.


LaTeX Warning: Reference `eq:fm-general-affine-formula' on page 1 undefined on 
input line 374.


LaTeX Warning: Reference `eq:general-dm-loss-D' on page 1 undefined on input li
ne 405.


LaTeX Warning: Reference `tb:A_t-B_t-parametrizations' on page 1 undefined on i
nput line 415.

[185]

LaTeX Warning: Reference `eq:predictions-equivalence' on page 1 undefined on in
put line 425.


LaTeX Warning: Reference `eq:predictions-equivalence' on page 1 undefined on in
put line 431.


LaTeX Warning: Reference `eq:s-e-x-v-equi' on page 1 undefined on input line 46
6.


LaTeX Warning: Reference `eq:general-dm-loss-D' on page 1 undefined on input li
ne 476.


LaTeX Warning: Reference `eq:general-dm-loss-D' on page 1 undefined on input li
ne 715.

[186] [187]

LaTeX Warning: Reference `ch:solvers' on page 1 undefined on input line 805.


LaTeX Warning: Reference `eq:ddpm-elbo' on page 1 undefined on input line 866.

[188] [189]

LaTeX Warning: Reference `subsec:four-equiv-para' on page 1 undefined on input 
line 929.


LaTeX Warning: Reference `subsec:pf-ode-different-para' on page 1 undefined on 
input line 931.


LaTeX Warning: Reference `subsec:all-flows-are-equiv' on page 1 undefined on in
put line 933.


LaTeX Warning: Reference `subsec:concept-why-v-affine' on page 1 undefined on i
nput line 935.


LaTeX Warning: Reference `eq:general-dm-loss-D' on page 1 undefined on input li
ne 950.


LaTeX Warning: Reference `subsec:ddpm-prediction' on page 1 undefined on input 
line 953.


LaTeX Warning: Reference `sec:SMLD' on page 1 undefined on input line 953.


LaTeX Warning: Reference `fig:equiv-parametrizations' on page 1 undefined on in
put line 955.


LaTeX Warning: Reference `forward-sde' on page 190 undefined on input line 974.



LaTeX Warning: Reference `eq:velocity-def' on page 1 undefined on input line 97
4.


LaTeX Warning: Reference `eq:score-def' on page 1 undefined on input line 974.


LaTeX Warning: Reference `eq:clean-def' on page 1 undefined on input line 974.


LaTeX Warning: Reference `eq:noise-def' on page 1 undefined on input line 974.

[190]

LaTeX Warning: Reference `dsm-minimizer' on page 191 undefined on input line 97
4.


LaTeX Warning: Reference `app-sec:equiv-para' on page 1 undefined on input line
 974.


LaTeX Warning: Reference `eq:predictions-equivalence' on page 1 undefined on in
put line 1034.


LaTeX Warning: Reference `eq:predictions-equivalence' on page 1 undefined on in
put line 1053.

[191]

LaTeX Warning: Reference `eq:general-dm-loss-D' on page 1 undefined on input li
ne 1071.


LaTeX Warning: Reference `eq:s-e-x-v-equi' on page 1 undefined on input line 10
75.


LaTeX Warning: Reference `ch:solvers' on page 1 undefined on input line 1091.


LaTeX Warning: Reference `ch:fast-scratch' on page 1 undefined on input line 10
92.


Underfull \vbox (badness 10000) has occurred while \output is active [192]

LaTeX Warning: Reference `eq:predictions-equivalence' on page 1 undefined on in
put line 1096.


LaTeX Warning: Reference `forward-sde' on page 193 undefined on input line 1120
.


LaTeX Warning: Reference `sec:revisit-ddim' on page 1 undefined on input line 1
135.


LaTeX Warning: Reference `eq:general-dm-loss-D' on page 1 undefined on input li
ne 1145.

[193] [194]

LaTeX Warning: Reference `eq:any-to-trig' on page 1 undefined on input line 125
4.

[195]

LaTeX Warning: Reference `equi-para' on page 196 undefined on input line 1269.


LaTeX Warning: Reference `equiv-interpolation' on page 196 undefined on input l
ine 1299.

[196]

LaTeX Warning: Reference `ch:solvers' on page 1 undefined on input line 1337.

[197]

LaTeX Warning: Reference `eq:unit-velocity' on page 1 undefined on input line 1
383.


LaTeX Warning: Reference `ch:ot-eot' on page 1 undefined on input line 1412.

[198]

LaTeX Warning: Reference `ot-conditional-flow' on page 199 undefined on input l
ine 1432.

[199]

LaTeX Warning: Reference `eq:clean_pf_ode' on page 1 undefined on input line 15
85.


LaTeX Warning: Reference `eq:clean_pf_ode' on page 1 undefined on input line 15
91.


LaTeX Warning: Reference `ch:solvers' on page 1 undefined on input line 1623.

[200]

LaTeX Warning: Reference `ch:solvers' on page 1 undefined on input line 1666.

[201]

LaTeX Warning: Reference `forward-sde' on page 202 undefined on input line 1778
.


LaTeX Warning: Reference `eq:heuristic-fpe-sde' on page 1 undefined on input li
ne 1792.

[202]

LaTeX Warning: Reference `subsec:flow-score' on page 1 undefined on input line 
1797.


LaTeX Warning: Reference `fig:unified_framework' on page 1 undefined on input l
ine 1799.


LaTeX Warning: Reference `subsec:takeaway-dm-gaussianfm' on page 1 undefined on
 input line 1799.


LaTeX Warning: Reference `sec:flow-matching-framework' on page 1 undefined on i
nput line 1916.


LaTeX Warning: Reference `eq:marginal-oracle-velocity' on page 1 undefined on i
nput line 1928.


LaTeX Warning: Reference `eq:ode-velocity' on page 203 undefined on input line 
1928.


LaTeX Warning: Reference `eq:ode-velocity' on page 1 undefined on input line 19
32.


LaTeX Warning: Reference `eq:kernel-sde-equiv' on page 1 undefined on input lin
e 1939.

[203]

LaTeX Warning: Reference `rev-sde-interpolant' on page 204 undefined on input l
ine 2027.


LaTeX Warning: Reference `eq:ode-velocity' on page 1 undefined on input line 20
32.


LaTeX Warning: Reference `eq:general-reverse-sde' on page 1 undefined on input 
line 2033.


LaTeX Warning: Reference `eq:sde_backward' on page 1 undefined on input line 20
33.


LaTeX Warning: Reference `equi-para' on page 204 undefined on input line 2033.

[204]

LaTeX Warning: Reference `eq:general-reverse-sde' on page 1 undefined on input 
line 2037.


LaTeX Warning: Reference `eq:score-velocity' on page 1 undefined on input line 
2039.


LaTeX Warning: Reference `eq:general-reverse-sde' on page 1 undefined on input 
line 2039.


LaTeX Warning: Reference `fig:unified_framework' on page 1 undefined on input l
ine 2072.

[205]

LaTeX Warning: Reference `ch:guidance' on page 1 undefined on input line 2110.


LaTeX Warning: Reference `ch:solvers' on page 1 undefined on input line 2110.


LaTeX Warning: Reference `ch:distillation' on page 1 undefined on input line 21
11.


LaTeX Warning: Reference `ch:fast-scratch' on page 1 undefined on input line 21
11.

) (./Chapter-4-plus-OT-and-Diffusion-Model.tex [206] [207]
Chapter 7.

Overfull \hbox (7.4983pt too wide) in paragraph at lines 13--24
\T1/lmr/m/n/10.95 (-20) trans-port, and Schrödinger bridges as for-mu-la-tions 
of the dis-tri-bu-tion^^Uto^^Udistribution

Underfull \vbox (badness 3138) has occurred while \output is active [208]
[209]

LaTeX Warning: Reference `sec:flow-matching-framework' on page 1 undefined on i
nput line 50.


Underfull \vbox (badness 10000) detected at line 69
[210]

LaTeX Warning: Reference `sec:ot-intro' on page 1 undefined on input line 73.


LaTeX Warning: Reference `eq:ot' on page 1 undefined on input line 74.


LaTeX Warning: Reference `eq:bb-ot' on page 1 undefined on input line 74.


LaTeX Warning: Reference `eq:eot-epsilon' on page 1 undefined on input line 76.



LaTeX Warning: Reference `eq:sb-kinetic' on page 1 undefined on input line 77.


LaTeX Warning: Reference `sec:relation-ot' on page 1 undefined on input line 80
.


LaTeX Warning: Reference `sec:dm-and-sb' on page 1 undefined on input line 82.


LaTeX Warning: Reference `sec:pfode-ot' on page 1 undefined on input line 89.


LaTeX Warning: Reference `subsec:rectify' on page 1 undefined on input line 92.


[211] [212 <./Images/PartB/ot_2d_coupling_comparison.pdf>]

LaTeX Warning: Reference `mdf@pagelabel-13' on page 213 undefined on input line
 163.


LaTeX Warning: Reference `thm:brenier' on page 1 undefined on input line 182.


LaTeX Warning: Reference `eq:bb-ot' on page 1 undefined on input line 182.

[213]

LaTeX Warning: Reference `eq:ot' on page 1 undefined on input line 210.


LaTeX Warning: Reference `mdf@pagelabel-14' on page 214 undefined on input line
 220.


LaTeX Warning: Reference `eq:nf-change-of-var' on page 1 undefined on input lin
e 232.

[214] [215 <./Images/PartB/ot_illustration.pdf>]

LaTeX Warning: Reference `eq:ot' on page 1 undefined on input line 248.


LaTeX Warning: Citation 'kuhn1955hungarian' on page 216 undefined on input line
 262.


LaTeX Warning: Citation 'munkres1957algorithms' on page 216 undefined on input 
line 262.


Overfull \hbox (47.37936pt too wide) in paragraph at lines 261--263
\T1/lmr/m/n/10.95 (-20) and $\OT1/lmr/m/n/10.95 (-20) 2\OML/lmm/m/it/10.95 n$ \
T1/lmr/m/n/10.95 (-20) con-straints. Prac-ti-cal solvers (e.g., Hun-gar-ian al-
go-rithm ([];

LaTeX Warning: Reference `mdf@pagelabel-15' on page 216 undefined on input line
 273.

[216]

LaTeX Warning: Reference `eq:eot-epsilon' on page 1 undefined on input line 293
.


LaTeX Warning: Reference `subsec:eot-ot' on page 1 undefined on input line 310.


[217]

LaTeX Warning: Reference `eq:sb-epsilon-general' on page 1 undefined on input l
ine 376.


LaTeX Warning: Reference `eq:sb-kinetic' on page 1 undefined on input line 386.



LaTeX Warning: Reference `subsec:girsanov' on page 1 undefined on input line 38
9.

[218]
Overfull \hbox (13.29091pt too wide) detected at line 441
[]

LaTeX Warning: Reference `mdf@pagelabel-16' on page 219 undefined on input line
 442.

[219 <./Images/PartB/sb_illustration.pdf>]

LaTeX Warning: Reference `eq:sb-kinetic' on page 1 undefined on input line 449.



LaTeX Warning: Reference `eq:bb-ot' on page 1 undefined on input line 450.


LaTeX Warning: Reference `eq:sb-epsilon-kinetic' on page 1 undefined on input l
ine 469.


LaTeX Warning: Reference `eq:sb-epsilon-general' on page 1 undefined on input l
ine 520.

[220]

LaTeX Warning: Reference `eq:sb-forward-sde' on page 1 undefined on input line 
566.


LaTeX Warning: Reference `eq:pde-schrodinger' on page 1 undefined on input line
 568.


LaTeX Warning: Reference `eq:sb-symmetry' on page 1 undefined on input line 568
.


LaTeX Warning: Reference `eq:sb-kinetic' on page 1 undefined on input line 569.


[221]

LaTeX Warning: Reference `eq:sb-backward-sde' on page 1 undefined on input line
 642.


LaTeX Warning: Reference `eq:pde-schrodinger' on page 1 undefined on input line
 642.


LaTeX Warning: Reference `sec:dm-and-sb' on page 1 undefined on input line 642.



LaTeX Warning: Reference `eq:ot' on page 1 undefined on input line 645.


LaTeX Warning: Reference `eq:bb-ot' on page 1 undefined on input line 649.


LaTeX Warning: Reference `eq:sb-epsilon-general' on page 1 undefined on input l
ine 651.


LaTeX Warning: Reference `eq:sb-kinetic' on page 1 undefined on input line 651.


[222]

LaTeX Warning: Reference `eq:sb-epsilon-kinetic' on page 1 undefined on input l
ine 744.


LaTeX Warning: Reference `eq:bb-ot' on page 1 undefined on input line 744.


LaTeX Warning: Reference `fig:ot-dm' on page 1 undefined on input line 758.


LaTeX Warning: Reference `subsec:sb' on page 1 undefined on input line 763.


LaTeX Warning: Reference `subsec:sb-eot' on page 1 undefined on input line 772.



LaTeX Warning: Reference `subsec:eot-ot' on page 1 undefined on input line 778.



LaTeX Warning: Reference `subsec:sb-ot' on page 1 undefined on input line 784.


LaTeX Warning: Reference `subsec:sb-eot' on page 1 undefined on input line 815.



LaTeX Warning: Reference `subsec:sb-eot' on page 1 undefined on input line 815.


[223] [224 <./Images/PartB/eot_epsilon_interpolation.pdf>] [225]

LaTeX Warning: Reference `eq:ot' on page 1 undefined on input line 942.


LaTeX Warning: Reference `eq:ot' on page 1 undefined on input line 959.

[226]

LaTeX Warning: Reference `eq:bb-ot' on page 1 undefined on input line 1010.


LaTeX Warning: Reference `eq:sb-epsilon-kinetic' on page 1 undefined on input l
ine 1011.


LaTeX Warning: Reference `eq:bb-ot' on page 1 undefined on input line 1011.

[227]

LaTeX Warning: Reference `thm:eot-ot' on page 228 undefined on input line 1016.



LaTeX Warning: Reference `eq:bb-ot' on page 1 undefined on input line 1067.


LaTeX Warning: Reference `eq:sb-epsilon-kinetic' on page 1 undefined on input l
ine 1067.


LaTeX Warning: Reference `eq:sb-epsilon-kinetic' on page 1 undefined on input l
ine 1067.

[228]

LaTeX Warning: Reference `fig:ot-dm' on page 1 undefined on input line 1069.

[229]

LaTeX Warning: Reference `eq:pde-schrodinger' on page 1 undefined on input line
 1078.


LaTeX Warning: Reference `eq:pde-schrodinger' on page 1 undefined on input line
 1086.


LaTeX Warning: Reference `eq:pde-schrodinger' on page 1 undefined on input line
 1103.


LaTeX Warning: Reference `eq:sb-epsilon-general' on page 1 undefined on input l
ine 1144.

[230]

LaTeX Warning: Reference `eq:forward-linear-sde' on page 1 undefined on input l
ine 1184.


LaTeX Warning: Reference `subsec:rigorous-proof-linear-sde' on page 1 undefined
 on input line 1191.

[231]

LaTeX Warning: Citation 'shi2023dsbm' on page 232 undefined on input line 1232.



LaTeX Warning: Citation 'liu2024gsbm' on page 232 undefined on input line 1232.


[232] [233]

LaTeX Warning: Citation 'tanana2017comparison' on page 234 undefined on input l
ine 1249.

[234 <./Images/PartB/pfode_vs_ot_2d.pdf>] [235] [236]

LaTeX Warning: Reference `mdf@pagelabel-17' on page 237 undefined on input line
 1402.


LaTeX Warning: Reference `eq:necessary-ot' on page 1 undefined on input line 14
10.

[237]

LaTeX Warning: Reference `eq:ot' on page 1 undefined on input line 1438.


LaTeX Warning: Reference `eq:bb-ot' on page 1 undefined on input line 1438.


LaTeX Warning: Reference `eq: Monge's Formulation' on page 1 undefined on input
 line 1446.


LaTeX Warning: Reference `eq:monge-ampere' on page 1 undefined on input line 14
48.


Underfull \vbox (badness 10000) has occurred while \output is active [238]
[239]

LaTeX Warning: Reference `eq:reflow-loss' on page 1 undefined on input line 149
8.


LaTeX Warning: Reference `eq:reflow-loss' on page 1 undefined on input line 150
9.

[240] [241]

LaTeX Warning: Reference `thm:brenier' on page 242 undefined on input line 1565
.


LaTeX Warning: Citation 'rosenblatt1952remarks' on page 242 undefined on input 
line 1567.


LaTeX Warning: Citation 'knothe1957contributions' on page 242 undefined on inpu
t line 1567.


LaTeX Warning: Citation 'dacorogna1990partial' on page 242 undefined on input l
ine 1569.

[242]) [243] (./Part-C-D-diagram.tex

LaTeX Warning: Reference `ch:score-sde' on page 244 undefined on input line 1.


LaTeX Warning: Reference `ch:guidance' on page 244 undefined on input line 1.


LaTeX Warning: Reference `ch:solvers' on page 244 undefined on input line 1.


LaTeX Warning: Reference `ch:distillation' on page 244 undefined on input line 
1.


LaTeX Warning: Reference `ch:fast-scratch' on page 244 undefined on input line 
1.

) (./Chapter-6-Guidance.tex [244]
Chapter 8.

LaTeX Warning: Reference `ch:all-equivalent' on page 1 undefined on input line 
21.


LaTeX Warning: Reference `ch:score-sde' on page 1 undefined on input line 21.


Underfull \vbox (badness 2503) has occurred while \output is active [245]
[246]

LaTeX Warning: Reference `mdf@pagelabel-18' on page 247 undefined on input line
 56.

[247 <./Images/PartC/guidance.pdf>]

LaTeX Warning: Reference `eq:predictions-equivalence' on page 1 undefined on in
put line 79.


LaTeX Warning: Reference `sec:cg' on page 1 undefined on input line 83.


LaTeX Warning: Reference `sec:cfg' on page 1 undefined on input line 92.

[248]

LaTeX Warning: Reference `subsec:tfg' on page 1 undefined on input line 132.


LaTeX Warning: Reference `eq:generic-guided-score' on page 1 undefined on input
 line 194.


LaTeX Warning: Reference `eq:generic-guided-score' on page 1 undefined on input
 line 206.


LaTeX Warning: Reference `subsec:guided-marginal-path' on page 1 undefined on i
nput line 215.

[249]

LaTeX Warning: Reference `fig:guidance' on page 1 undefined on input line 219.


LaTeX Warning: Reference `sec:rlhf-dpo' on page 1 undefined on input line 299.

[250]

LaTeX Warning: Reference `eq:cg_omega' on page 1 undefined on input line 455.


LaTeX Warning: Reference `subsec:guided-marginal-path' on page 1 undefined on i
nput line 459.

[251]

LaTeX Warning: Reference `eq:cg_omega' on page 1 undefined on input line 492.

[252] [253]

LaTeX Warning: Reference `eq:cg_omega' on page 1 undefined on input line 553.


LaTeX Warning: Reference `eq:cfg-model' on page 1 undefined on input line 573.


LaTeX Warning: Reference `eq:cg_omega' on page 1 undefined on input line 574.


LaTeX Warning: Reference `subsec:guided-marginal-path' on page 1 undefined on i
nput line 578.

[254 <./Images/PartB/classifier_guidance_v2.pdf>]

LaTeX Warning: Reference `alg:cfg_training' on page 1 undefined on input line 6
03.


LaTeX Warning: Reference `alg:no_cfg_training' on page 1 undefined on input lin
e 604.


pdfTeX warning (ext4): destination with the same identifier (name{ALG@line.1}) 
has been already used, duplicate ignored
<to be read again> 
                   \relax 
l.613       \Repeat
                   
pdfTeX warning (ext4): destination with the same identifier (name{ALG@line.2}) 
has been already used, duplicate ignored
<to be read again> 
                   \relax 
l.614         \State
                     $\rvx \sim p_{\text{data}}(\rvx)$
pdfTeX warning (ext4): destination with the same identifier (name{ALG@line.3}) 
has been already used, duplicate ignored
<to be read again> 
                   \relax 
l.615         \State
                     $t \sim \mathcal{U}[0, T]$
pdfTeX warning (ext4): destination with the same identifier (name{ALG@line.4}) 
has been already used, duplicate ignored
<to be read again> 
                   \relax 
l.616         \State
                     $\bm{\epsilon} \sim \mathcal{N}(\mathbf{0}, \mathbf{I})$
pdfTeX warning (ext4): destination with the same identifier (name{ALG@line.5}) 
has been already used, duplicate ignored
<to be read again> 
                   \relax 
l.617         \State
                     $\rvx_t = \alpha_t \rvx + \sigma_t \bm{\epsilon}$
pdfTeX warning (ext4): destination with the same identifier (name{ALG@line.6}) 
has been already used, duplicate ignored
<to be read again> 
                   \relax 
l.618         \State
                     Take gradient step on:
pdfTeX warning (ext4): destination with the same identifier (name{ALG@line.7}) 
has been already used, duplicate ignored
<to be read again> 
                   \relax 
l.620       \Until
                  {converged}
Underfull \hbox (badness 4479) in paragraph at lines 631--632
[][]$\OML/lmm/m/it/10 p[]$\T1/lmr/m/n/10 (+20) : prob. of un-con-di-tional

pdfTeX warning (ext4): destination with the same identifier (name{ALG@line.1}) 
has been already used, duplicate ignored
<to be read again> 
                   \relax 
l.632       \Repeat
                   
pdfTeX warning (ext4): destination with the same identifier (name{ALG@line.2}) 
has been already used, duplicate ignored
<to be read again> 
                   \relax 
l.633         \State
                     \textcolor{orange}{$(\rvx, \rvc) \sim p_{\text{data}}(\...

pdfTeX warning (ext4): destination with the same identifier (name{ALG@line.3}) 
has been already used, duplicate ignored
<to be read again> 
                   \relax 
l.634         \State
                     \textcolor{orange}{$\rvc \gets \emptyset$ with prob. $p...

pdfTeX warning (ext4): destination with the same identifier (name{ALG@line.4}) 
has been already used, duplicate ignored
<to be read again> 
                   \relax 
l.635         \State
                     $t \sim \mathcal{U}[0, T]$
pdfTeX warning (ext4): destination with the same identifier (name{ALG@line.5}) 
has been already used, duplicate ignored
<to be read again> 
                   \relax 
l.636         \State
                     $\bm{\epsilon} \sim \mathcal{N}(\mathbf{0}, \mathbf{I})$
pdfTeX warning (ext4): destination with the same identifier (name{ALG@line.6}) 
has been already used, duplicate ignored
<to be read again> 
                   \relax 
l.637         \State
                     $\rvx_t = \alpha_t \rvx + \sigma_t \bm{\epsilon}$
pdfTeX warning (ext4): destination with the same identifier (name{ALG@line.7}) 
has been already used, duplicate ignored
<to be read again> 
                   \relax 
l.638         \State
                     Take gradient step on:
pdfTeX warning (ext4): destination with the same identifier (name{ALG@line.8}) 
has been already used, duplicate ignored
<to be read again> 
                   \relax 
l.640       \Until
                  {converged}

LaTeX Warning: Reference `alg:cfg_training' on page 255 undefined on input line
 650.

[255] [256]

LaTeX Warning: Reference `eq:guidance_bayes' on page 1 undefined on input line 
695.


LaTeX Warning: Reference `subsec:tfg' on page 1 undefined on input line 700.


LaTeX Warning: Reference `subsec:guided-marginal-path' on page 1 undefined on i
nput line 702.


LaTeX Warning: Reference `subsec:inverse-problem' on page 1 undefined on input 
line 704.


LaTeX Warning: Reference `eq:ddim-update-all' on page 1 undefined on input line
 729.

[257]

LaTeX Warning: Reference `eq:ddim-update-clean-noise-score' on page 1 undefined
 on input line 769.


LaTeX Warning: Reference `sec:prologue-guidance' on page 1 undefined on input l
ine 822.


LaTeX Warning: Reference `eq:ddim-update-clean-noise-guide' on page 1 undefined
 on input line 843.


LaTeX Warning: Reference `eq:generic-guided-score' on page 1 undefined on input
 line 851.

[258] [259]

LaTeX Warning: Reference `eq:guided-fixed-time-tilt' on page 1 undefined on inp
ut line 963.


LaTeX Warning: Citation 'skreta2025feynman' on page 260 undefined on input line
 1042.


Overfull \hbox (32.48372pt too wide) in paragraph at lines 1041--1045
[]\T1/lmr/m/n/10.95 (-20) Correction-based ap-proaches such as Feynman-Kac Cor-
rec-tors ([])

LaTeX Warning: Reference `subsec:tfg' on page 1 undefined on input line 1047.

[260]

LaTeX Warning: Reference `eq:bayes_rule' on page 1 undefined on input line 1094
.

[261]

LaTeX Warning: Reference `eq:tweedie' on page 1 undefined on input line 1195.

[262]

LaTeX Warning: Reference `eq:bayes_rule' on page 1 undefined on input line 1231
.


LaTeX Warning: Citation 'delbracio2023inversion' on page 263 undefined on input
 line 1233.

[263] [264] [265]

LaTeX Warning: Reference `subsec:rlhf-bradley-terry' on page 1 undefined on inp
ut line 1344.


LaTeX Warning: Reference `subsec:dpo' on page 1 undefined on input line 1344.


LaTeX Warning: Reference `subsec:diffusion-dpo' on page 1 undefined on input li
ne 1344.

[266]

LaTeX Warning: Reference `eq:rm-emp' on page 1 undefined on input line 1364.


Package fancyhdr Warning: \headheight is too small (14.4pt): 
(fancyhdr)                Make it at least 26.32425pt, for example:
(fancyhdr)                \setlength{\headheight}{26.32425pt}.
(fancyhdr)                You might also make \topmargin smaller:
(fancyhdr)                \addtolength{\topmargin}{-11.92426pt}.

[267]

LaTeX Warning: Reference `eq:rm-emp' on page 1 undefined on input line 1401.


LaTeX Warning: Reference `eq:rm-bt' on page 1 undefined on input line 1416.


LaTeX Warning: Reference `eq:rm-bt' on page 1 undefined on input line 1419.


LaTeX Warning: Reference `eq:rm-bt' on page 1 undefined on input line 1431.


LaTeX Warning: Reference `eq:rm-bt' on page 1 undefined on input line 1433.


LaTeX Warning: Reference `eq:reward_loss' on page 1 undefined on input line 143
3.


LaTeX Warning: Reference `eq:rlhf-policy-correct' on page 1 undefined on input 
line 1433.

[268]

Package fancyhdr Warning: \headheight is too small (14.4pt): 
(fancyhdr)                Make it at least 26.32425pt, for example:
(fancyhdr)                \setlength{\headheight}{26.32425pt}.
(fancyhdr)                You might also make \topmargin smaller:
(fancyhdr)                \addtolength{\topmargin}{-11.92426pt}.

[269]

LaTeX Warning: Reference `eq:rlhf-policy-correct' on page 1 undefined on input 
line 1563.


Overfull \hbox (13.97963pt too wide) in paragraph at lines 1568--1570
\T1/lmr/m/n/10.95 (-20) where $\OML/lmm/m/it/10.95 ^^Y[]\OT1/lmr/m/n/10.95 (-20
) (\OT1/lmr/bx/n/10.95 (-20) x\OMS/lmsy/m/n/10.95 j\OT1/lmr/bx/n/10.95 (-20) c\
OT1/lmr/m/n/10.95 (-20) ) := \OML/lmm/m/it/10.95 p[]\OT1/lmr/m/n/10.95 (-20) (\
OT1/lmr/bx/n/10.95 (-20) x\OMS/lmsy/m/n/10.95 j\OT1/lmr/bx/n/10.95 (-20) c\OT1/
lmr/m/n/10.95 (-20) )$\T1/lmr/m/n/10.95 (-20) , and $\OML/lmm/m/it/10.95 Z\OT1/
lmr/m/n/10.95 (-20) (\OT1/lmr/bx/n/10.95 (-20) c\OT1/lmr/m/n/10.95 (-20) )$ \T1
/lmr/m/n/10.95 (-20) is the par-ti-tion func-tion en-sur-ing $[] \OML/lmm/m/it/
10.95 ^^Y[]\OT1/lmr/m/n/10.95 (-20) (\OT1/lmr/bx/n/10.95 (-20) x\OMS/lmsy/m/n/1
0.95 j\OT1/lmr/bx/n/10.95 (-20) c\OT1/lmr/m/n/10.95 (-20) ) []  d\OT1/lmr/bx/n/
10.95 (-20) x \OT1/lmr/m/n/10.95 (-20) =

LaTeX Warning: Reference `eq:rlhf-closed-form' on page 1 undefined on input lin
e 1573.


LaTeX Warning: Reference `eq:rlhf-closed-form' on page 1 undefined on input lin
e 1574.


LaTeX Warning: Reference `eq:rlhf-closed-form' on page 1 undefined on input lin
e 1575.


LaTeX Warning: Reference `eq:rlhf-closed-form' on page 1 undefined on input lin
e 1582.


LaTeX Warning: Reference `eq:rlhf-policy-correct' on page 1 undefined on input 
line 1582.


LaTeX Warning: Reference `eq:implicit-reward' on page 1 undefined on input line
 1596.


LaTeX Warning: Reference `eq:rm-bt' on page 1 undefined on input line 1596.

[270]

LaTeX Warning: Reference `subsec:dpo' on page 1 undefined on input line 1628.


LaTeX Warning: Reference `eq:score-sde-likelihood' on page 1 undefined on input
 line 1633.


Package fancyhdr Warning: \headheight is too small (14.4pt): 
(fancyhdr)                Make it at least 26.32425pt, for example:
(fancyhdr)                \setlength{\headheight}{26.32425pt}.
(fancyhdr)                You might also make \topmargin smaller:
(fancyhdr)                \addtolength{\topmargin}{-11.92426pt}.

[271]

LaTeX Warning: Reference `eq:diffusion-dpo' on page 1 undefined on input line 1
722.

[272]

LaTeX Warning: Reference `eq:diffusion-dpo' on page 1 undefined on input line 1
744.


Overfull \hbox (22.7138pt too wide) detected at line 1761
[]

Package fancyhdr Warning: \headheight is too small (14.4pt): 
(fancyhdr)                Make it at least 26.32425pt, for example:
(fancyhdr)                \setlength{\headheight}{26.32425pt}.
(fancyhdr)                You might also make \topmargin smaller:
(fancyhdr)                \addtolength{\topmargin}{-11.92426pt}.

[273]

LaTeX Warning: Reference `eq:dpo-path-bound' on page 1 undefined on input line 
1806.


Overfull \hbox (7.46802pt too wide) detected at line 1904
[]
[274]

LaTeX Warning: Reference `mdf@pagelabel-19' on page 275 undefined on input line
 1931.


Package fancyhdr Warning: \headheight is too small (14.4pt): 
(fancyhdr)                Make it at least 26.32425pt, for example:
(fancyhdr)                \setlength{\headheight}{26.32425pt}.
(fancyhdr)                You might also make \topmargin smaller:
(fancyhdr)                \addtolength{\topmargin}{-11.92426pt}.

[275]) (./Chapter-7-Sophisticated-Solvers-for-Fast-Sampling.tex [276]
Chapter 9.

LaTeX Warning: Reference `app:de' on page 1 undefined on input line 5.


LaTeX Warning: Reference `ch:fast-scratch' on page 1 undefined on input line 8.



LaTeX Warning: Reference `ch:distillation' on page 1 undefined on input line 8.



LaTeX Warning: Reference `app:de' on page 1 undefined on input line 22.

[277] [278]

LaTeX Warning: Reference `ch:fast-scratch' on page 1 undefined on input line 47
.


LaTeX Warning: Reference `ch:distillation' on page 1 undefined on input line 47
.


LaTeX Warning: Reference `sec:equivalent-parametrizations' on page 1 undefined 
on input line 68.

[279]

LaTeX Warning: Reference `eq:flow-map-def' on page 1 undefined on input line 10
2.


LaTeX Warning: Reference `eq:solution-int-score' on page 1 undefined on input l
ine 110.


LaTeX Warning: Reference `eq:time-step-def' on page 1 undefined on input line 1
36.

[280]

LaTeX Warning: Reference `app:de-solver-examples' on page 1 undefined on input 
line 194.


LaTeX Warning: Reference `eq:classic-solvers' on page 1 undefined on input line
 195.


LaTeX Warning: Reference `sec:cfg' on page 1 undefined on input line 210.

[281]

LaTeX Warning: Reference `app:de-solver' on page 1 undefined on input line 231.



LaTeX Warning: Reference `eq:predictions-equivalence' on page 1 undefined on in
put line 299.

[282] [283]

LaTeX Warning: Reference `tb:pf-ode-parameterizations' on page 1 undefined on i
nput line 402.


LaTeX Warning: Reference `eq:predictions-equivalence' on page 1 undefined on in
put line 479.


LaTeX Warning: Reference `eq:general-semilinear-pfode' on page 1 undefined on i
nput line 487.

[284]

LaTeX Warning: Reference `mdf@pagelabel-20' on page 285 undefined on input line
 511.


LaTeX Warning: Reference `app:exp-int-factor' on page 1 undefined on input line
 512.


LaTeX Warning: Reference `eq:factored-variation-of-constants' on page 1 undefin
ed on input line 571.


LaTeX Warning: Reference `eq:factored-ei-step' on page 1 undefined on input lin
e 577.

[285]

LaTeX Warning: Reference `eq:factored-ei-step' on page 1 undefined on input lin
e 644.


LaTeX Warning: Reference `sec:revisit-ddim' on page 1 undefined on input line 6
68.


LaTeX Warning: Reference `sec:exponential' on page 1 undefined on input line 67
0.


LaTeX Warning: Reference `sec:dpm' on page 1 undefined on input line 671.


LaTeX Warning: Reference `sec:dpm++' on page 1 undefined on input line 673.


LaTeX Warning: Reference `sec:picard' on page 1 undefined on input line 677.

[286]

LaTeX Warning: Reference `eq:classic-solvers' on page 1 undefined on input line
 682.


LaTeX Warning: Reference `sec:dpm' on page 1 undefined on input line 731.


LaTeX Warning: Reference `sec:revisit-ddim' on page 1 undefined on input line 7
31.


LaTeX Warning: Reference `sec:dpm++' on page 1 undefined on input line 731.


LaTeX Warning: Reference `sec:dpm' on page 1 undefined on input line 731.


LaTeX Warning: Reference `sec:dpm++' on page 1 undefined on input line 731.


LaTeX Warning: Reference `sec:exponential' on page 1 undefined on input line 73
1.


LaTeX Warning: Reference `sec:picard' on page 1 undefined on input line 731.

[287]

LaTeX Warning: Reference `subsec:ddim' on page 1 undefined on input line 761.


LaTeX Warning: Reference `sec:prologue-solvers' on page 1 undefined on input li
ne 763.


LaTeX Warning: Reference `eq:variation_of_constants' on page 1 undefined on inp
ut line 775.

[288]

LaTeX Warning: Reference `eq:predictions-equivalence' on page 1 undefined on in
put line 898.


Underfull \vbox (badness 10000) has occurred while \output is active [289]

LaTeX Warning: Reference `eq:ddim-update-all' on page 1 undefined on input line
 964.


LaTeX Warning: Reference `eq:ddim-local-defect' on page 1 undefined on input li
ne 997.


LaTeX Warning: Reference `eq:ddim-local-defect' on page 1 undefined on input li
ne 997.


LaTeX Warning: Reference `eq:predictions-equivalence' on page 1 undefined on in
put line 1005.


LaTeX Warning: Reference `eq:predictions-equivalence' on page 1 undefined on in
put line 1022.

[290] [291 <./Images/PartB/Euler.pdf>]

LaTeX Warning: Reference `subsec:ddim-classical-euler' on page 1 undefined on i
nput line 1118.


LaTeX Warning: Reference `subsec:ddim-classical-euler' on page 1 undefined on i
nput line 1127.

[292]

LaTeX Warning: Reference `subsec:concept-why-v-affine' on page 1 undefined on i
nput line 1268.

[293]

LaTeX Warning: Reference `eq:general-semilinear-pfode' on page 1 undefined on i
nput line 1286.

[294] [295] [296]

LaTeX Warning: Reference `eq:noise_pf_ode' on page 1 undefined on input line 16
21.


LaTeX Warning: Reference `eq:ddim-coordinate-ode-rho' on page 1 undefined on in
put line 1670.

[297]

LaTeX Warning: Reference `sec:dpm' on page 1 undefined on input line 1730.


LaTeX Warning: Reference `sec:dpm' on page 1 undefined on input line 1767.

[298]

LaTeX Warning: Reference `mdf@pagelabel-21' on page 299 undefined on input line
 1848.

[299]

LaTeX Warning: Reference `eq:ddim-reverse-kernel-def' on page 1 undefined on in
put line 1893.


LaTeX Warning: Reference `eq:ddim-reverse-kernel-param' on page 1 undefined on 
input line 1921.

[300]

LaTeX Warning: Reference `eq:ddim-coefficients' on page 1 undefined on input li
ne 2000.


LaTeX Warning: Reference `eq:ddim-reverse-kernel-param' on page 1 undefined on 
input line 2001.


LaTeX Warning: Reference `eq:ddim-reverse-kernel-result' on page 1 undefined on
 input line 2045.


LaTeX Warning: Reference `eq:ddim-reverse-kernel-result' on page 1 undefined on
 input line 2073.

[301]

LaTeX Warning: Reference `mdf@pagelabel-22' on page 302 undefined on input line
 2091.


LaTeX Warning: Reference `eq:ddim-coefficients' on page 1 undefined on input li
ne 2142.

[302]

LaTeX Warning: Reference `sec:flow-matching-framework' on page 1 undefined on i
nput line 2202.

[303] [304]

LaTeX Warning: Reference `eq:variation_of_constants' on page 1 undefined on inp
ut line 2330.


LaTeX Warning: Reference `app:de-solver-examples' on page 1 undefined on input 
line 2356.


LaTeX Warning: Reference `subsec:poly-extrapolation' on page 1 undefined on inp
ut line 2373.


LaTeX Warning: Reference `subsec:deis-lagrange' on page 1 undefined on input li
ne 2374.


LaTeX Warning: Reference `sec:ddim-deis' on page 1 undefined on input line 2375
.

[305] [306]

LaTeX Warning: Reference `eq:variation_of_constants' on page 1 undefined on inp
ut line 2487.

[307 <./Images/PartC/DEIS.pdf>]

LaTeX Warning: Reference `eq:variation_of_constants' on page 1 undefined on inp
ut line 2559.

[308]
Overfull \hbox (26.71896pt too wide) in paragraph at lines 2623--2627
\T1/lmr/m/n/10.95 (-20) where $\OML/lmm/m/it/10.95 `[]$ \T1/lmr/m/n/10.95 (-20)
 is the La-grange ba-sis of de-gree $\OML/lmm/m/it/10.95 i[]\OT1/lmr/m/n/10.95 
(-20) 1$ \T1/lmr/m/n/10.95 (-20) built on the nodes at time $\OMS/lmsy/m/n/10.9
5 f\OML/lmm/m/it/10.95 t[]; t[]; [] ; t[]\OMS/lmsy/m/n/10.95 g$\T1/lmr/m/n/10.9
5 (-20) .

Overfull \vbox (0.57817pt too high) detected at line 2681

Overfull \vbox (1.57817pt too high) detected at line 2681

Overfull \vbox (2.57817pt too high) detected at line 2681

Overfull \vbox (3.57817pt too high) detected at line 2681

Overfull \vbox (4.57817pt too high) detected at line 2681

Overfull \vbox (5.57817pt too high) detected at line 2681

Overfull \vbox (6.57817pt too high) detected at line 2681

Overfull \vbox (7.57817pt too high) detected at line 2681

Overfull \vbox (8.57817pt too high) detected at line 2681

Overfull \vbox (9.57817pt too high) detected at line 2681

Overfull \vbox (10.57817pt too high) detected at line 2681

Overfull \vbox (11.57817pt too high) detected at line 2681

Overfull \vbox (12.57817pt too high) detected at line 2681

Overfull \vbox (13.57817pt too high) detected at line 2681

Overfull \vbox (14.57817pt too high) detected at line 2681

Overfull \vbox (15.57817pt too high) detected at line 2681

Overfull \vbox (16.57817pt too high) detected at line 2681

Overfull \vbox (17.57817pt too high) detected at line 2681

Overfull \vbox (18.57817pt too high) detected at line 2681

Overfull \vbox (19.57817pt too high) detected at line 2681

Overfull \vbox (20.57817pt too high) detected at line 2681

Overfull \vbox (21.57817pt too high) detected at line 2681

Overfull \vbox (22.57817pt too high) detected at line 2681

Overfull \vbox (23.57817pt too high) detected at line 2681

Overfull \vbox (24.57817pt too high) detected at line 2681

Overfull \vbox (25.57817pt too high) detected at line 2681

Overfull \vbox (26.57817pt too high) detected at line 2681

Overfull \vbox (27.57817pt too high) detected at line 2681

Overfull \vbox (28.57817pt too high) detected at line 2681

Overfull \vbox (29.57817pt too high) detected at line 2681

Overfull \vbox (30.57817pt too high) detected at line 2681

Overfull \vbox (31.57817pt too high) detected at line 2681

Overfull \vbox (32.57817pt too high) detected at line 2681

Overfull \vbox (33.57817pt too high) detected at line 2681

Overfull \vbox (34.57817pt too high) detected at line 2681

Overfull \vbox (35.57817pt too high) detected at line 2681

Overfull \vbox (36.57817pt too high) detected at line 2681

Overfull \vbox (37.57817pt too high) detected at line 2681

Overfull \vbox (38.57817pt too high) detected at line 2681

Overfull \vbox (39.57817pt too high) detected at line 2681

Overfull \vbox (40.57817pt too high) detected at line 2681

Overfull \vbox (41.57817pt too high) detected at line 2681

Overfull \vbox (42.57817pt too high) detected at line 2681

Overfull \vbox (43.57817pt too high) detected at line 2681

Overfull \vbox (44.57817pt too high) detected at line 2681

Overfull \vbox (45.57817pt too high) detected at line 2681

Overfull \vbox (46.57817pt too high) detected at line 2681

Overfull \vbox (47.57817pt too high) detected at line 2681

Overfull \vbox (48.57817pt too high) detected at line 2681

Overfull \vbox (49.57817pt too high) detected at line 2681

Overfull \vbox (50.57817pt too high) detected at line 2681

Overfull \vbox (51.57817pt too high) detected at line 2681

Overfull \vbox (52.57817pt too high) detected at line 2681

Overfull \vbox (53.57817pt too high) detected at line 2681

Overfull \vbox (54.57817pt too high) detected at line 2681

Overfull \vbox (55.57817pt too high) detected at line 2681

Overfull \vbox (56.57817pt too high) detected at line 2681

Overfull \vbox (57.57817pt too high) detected at line 2681

Overfull \vbox (58.57817pt too high) detected at line 2681

Overfull \vbox (59.57817pt too high) detected at line 2681

Overfull \vbox (60.57817pt too high) detected at line 2681

Overfull \vbox (61.57817pt too high) detected at line 2681

Overfull \vbox (62.57817pt too high) detected at line 2681

Overfull \vbox (63.57817pt too high) detected at line 2681

Overfull \vbox (64.57817pt too high) detected at line 2681

Overfull \vbox (65.57817pt too high) detected at line 2681

Overfull \vbox (66.57817pt too high) detected at line 2681

Overfull \vbox (67.57817pt too high) detected at line 2681

Overfull \vbox (68.57817pt too high) detected at line 2681

Overfull \vbox (69.57817pt too high) detected at line 2681

Overfull \vbox (70.57817pt too high) detected at line 2681

Overfull \vbox (71.57817pt too high) detected at line 2681

Overfull \vbox (72.57817pt too high) detected at line 2681

Overfull \vbox (73.57817pt too high) detected at line 2681

Overfull \vbox (74.57817pt too high) detected at line 2681

Overfull \vbox (75.57817pt too high) detected at line 2681

Overfull \vbox (76.57817pt too high) detected at line 2681

Overfull \vbox (77.57817pt too high) detected at line 2681

Overfull \vbox (78.57817pt too high) detected at line 2681

Overfull \vbox (79.57817pt too high) detected at line 2681

Overfull \vbox (80.57817pt too high) detected at line 2681

Overfull \vbox (81.57817pt too high) detected at line 2681

Overfull \vbox (82.57817pt too high) detected at line 2681

Overfull \vbox (83.57817pt too high) detected at line 2681

Overfull \vbox (84.57817pt too high) detected at line 2681

Overfull \vbox (85.57817pt too high) detected at line 2681

Overfull \vbox (86.57817pt too high) detected at line 2681

Overfull \vbox (87.57817pt too high) detected at line 2681

Overfull \vbox (88.57817pt too high) detected at line 2681

Overfull \vbox (89.57817pt too high) detected at line 2681

Overfull \vbox (90.57817pt too high) detected at line 2681

Overfull \vbox (91.57817pt too high) detected at line 2681

Overfull \vbox (92.57817pt too high) detected at line 2681

Overfull \vbox (93.57817pt too high) detected at line 2681

Overfull \vbox (94.57817pt too high) detected at line 2681

Overfull \vbox (95.57817pt too high) detected at line 2681

Overfull \vbox (96.57817pt too high) detected at line 2681

Package mdframed Warning: correct box splittet fails
 It seems you are using a non splittable contents
(mdframed)                 on input line 2681.

[309]

LaTeX Warning: Reference `mdf@pagelabel-23' on page 310 undefined on input line
 2681.


LaTeX Warning: Reference `eq:deis-0' on page 1 undefined on input line 2727.


LaTeX Warning: Reference `eq:ddim-euler' on page 1 undefined on input line 2727
.

[310]

LaTeX Warning: Reference `subsec:dpm-solver++-multi' on page 1 undefined on inp
ut line 2737.


LaTeX Warning: Reference `subsec:dpm-deis' on page 1 undefined on input line 27
44.

[311]

LaTeX Warning: Reference `sec:revisit-ddim' on page 1 undefined on input line 2
764.


LaTeX Warning: Reference `eq:ddim-coordinate-ode-t' on page 1 undefined on inpu
t line 2802.


LaTeX Warning: Reference `eq:lambda' on page 1 undefined on input line 2812.


LaTeX Warning: Reference `eq:lambda' on page 1 undefined on input line 2817.

[312]

LaTeX Warning: Reference `eq:noise-alpha-sigma' on page 1 undefined on input li
ne 2873.


LaTeX Warning: Reference `mdf@pagelabel-24' on page 313 undefined on input line
 2908.


LaTeX Warning: Reference `eq:diffusion_ode_lambda_eps' on page 1 undefined on i
nput line 2911.


LaTeX Warning: Reference `eq:diffusion_ode_lambda_eps' on page 1 undefined on i
nput line 2969.

[313] [314]

LaTeX Warning: Reference `eq:analytic_solution' on page 1 undefined on input li
ne 3082.

[315]

LaTeX Warning: Reference `eqn:analytic_solution_each_step' on page 1 undefined 
on input line 3152.


LaTeX Warning: Reference `mdf@pagelabel-25' on page 316 undefined on input line
 3182.


LaTeX Warning: Reference `subsec:ddim=dpm-solver-1' on page 1 undefined on inpu
t line 3217.

[316]

LaTeX Warning: Reference `eq:analytic_expansion' on page 1 undefined on input l
ine 3311.

[317]

LaTeX Warning: Reference `alg:dpm-solver-2' on page 1 undefined on input line 3
389.


LaTeX Warning: Reference `eq:dpm-solver-2-app' on page 1 undefined on input lin
e 3390.


pdfTeX warning (ext4): destination with the same identifier (name{ALG@line.1}) 
has been already used, duplicate ignored
<to be read again> 
                   \relax 
l.3398         \State
                      $\tilde\rvx_{t_0}\gets\rvx_T$
pdfTeX warning (ext4): destination with the same identifier (name{ALG@line.2}) 
has been already used, duplicate ignored
<to be read again> 
                   \relax 
l.3399         \For
                   {$i\gets 1$ to $M$}
pdfTeX warning (ext4): destination with the same identifier (name{ALG@line.3}) 
has been already used, duplicate ignored
<to be read again> 
                   \relax 
l.3400         \State
                      $h_i \gets \lambda_{t_i}-\lambda_{t_{i-1}}$
pdfTeX warning (ext4): destination with the same identifier (name{ALG@line.4}) 
has been already used, duplicate ignored
<to be read again> 
                   \relax 
l.3401         \State
                      $s_i^{\mathrm{mid}}
pdfTeX warning (ext4): destination with the same identifier (name{ALG@line.5}) 
has been already used, duplicate ignored
<to be read again> 
                   \relax 
l.3406         \State
                     
pdfTeX warning (ext4): destination with the same identifier (name{ALG@line.6}) 
has been already used, duplicate ignored
<to be read again> 
                   \relax 
l.3416         \State
                     
pdfTeX warning (ext4): destination with the same identifier (name{ALG@line.7}) 
has been already used, duplicate ignored
<to be read again> 
                   \relax 
l.3426         \EndFor
                      
pdfTeX warning (ext4): destination with the same identifier (name{ALG@line.8}) 
has been already used, duplicate ignored
<to be read again> 
                   \relax 
l.3427         \State
                      \Return $\tilde\rvx_{t_M}$ [318]

LaTeX Warning: Reference `eq:dpm-solver-2-app' on page 1 undefined on input lin
e 3470.


Underfull \vbox (badness 1622) has occurred while \output is active [319]

LaTeX Warning: Reference `alg:dpm-solver-2' on page 1 undefined on input line 3
501.


LaTeX Warning: Reference `eq:ddim-euler' on page 1 undefined on input line 3591
.


LaTeX Warning: Reference `eq:dpm-1' on page 1 undefined on input line 3591.


LaTeX Warning: Reference `eq:ddim-euler' on page 1 undefined on input line 3591
.

[320]

LaTeX Warning: Reference `subsec:ddim=dpm-solver-1' on page 1 undefined on inpu
t line 3604.


LaTeX Warning: Reference `app:de-solver-examples' on page 1 undefined on input 
line 3611.


LaTeX Warning: Reference `eq:diffusion_ode_lambda_eps' on page 1 undefined on i
nput line 3622.

[321]

LaTeX Warning: Reference `alg:dpm-solver-2' on page 1 undefined on input line 3
676.


LaTeX Warning: Reference `eq:diffusion_ode_lambda_eps' on page 1 undefined on i
nput line 3734.

[322]

LaTeX Warning: Reference `alg:dpm-solver-2' on page 1 undefined on input line 3
799.


LaTeX Warning: Reference `eq:predictions-equivalence' on page 1 undefined on in
put line 3881.


LaTeX Warning: Reference `subsec:ddim-classical-euler' on page 1 undefined on i
nput line 3881.

[323] [324]

LaTeX Warning: Reference `ch:guidance' on page 1 undefined on input line 3909.


LaTeX Warning: Reference `eq:predictions-equivalence' on page 1 undefined on in
put line 3924.


LaTeX Warning: Reference `eq:analytic_solution' on page 1 undefined on input li
ne 3935.


LaTeX Warning: Reference `eq:change-of-var-x-epsilon' on page 1 undefined on in
put line 3949.

[325]

LaTeX Warning: Reference `subsec:dpm-method-2' on page 1 undefined on input lin
e 4001.


LaTeX Warning: Reference `eq:dpmpp-data-exact' on page 1 undefined on input lin
e 4039.


Overfull \hbox (7.01065pt too wide) detected at line 4059
[]

LaTeX Warning: Reference `eq:analytic_expansion' on page 1 undefined on input l
ine 4060.

[326]

LaTeX Warning: Reference `alg:dpm-solver-2' on page 1 undefined on input line 4
155.


LaTeX Warning: Reference `alg:dpmpp-2s-mid' on page 1 undefined on input line 4
156.


pdfTeX warning (ext4): destination with the same identifier (name{ALG@line.1}) 
has been already used, duplicate ignored
<to be read again> 
                   \relax 
l.4165     \State
                  $\tilde\rvx_{t_0}\gets\rvx_T$
pdfTeX warning (ext4): destination with the same identifier (name{ALG@line.2}) 
has been already used, duplicate ignored
<to be read again> 
                   \relax 
l.4166     \State
                  $\lambda_{t_i}\gets\log(\alpha_{t_i}/\sigma_{t_i})$
pdfTeX warning (ext4): destination with the same identifier (name{ALG@line.3}) 
has been already used, duplicate ignored
<to be read again> 
                   \relax 
l.4168     \State
                 
pdfTeX warning (ext4): destination with the same identifier (name{ALG@line.4}) 
has been already used, duplicate ignored
<to be read again> 
                   \relax 
l.4174     \For
               {$i\gets1$ \textbf{to} $M$}
pdfTeX warning (ext4): destination with the same identifier (name{ALG@line.5}) 
has been already used, duplicate ignored
<to be read again> 
                   \relax 
l.4175         \State
                     
pdfTeX warning (ext4): destination with the same identifier (name{ALG@line.6}) 
has been already used, duplicate ignored
<to be read again> 
                   \relax 
l.4180         \State
                     
pdfTeX warning (ext4): destination with the same identifier (name{ALG@line.7}) 
has been already used, duplicate ignored
<to be read again> 
                   \relax 
l.4188         \State
                     
pdfTeX warning (ext4): destination with the same identifier (name{ALG@line.8}) 
has been already used, duplicate ignored
<to be read again> 
                   \relax 
l.4201         \State
                     
pdfTeX warning (ext4): destination with the same identifier (name{ALG@line.9}) 
has been already used, duplicate ignored
<to be read again> 
                   \relax 
l.4208         \State
                      [327]

LaTeX Warning: Reference `eq:dpmpp-taylor-expansion' on page 1 undefined on inp
ut line 4248.


LaTeX Warning: Reference `eq:dpmpp-taylor-expansion' on page 1 undefined on inp
ut line 4287.

[328]

LaTeX Warning: Reference `mdf@pagelabel-26' on page 329 undefined on input line
 4447.

[329]

LaTeX Warning: Reference `alg:dpmpp-2m' on page 1 undefined on input line 4477.



pdfTeX warning (ext4): destination with the same identifier (name{ALG@line.1}) 
has been already used, duplicate ignored
<to be read again> 
                   \relax 
l.4491     \State
                  $\tilde\rvx_{t_0}\gets\rvx_T$
pdfTeX warning (ext4): destination with the same identifier (name{ALG@line.2}) 
has been already used, duplicate ignored
<to be read again> 
                   \relax 
l.4492     \State
                  $\lambda_{t_i}\gets\log(\alpha_{t_i}/\sigma_{t_i})$
pdfTeX warning (ext4): destination with the same identifier (name{ALG@line.3}) 
has been already used, duplicate ignored
<to be read again> 
                   \relax 
l.4494     \State
                 
pdfTeX warning (ext4): destination with the same identifier (name{ALG@line.4}) 
has been already used, duplicate ignored
<to be read again> 
                   \relax 
l.4504     \State
                 
pdfTeX warning (ext4): destination with the same identifier (name{ALG@line.5}) 
has been already used, duplicate ignored
<to be read again> 
                   \relax 
l.4509     \State
                 
pdfTeX warning (ext4): destination with the same identifier (name{ALG@line.6}) 
has been already used, duplicate ignored
<to be read again> 
                   \relax 
l.4522     \If
              {$M>1$}
pdfTeX warning (ext4): destination with the same identifier (name{ALG@line.7}) 
has been already used, duplicate ignored
<to be read again> 
                   \relax 
l.4523         \State
                     
pdfTeX warning (ext4): destination with the same identifier (name{ALG@line.8}) 
has been already used, duplicate ignored
<to be read again> 
                   \relax 
l.4529     \EndIf
                 
pdfTeX warning (ext4): destination with the same identifier (name{ALG@line.9}) 
has been already used, duplicate ignored
<to be read again> 
                   \relax 
l.4534     \For
               {$i\gets2$ \textbf{to} $M$}
pdfTeX warning (ext4): destination with the same identifier (name{ALG@line.10})
 has been already used, duplicate ignored
<to be read again> 
                   \relax 
l.4535         \State
                     
pdfTeX warning (ext4): destination with the same identifier (name{ALG@line.11})
 has been already used, duplicate ignored
<to be read again> 
                   \relax 
l.4540         \State
                     
pdfTeX warning (ext4): destination with the same identifier (name{ALG@line.12})
 has been already used, duplicate ignored
<to be read again> 
                   \relax 
l.4546         \State
                     
pdfTeX warning (ext4): destination with the same identifier (name{ALG@line.13})
 has been already used, duplicate ignored
<to be read again> 
                   \relax 
l.4557         \State
                     
pdfTeX warning (ext4): destination with the same identifier (name{ALG@line.14})
 has been already used, duplicate ignored
<to be read again> 
                   \relax 
l.4569         \If
                  {$i<M$} [330]

LaTeX Warning: Reference `subsec:dpm-solver++-multi' on page 1 undefined on inp
ut line 4741.

[331]
Overfull \hbox (4.82957pt too wide) in paragraph at lines 4792--4797
[]\T1/lmr/m/n/10.95 (-20) This also high-lights why the con-nec-tion to DEIS is
 spe-cific to DPM-Solver\T1/lmtt/m/n/10.95 ++\T1/lmr/m/n/10.95 (-20) (2M):

LaTeX Warning: Reference `alg:dpmpp-2m' on page 1 undefined on input line 4800.


[332]

LaTeX Warning: Reference `ch:score-sde' on page 1 undefined on input line 4815.



LaTeX Warning: Reference `sec:SMLD' on page 1 undefined on input line 4818.


LaTeX Warning: Citation 'zhao2023unipc' on page 333 undefined on input line 482
2.

[333]
Overfull \hbox (5.70105pt too wide) in paragraph at lines 4932--4933
[]\T1/lmr/m/n/10.95 (-20) In this sec-tion, we turn to the \T1/lmr/m/it/10.95 (
-20) time^^Uparallel \T1/lmr/m/n/10.95 (-20) ap-proach, ex-em-pli-fied by \T1/l
mr/m/it/10.95 (-20) ParaDiGMS\T1/lmr/m/n/10.95 (-20) ,

LaTeX Warning: Reference `eq:picard_T_to_t' on page 1 undefined on input line 4
945.

[334]

LaTeX Warning: Reference `eq:picard_iter_T_to_t' on page 1 undefined on input l
ine 4996.


LaTeX Warning: Reference `eq:picard_iter_T_to_t' on page 1 undefined on input l
ine 5017.

[335]
Underfull \hbox (badness 1515) in paragraph at lines 5060--5060
\T1/lmr/m/n/9 (+20) ward, based on the er-ror

LaTeX Warning: Reference `eq:discrete_picard_decreasing' on page 1 undefined on
 input line 5069.


LaTeX Warning: Reference `eq:discrete_picard_decreasing' on page 1 undefined on
 input line 5098.


Overfull \hbox (19.12971pt too wide) in paragraph at lines 5105--5108
[] [] \T1/lmss/bx/n/10.95 (-20) Step 3. Progress Con-trol and Win-dow Ad-vance.
[] \T1/lmr/m/n/10.95 (-20) Hav-ing formed the left^^Uanchored
[336 <./Images/PartC/paradigm-1.pdf> <./Images/PartC/paradigm-2.pdf

pdfTeX warning: pdflatex (file ./Images/PartC/paradigm-2.pdf): PDF inclusion: m
ultiple pdfs with page group included in a single page
> <./Images/PartC/paradigm-3.pdf

pdfTeX warning: pdflatex (file ./Images/PartC/paradigm-3.pdf): PDF inclusion: m
ultiple pdfs with page group included in a single page
>] (/usr/local/texlive/2026/texmf-dist/tex/latex/lm/ot1lmtt.fd)

LaTeX Warning: Reference `alg:paradigms' on page 1 undefined on input line 5145
.


pdfTeX warning (ext4): destination with the same identifier (name{ALG@line.1}) 
has been already used, duplicate ignored
<to be read again> 
                   \relax 
l.5154     \State
                  $k \gets 0$, $\ell \gets 0$
pdfTeX warning (ext4): destination with the same identifier (name{ALG@line.2}) 
has been already used, duplicate ignored
<to be read again> 
                   \relax 
l.5155     \State
                  Sample $\rvx^{(0)}_0 \sim p_{\mathrm{prior}}$; set $\rvx^{...

pdfTeX warning (ext4): destination with the same identifier (name{ALG@line.3}) 
has been already used, duplicate ignored
<to be read again> 
                   \relax 
l.5156     \While
                 {$\ell < M$}
pdfTeX warning (ext4): destination with the same identifier (name{ALG@line.4}) 
has been already used, duplicate ignored
<to be read again> 
                   \relax 
l.5157       \State
                    $J \gets \min(p,  M-\ell)$   \Comment{current window len...

pdfTeX warning (ext4): destination with the same identifier (name{ALG@line.5}) 
has been already used, duplicate ignored
<to be read again> 
                   \relax 
l.5158       \State
                    \textbfs{Step 1: Parallel}
pdfTeX warning (ext4): destination with the same identifier (name{ALG@line.6}) 
has been already used, duplicate ignored
<to be read again> 
                   \relax 
l.5159       \State
                    For $i=0,\ldots,J-1$: $g_i \gets \rvv_{\bphi^\times} \bi...

pdfTeX warning (ext4): destination with the same identifier (name{ALG@line.7}) 
has been already used, duplicate ignored
<to be read again> 
                   \relax 
l.5161       \State
                    Compute prefix sums $S_j \gets \sum_{i=0}^{j} g_i$ for $...

pdfTeX warning (ext4): destination with the same identifier (name{ALG@line.8}) 
has been already used, duplicate ignored
<to be read again> 
                   \relax 
l.5163       \State
                    \textbfs{Step 2: Cumulative Updates}
pdfTeX warning (ext4): destination with the same identifier (name{ALG@line.9}) 
has been already used, duplicate ignored
<to be read again> 
                   \relax 
l.5164       \State
                    For $j=0,\ldots,J-1$: $\displaystyle \rvx^{(k+1)}_{\ell+...

LaTeX Warning: Reference `eq:window_update' on page 1 undefined on input line 5
165.


pdfTeX warning (ext4): destination with the same identifier (name{ALG@line.10})
 has been already used, duplicate ignored
<to be read again> 
                   \relax 
l.5166       \State
                    \textbfs{Step 3: Progress Control and Window Advance}
pdfTeX warning (ext4): destination with the same identifier (name{ALG@line.11})
 has been already used, duplicate ignored
<to be read again> 
                   \relax 
l.5167       \State
                    For $j=1,\ldots,J-1$: $\mathtt{error}_j \gets \big\|\rvx...

pdfTeX warning (ext4): destination with the same identifier (name{ALG@line.12})
 has been already used, duplicate ignored
<to be read again> 
                   \relax 
l.5168       \State
                    $\displaystyle \mathtt{stride} \gets \min \Big(\,\{\,j\i...

pdfTeX warning (ext4): destination with the same identifier (name{ALG@line.13})
 has been already used, duplicate ignored
<to be read again> 
                   \relax 
l.5169       \State
                    \textbfs{Initialize New Nodes}
pdfTeX warning (ext4): destination with the same identifier (name{ALG@line.14})
 has been already used, duplicate ignored
<to be read again> 
                   \relax 
l.5170         \State
                      For $r=1,\ldots,\min\{\mathtt{stride},\,M-\ell-J\}$:
pdfTeX warning (ext4): destination with the same identifier (name{ALG@line.15})
 has been already used, duplicate ignored
<to be read again> 
                   \relax 
l.5175       \State
                    $\ell \gets \ell + \mathtt{stride}$;\quad $k \gets k+1$
pdfTeX warning (ext4): destination with the same identifier (name{ALG@line.16})
 has been already used, duplicate ignored
<to be read again> 
                   \relax 
l.5176     \EndWhile
                    
pdfTeX warning (ext4): destination with the same identifier (name{ALG@line.17})
 has been already used, duplicate ignored
<to be read again> 
                   \relax 
l.5177     \State
                  \Return $\{\rvx^{(k)}_j\}_{j=0}^{M}$

LaTeX Warning: Reference `eq:window_update' on page 1 undefined on input line 5
190.

[337{/usr/local/texlive/2026/texmf-dist/fonts/enc/dvips/lm/lm-rmtt.enc}]

LaTeX Warning: Reference `eq:window_update' on page 1 undefined on input line 5
207.


Overfull \hbox (0.29749pt too wide) detected at line 5225
[]
[338] [339]

LaTeX Warning: Reference `ch:distillation' on page 1 undefined on input line 52
81.


LaTeX Warning: Reference `ch:fast-scratch' on page 1 undefined on input line 52
84.

[340]) [341] (./Chapter-8-Post-Training-Methods-for-Fast-Sampling.tex
Chapter 10.
[342]

LaTeX Warning: Reference `subsec:four-equiv-para' on page 1 undefined on input 
line 35.


LaTeX Warning: Reference `subsec:sde-sample' on page 1 undefined on input line 
42.

[343]

LaTeX Warning: Reference `sec:VSD' on page 1 undefined on input line 69.


LaTeX Warning: Reference `eq:predictions-equivalence' on page 1 undefined on in
put line 74.


LaTeX Warning: Reference `ch:solvers' on page 1 undefined on input line 91.

[344]

LaTeX Warning: Reference `ch:guidance' on page 1 undefined on input line 133.

[345]

LaTeX Warning: Reference `eq:general-cm-loss' on page 1 undefined on input line
 189.


LaTeX Warning: Reference `app-sec:flow-map' on page 1 undefined on input line 2
00.


LaTeX Warning: Reference `eq:pd-local' on page 1 undefined on input line 204.


LaTeX Warning: Reference `eq:general-cm-loss' on page 1 undefined on input line
 208.


LaTeX Warning: Reference `ch:fast-scratch' on page 1 undefined on input line 20
8.

[346]

LaTeX Warning: Reference `subsec:vsd-discussion' on page 1 undefined on input l
ine 257.


LaTeX Warning: Reference `eq:vsd-grad' on page 1 undefined on input line 265.


LaTeX Warning: Reference `eq:vsd-forward' on page 1 undefined on input line 265
.

[347]
Overfull \hbox (3.05292pt too wide) detected at line 318
[]

LaTeX Warning: Reference `eq:vsd-grad' on page 1 undefined on input line 318.


LaTeX Warning: Reference `app-sec:flow-map' on page 1 undefined on input line 3
18.

[348]

LaTeX Warning: Reference `eq:vsd-grad' on page 1 undefined on input line 348.


LaTeX Warning: Reference `eq:vsd-grad' on page 1 undefined on input line 352.


LaTeX Warning: Reference `eq:f-div' on page 1 undefined on input line 381.

[349]

LaTeX Warning: Reference `eq:vsd-grad' on page 1 undefined on input line 460.


LaTeX Warning: Reference `sec:wgf-distribution-level-training' on page 1 undefi
ned on input line 474.

[350]

LaTeX Warning: Reference `subsec:pd-distillation' on page 1 undefined on input 
line 544.


LaTeX Warning: Reference `subsec:pd-training' on page 1 undefined on input line
 544.


LaTeX Warning: Reference `subsec:pd-guidance' on page 1 undefined on input line
 544.


Overfull \hbox (9.2261pt too wide) in paragraph at lines 549--550
\T1/lmr/m/n/10.95 (-20) In this sec-tion, we fix DDIM in the $\OT1/lmr/bx/n/10.
95 (-20) x$\T1/lmr/m/n/10.95 (-20) -prediction pa-ram-e-ter-i-za-tion as the ti
me^^Ustepping
[351 <./Images/PartD/PD.pdf>]

LaTeX Warning: Reference `eq:solver' on page 1 undefined on input line 563.


LaTeX Warning: Reference `eq:ddim-update-all' on page 1 undefined on input line
 605.

[352]

LaTeX Warning: Reference `eq:pd-optimization' on page 1 undefined on input line
 623.


LaTeX Warning: Reference `pd-ddim' on page 353 undefined on input line 635.


LaTeX Warning: Reference `eq:pd-optimization' on page 1 undefined on input line
 645.

[353]

LaTeX Warning: Reference `eq:general-cm-loss' on page 1 undefined on input line
 662.


LaTeX Warning: Reference `eq:semi-group' on page 1 undefined on input line 664.



LaTeX Warning: Reference `eq:pd-local' on page 1 undefined on input line 680.


LaTeX Warning: Reference `eq:general-cm-loss' on page 1 undefined on input line
 691.

[354]

LaTeX Warning: Reference `eq:pd-local' on page 1 undefined on input line 698.


LaTeX Warning: Reference `eq:pd-local' on page 1 undefined on input line 724.


LaTeX Warning: Reference `eq:cfg-model-nn' on page 1 undefined on input line 87
5.

[355]

LaTeX Warning: Reference `subsec:pd-training' on page 1 undefined on input line
 901.

[356] [357]) (./Chapter-9-Learning-Fast-Generator-from-Scratch.tex
Chapter 11.

LaTeX Warning: Reference `ch:distillation' on page 1 undefined on input line 8.



LaTeX Warning: Reference `eq:flow-map-def' on page 1 undefined on input line 25
.


Underfull \vbox (badness 2799) has occurred while \output is active [358]
[359]

LaTeX Warning: Reference `sec:distillation-prologue' on page 360 undefined on i
nput line 83.


LaTeX Warning: Reference `sec:PD' on page 360 undefined on input line 83.


LaTeX Warning: Reference `sec:discrete-cm' on page 360 undefined on input line 
83.


LaTeX Warning: Reference `sec:CTM' on page 360 undefined on input line 83.


LaTeX Warning: Reference `sec:conti-cm' on page 360 undefined on input line 83.



LaTeX Warning: Reference `sec:MF' on page 360 undefined on input line 83.


LaTeX Warning: Reference `ch:distillation' on page 1 undefined on input line 10
0.


LaTeX Warning: Reference `eq:general-cm-loss:rep' on page 1 undefined on input 
line 101.


LaTeX Warning: Reference `eq:general-cm-loss' on page 360 undefined on input li
ne 136.

[360]

LaTeX Warning: Reference `mdf@pagelabel-27' on page 361 undefined on input line
 137.


LaTeX Warning: Reference `ch:all-equivalent' on page 1 undefined on input line 
154.


LaTeX Warning: Reference `ch:distillation' on page 1 undefined on input line 16
4.

[361 <./Images/PartD/flow-map.pdf>]

LaTeX Warning: Reference `eq:general-cm-loss:rep' on page 1 undefined on input 
line 213.

[362]

LaTeX Warning: Reference `eq:general-cm-loss:rep' on page 1 undefined on input 
line 250.


Underfull \vbox (badness 3271) has occurred while \output is active [363]

LaTeX Warning: Reference `sec:discrete-cm' on page 1 undefined on input line 29
5.


LaTeX Warning: Reference `sec:conti-cm' on page 1 undefined on input line 296.


LaTeX Warning: Reference `sec:CTM' on page 1 undefined on input line 299.


LaTeX Warning: Reference `sec:MF' on page 1 undefined on input line 299.


LaTeX Warning: Reference `sec:edm' on page 1 undefined on input line 302.


LaTeX Warning: Reference `fig:timeline' on page 1 undefined on input line 310.

[364]

LaTeX Warning: Reference `sec:conti-cm' on page 1 undefined on input line 336.


LaTeX Warning: Reference `sec:discrete-cm' on page 1 undefined on input line 33
6.


LaTeX Warning: Reference `sec:CTM' on page 1 undefined on input line 336.


LaTeX Warning: Reference `mdf@pagelabel-28' on page 365 undefined on input line
 344.


LaTeX Warning: Reference `app:de' on page 1 undefined on input line 346.

[365 <./Images/PartD/semigroup.pdf>]

LaTeX Warning: Reference `eq:semi-group' on page 1 undefined on input line 358.



LaTeX Warning: Reference `eq:semi-group' on page 1 undefined on input line 405.


[366]

LaTeX Warning: Reference `tb:consistency-methods' on page 1 undefined on input 
line 409.


LaTeX Warning: Reference `fig:cd-ct-loss-distill' on page 1 undefined on input 
line 409.


LaTeX Warning: Reference `sec:conti-cm' on page 1 undefined on input line 410.


LaTeX Warning: Reference `sec:discrete-cm' on page 1 undefined on input line 41
0.


LaTeX Warning: Reference `eq:cd-discrete-approx-N' on page 1 undefined on input
 line 425.


LaTeX Warning: Reference `eq:ct-discrete-approx-N' on page 1 undefined on input
 line 425.


LaTeX Warning: Reference `eq:cd-continuous-time' on page 1 undefined on input l
ine 425.


LaTeX Warning: Reference `eq:ct-continuous-time' on page 1 undefined on input l
ine 425.


LaTeX Warning: Reference `eq:oracle-cm' on page 1 undefined on input line 434.

[367]

LaTeX Warning: Reference `mdf@pagelabel-29' on page 368 undefined on input line
 482.


LaTeX Warning: Reference `eq:ddim-update-all' on page 1 undefined on input line
 506.

[368]

LaTeX Warning: Reference `mdf@pagelabel-30' on page 369 undefined on input line
 539.


LaTeX Warning: Reference `sec:conditional-trick' on page 1 undefined on input l
ine 549.


Underfull \vbox (badness 10000) has occurred while \output is active [369]

LaTeX Warning: Reference `eq:one-pt-score' on page 1 undefined on input line 63
8.


LaTeX Warning: Reference `app-sec:flow-map' on page 1 undefined on input line 6
38.


LaTeX Warning: Reference `sec:edm' on page 1 undefined on input line 644.


LaTeX Warning: Reference `eq:D-parametrization' on page 1 undefined on input li
ne 646.


Underfull \vbox (badness 1975) has occurred while \output is active [370]

LaTeX Warning: Reference `eq:edm-simple-coefficients' on page 1 undefined on in
put line 654.


LaTeX Warning: Reference `alg:cm_sampling' on page 1 undefined on input line 67
7.


pdfTeX warning (ext4): destination with the same identifier (name{ALG@line.1}) 
has been already used, duplicate ignored
<to be read again> 
                   \relax 
l.695         \If
                 {one-step}
pdfTeX warning (ext4): destination with the same identifier (name{ALG@line.2}) 
has been already used, duplicate ignored
<to be read again> 
                   \relax 
l.696             \State
                         $\rvx \leftarrow \rvf_{\bm{\theta}^\times}(\hat{\rv...

pdfTeX warning (ext4): destination with the same identifier (name{ALG@line.3}) 
has been already used, duplicate ignored
<to be read again> 
                   \relax 
l.697         \Else
                   
pdfTeX warning (ext4): destination with the same identifier (name{ALG@line.4}) 
has been already used, duplicate ignored
<to be read again> 
                   \relax 
l.698             \State
                         $\rvx \leftarrow \rvf_{\bm{\theta}^\times}(\hat{\rv...

pdfTeX warning (ext4): destination with the same identifier (name{ALG@line.5}) 
has been already used, duplicate ignored
<to be read again> 
                   \relax 
l.699             \For
                      {$m=1$ \textbf{to} $M-1$}
pdfTeX warning (ext4): destination with the same identifier (name{ALG@line.6}) 
has been already used, duplicate ignored
<to be read again> 
                   \relax 
l.700                 \State
                             Sample $\bm{\epsilon} \sim \mathcal{N}(\bm{0}, ...

pdfTeX warning (ext4): destination with the same identifier (name{ALG@line.7}) 
has been already used, duplicate ignored
<to be read again> 
                   \relax 
l.701                 \State
                             $\hat{\rvx}_{\tau_m} \leftarrow \alpha_{\tau_m}...

pdfTeX warning (ext4): destination with the same identifier (name{ALG@line.8}) 
has been already used, duplicate ignored
<to be read again> 
                   \relax 
l.702                 \State
                             $\rvx \leftarrow \rvf_{\bm{\theta}^\times}(\hat...

pdfTeX warning (ext4): destination with the same identifier (name{ALG@line.9}) 
has been already used, duplicate ignored
<to be read again> 
                   \relax 
l.703             \EndFor
                         
pdfTeX warning (ext4): destination with the same identifier (name{ALG@line.10})
 has been already used, duplicate ignored
<to be read again> 
                   \relax 
l.704         \EndIf
                     [371]

LaTeX Warning: Reference `eq:cm-diff' on page 1 undefined on input line 785.


LaTeX Warning: Reference `sec:discrete-cm' on page 1 undefined on input line 80
6.


LaTeX Warning: Reference `eq:conti-ct-motivation' on page 1 undefined on input 
line 808.

[372]

LaTeX Warning: Reference `eq:ct-discrete-approx-N' on page 1 undefined on input
 line 835.


LaTeX Warning: Reference `eq:cd-discrete-approx-N' on page 1 undefined on input
 line 835.


LaTeX Warning: Reference `eq:cm-discrete' on page 1 undefined on input line 840
.


LaTeX Warning: Reference `app-sec:flow-map' on page 1 undefined on input line 8
80.

[373]

LaTeX Warning: Reference `mdf@pagelabel-31' on page 374 undefined on input line
 895.


LaTeX Warning: Reference `subsec:approx-cm' on page 1 undefined on input line 8
99.


LaTeX Warning: Reference `eq:conti-ct-loss' on page 1 undefined on input line 9
01.


LaTeX Warning: Reference `subsec:cm-sampling' on page 1 undefined on input line
 908.


LaTeX Warning: Reference `eq:total-diff' on page 1 undefined on input line 914.



LaTeX Warning: Reference `continuous-time-ct' on page 374 undefined on input li
ne 924.


LaTeX Warning: Reference `eq:total-diff' on page 1 undefined on input line 939.



LaTeX Warning: Reference `continuous-time-ct' on page 374 undefined on input li
ne 950.


LaTeX Warning: Reference `tb:consistency-methods' on page 1 undefined on input 
line 963.


LaTeX Warning: Reference `fig:cd-ct-loss-distill' on page 1 undefined on input 
line 965.


LaTeX Warning: Reference `thm:ct-cm' on page 374 undefined on input line 1.


LaTeX Warning: Reference `eq:conti-ct-loss' on page 1 undefined on input line 1
029.


LaTeX Warning: Reference `eq:cd-continuous-time' on page 1 undefined on input l
ine 1029.


LaTeX Warning: Reference `eq:conti-ct-loss' on page 1 undefined on input line 1
029.


LaTeX Warning: Reference `eq:cd-continuous-time' on page 1 undefined on input l
ine 1029.

[374]

LaTeX Warning: Reference `eq:conti-ct-loss' on page 1 undefined on input line 1
051.


LaTeX Warning: Reference `subsec:summary-disentagle' on page 1 undefined on inp
ut line 1056.


LaTeX Warning: Reference `eq:trig-para' on page 1 undefined on input line 1069.



LaTeX Warning: Reference `subsec:D-design-edm' on page 1 undefined on input lin
e 1073.

[375]

LaTeX Warning: Reference `eq:any-to-trig' on page 1 undefined on input line 108
2.


LaTeX Warning: Reference `subsec:D-design-edm' on page 1 undefined on input lin
e 1086.


LaTeX Warning: Reference `eq:D-parametrization' on page 1 undefined on input li
ne 1086.


LaTeX Warning: Reference `subsec:D-design-edm' on page 1 undefined on input lin
e 1090.


LaTeX Warning: Reference `eq:ds-decomposition' on page 1 undefined on input lin
e 1094.


LaTeX Warning: Reference `eq:trig-nn' on page 1 undefined on input line 1103.


LaTeX Warning: Reference `eq:conti-ct-loss' on page 1 undefined on input line 1
103.


LaTeX Warning: Reference `eq:conti-ct-loss-trig' on page 1 undefined on input l
ine 1107.

[376]

LaTeX Warning: Reference `eq:ds-decomposition' on page 1 undefined on input lin
e 1134.


LaTeX Warning: Reference `eq:effect-adaptive-wgt' on page 1 undefined on input 
line 1139.

[377]

LaTeX Warning: Reference `eq:conti-ct-loss-trig' on page 1 undefined on input l
ine 1141.


LaTeX Warning: Reference `eq:conti-ct-loss-trig' on page 1 undefined on input l
ine 1145.

[378]

LaTeX Warning: Reference `eq:s-dist' on page 1 undefined on input line 1201.


LaTeX Warning: Reference `eq:trig-scm' on page 1 undefined on input line 1201.


LaTeX Warning: Reference `alg:scm' on page 1 undefined on input line 1201.


pdfTeX warning (ext4): destination with the same identifier (name{ALG@line.1}) 
has been already used, duplicate ignored
<to be read again> 
                   \relax 
l.1209 \State
              \textbfs{Init:} $\bm{\theta} \gets \bm{\theta}_{\text{pretrain...

pdfTeX warning (ext4): destination with the same identifier (name{ALG@line.2}) 
has been already used, duplicate ignored
<to be read again> 
                   \relax 
l.1210 \Repeat
              
pdfTeX warning (ext4): destination with the same identifier (name{ALG@line.3}) 
has been already used, duplicate ignored
<to be read again> 
                   \relax 
l.1211     \State
                  $\rvx_0 \sim \mathcal{D}$, $\mathbf{z} \sim \mathcal{N}(\b...

pdfTeX warning (ext4): destination with the same identifier (name{ALG@line.4}) 
has been already used, duplicate ignored
<to be read again> 
                   \relax 
l.1212     \State
                  $\rvx_s \gets \cos(s) \rvx_0 + \sin(s) \mathbf{z}$
pdfTeX warning (ext4): destination with the same identifier (name{ALG@line.5}) 
has been already used, duplicate ignored
<to be read again> 
                   \relax 
l.1213     \If
              {consistency training}
pdfTeX warning (ext4): destination with the same identifier (name{ALG@line.6}) 
has been already used, duplicate ignored
<to be read again> 
                   \relax 
l.1214         \State
                      $\frac{\diff\rvx_s}{\diff s} \gets \cos(s) \mathbf{z} ...

pdfTeX warning (ext4): destination with the same identifier (name{ALG@line.7}) 
has been already used, duplicate ignored
<to be read again> 
                   \relax 
l.1215     \Else
                
pdfTeX warning (ext4): destination with the same identifier (name{ALG@line.8}) 
has been already used, duplicate ignored
<to be read again> 
                   \relax 
l.1216         \State
                      $\frac{\diff\rvx_s}{\diff s} \gets \sigma_{\mathrm{d}}...

pdfTeX warning (ext4): destination with the same identifier (name{ALG@line.9}) 
has been already used, duplicate ignored
<to be read again> 
                   \relax 
l.1217     \EndIf
                 
pdfTeX warning (ext4): destination with the same identifier (name{ALG@line.10})
 has been already used, duplicate ignored
<to be read again> 
                   \relax 
l.1218     \State
                  $r \gets \min\left(1, \frac{\text{Iters}}{H}\right)$ \hfil...

pdfTeX warning (ext4): destination with the same identifier (name{ALG@line.11})
 has been already used, duplicate ignored
<to be read again> 
                   \relax 
l.1219     \State
                  $\rvw \gets - \cos^2(s) (\sigma_{\mathrm{d}} \mathbf{F}_{\...

pdfTeX warning (ext4): destination with the same identifier (name{ALG@line.12})
 has been already used, duplicate ignored
<to be read again> 
                   \relax 
l.1220     \State
                  $\rvw \gets \frac{\rvw}{\|\rvw\| + c}$ \hfill \Comment{ Ta...

pdfTeX warning (ext4): destination with the same identifier (name{ALG@line.13})
 has been already used, duplicate ignored
<to be read again> 
                   \relax 
l.1221     \State
                  $\mathcal{L}_{\text{sCM}}(\bm{\theta}, \boldsymbol{\varphi...

pdfTeX warning (ext4): destination with the same identifier (name{ALG@line.14})
 has been already used, duplicate ignored
<to be read again> 
                   \relax 
l.1223     \State
                  $(\bm{\theta}, \boldsymbol{\varphi}) \gets (\bm{\theta}, \...

pdfTeX warning (ext4): destination with the same identifier (name{ALG@line.15})
 has been already used, duplicate ignored
<to be read again> 
                   \relax 
l.1224     \State
                  Iters $\gets$ Iters + 1
pdfTeX warning (ext4): destination with the same identifier (name{ALG@line.16})
 has been already used, duplicate ignored
<to be read again> 
                   \relax 
l.1225 \Until
             {convergence} [379]

LaTeX Warning: Reference `sec:edm' on page 1 undefined on input line 1320.


LaTeX Warning: Reference `subsec:ddim-classical-euler' on page 1 undefined on i
nput line 1340.

[380]

LaTeX Warning: Reference `eq:general-cm-loss:rep' on page 1 undefined on input 
line 1384.

[381]

LaTeX Warning: Reference `eq:ctm_para_1' on page 1 undefined on input line 1423
.


LaTeX Warning: Reference `subsec:ctm-consistency' on page 1 undefined on input 
line 1443.


LaTeX Warning: Reference `subsec:ctm-auxiliary' on page 1 undefined on input li
ne 1446.


LaTeX Warning: Reference `eq:ctm_para_1' on page 1 undefined on input line 1447
.


LaTeX Warning: Reference `eq:semi-group' on page 1 undefined on input line 1458
.

[382]

LaTeX Warning: Reference `fig:ill_models' on page 1 undefined on input line 149
0.

[383]

LaTeX Warning: Reference `mdf@pagelabel-32' on page 384 undefined on input line
 1535.


LaTeX Warning: Reference `ctm-g-para' on page 384 undefined on input line 1541.



LaTeX Warning: Reference `eq:soft' on page 1 undefined on input line 1568.


LaTeX Warning: Reference `eq:ctm-consist-distill' on page 1 undefined on input 
line 1589.

[384]

LaTeX Warning: Reference `mdf@pagelabel-33' on page 385 undefined on input line
 1600.


LaTeX Warning: Reference `eq:fm-cfm' on page 1 undefined on input line 1622.

[385 <./Images/PartD/ctm-target.pdf>]

LaTeX Warning: Reference `eq:ctm_para_1' on page 1 undefined on input line 1658
.


LaTeX Warning: Reference `eq:ctm-consist-scratch' on page 1 undefined on input 
line 1661.


LaTeX Warning: Reference `eq:ctm-consist-distill' on page 1 undefined on input 
line 1661.


LaTeX Warning: Reference `eq:ctm-dsm' on page 1 undefined on input line 1662.


LaTeX Warning: Reference `mdf@pagelabel-34' on page 386 undefined on input line
 1690.

[386]
pdfTeX warning (ext4): destination with the same identifier (name{ALG@line.1}) 
has been already used, duplicate ignored
<to be read again> 
                   \relax 
l.1713     \State
                  Start from $\mathbf{x}_{\tau_{0}}\sim p_{\mathrm{prior}}=\...

pdfTeX warning (ext4): destination with the same identifier (name{ALG@line.2}) 
has been already used, duplicate ignored
<to be read again> 
                   \relax 
l.1714         \For
                   {$n=0$ to $M-1$}
pdfTeX warning (ext4): destination with the same identifier (name{ALG@line.3}) 
has been already used, duplicate ignored
<to be read again> 
                   \relax 
l.1715         \State
                      $\tilde{\tau}_{n+1}\leftarrow \sqrt{1-\gamma^{2}}\tau_...

pdfTeX warning (ext4): destination with the same identifier (name{ALG@line.4}) 
has been already used, duplicate ignored
<to be read again> 
                   \relax 
l.1716         \State
                      Denoise $\mathbf{x}_{\tilde{\tau}_{n+1}}\leftarrow \ma...

pdfTeX warning (ext4): destination with the same identifier (name{ALG@line.5}) 
has been already used, duplicate ignored
<to be read again> 
                   \relax 
l.1717         \State
                      Diffuse $\mathbf{x}_{\tau_{n+1}}\leftarrow\mathbf{x}_{...

pdfTeX warning (ext4): destination with the same identifier (name{ALG@line.6}) 
has been already used, duplicate ignored
<to be read again> 
                   \relax 
l.1718         \EndFor
                      

LaTeX Warning: Reference `alg:cm_sampling' on page 1 undefined on input line 17
25.


LaTeX Warning: Reference `fig:gamma_sampling' on page 1 undefined on input line
 1747.


LaTeX Warning: Reference `fig:gamma_sampling' on page 1 undefined on input line
 1749.


LaTeX Warning: Reference `fig:gamma_sampling' on page 1 undefined on input line
 1751.

[387]

LaTeX Warning: Reference `eq:f-div' on page 1 undefined on input line 1770.

[388 <./Images/PartD/ctm_gamma.pdf>]

LaTeX Warning: Reference `eq:ctm_para_1' on page 1 undefined on input line 1783
.


LaTeX Warning: Reference `subsec:sde-sample' on page 1 undefined on input line 
1785.


LaTeX Warning: Reference `ch:solvers' on page 1 undefined on input line 1785.

[389]

LaTeX Warning: Reference `subsec:equivalence-ctm-mf' on page 1 undefined on inp
ut line 1822.


LaTeX Warning: Reference `eq:general-cm-loss:rep' on page 1 undefined on input 
line 1823.

[390]

LaTeX Warning: Reference `mdf@pagelabel-35' on page 391 undefined on input line
 1850.

[391]

LaTeX Warning: Reference `eq:ctm_para_1' on page 1 undefined on input line 1919
.


LaTeX Warning: Reference `eq:ctm-g-oracle' on page 1 undefined on input line 19
19.


LaTeX Warning: Reference `eq:general-cm-loss:rep' on page 1 undefined on input 
line 1937.


LaTeX Warning: Reference `eq:ctm_para_1' on page 1 undefined on input line 1937
.

[392]

LaTeX Warning: Reference `eq:ctm-consist-scratch' on page 1 undefined on input 
line 1947.


LaTeX Warning: Reference `eq:ctm-dsm' on page 1 undefined on input line 1947.


LaTeX Warning: Reference `eq:mf-to-fm' on page 1 undefined on input line 1947.


LaTeX Warning: Reference `eq:mf-practice' on page 1 undefined on input line 194
7.


LaTeX Warning: Reference `eq:mf-to-fm' on page 1 undefined on input line 1947.


LaTeX Warning: Reference `ch:guidance' on page 1 undefined on input line 1959.


LaTeX Warning: Reference `eq:score-sde-likelihood' on page 1 undefined on input
 line 1959.


LaTeX Warning: Reference `ch:solvers' on page 1 undefined on input line 1959.

[393]

LaTeX Warning: Reference `sec:equivalent-parametrizations' on page 1 undefined 
on input line 1978.


LaTeX Warning: Reference `eq:mf-identity' on page 1 undefined on input line 198
5.

[394]

LaTeX Warning: Reference `eq:general-cm-loss:rep' on page 1 undefined on input 
line 1996.


LaTeX Warning: Reference `sec:distillation-prologue' on page 1 undefined on inp
ut line 2007.


LaTeX Warning: Reference `sec:PD' on page 1 undefined on input line 2008.


LaTeX Warning: Reference `sec:discrete-cm' on page 1 undefined on input line 20
08.


LaTeX Warning: Reference `sec:CTM' on page 1 undefined on input line 2009.


LaTeX Warning: Reference `sec:MF' on page 1 undefined on input line 2009.


LaTeX Warning: Reference `eq:flow-map-def' on page 1 undefined on input line 20
16.


LaTeX Warning: Citation 'dieleman2026flowmaps' on page 395 undefined on input l
ine 2025.


LaTeX Warning: Reference `eq:semi-group' on page 1 undefined on input line 2029
.


LaTeX Warning: Reference `fig:semigroup' on page 1 undefined on input line 2035
.


LaTeX Warning: Citation 'dieleman2026flowmaps' on page 395 undefined on input l
ine 2065.

[395]

LaTeX Warning: Reference `eq:conti-ct-motivation' on page 1 undefined on input 
line 2102.


LaTeX Warning: Reference `sec:conti-cm' on page 1 undefined on input line 2103.



LaTeX Warning: Reference `sec:discrete-cm' on page 1 undefined on input line 21
03.


LaTeX Warning: Reference `subsec:equivalence-ctm-mf' on page 1 undefined on inp
ut line 2108.

[396 <./Images/PartD/lagrangian-1.pdf> <./Images/PartD/lagrangian-2.pdf

pdfTeX warning: pdflatex (file ./Images/PartD/lagrangian-2.pdf): PDF inclusion:
 multiple pdfs with page group included in a single page
>]

LaTeX Warning: Citation 'dieleman2026flowmaps' on page 397 undefined on input l
ine 2169.


LaTeX Warning: Citation 'arnold1988geometrical' on page 397 undefined on input 
line 2183.


LaTeX Warning: Citation 'chorin1993mathematical' on page 397 undefined on input
 line 2183.

[397 <./Images/PartD/eulerian-1.pdf> <./Images/PartD/eulerian-2.pdf

pdfTeX warning: pdflatex (file ./Images/PartD/eulerian-2.pdf): PDF inclusion: m
ultiple pdfs with page group included in a single page
>]
Overfull \hbox (22.80934pt too wide) detected at line 2266
\OT1/lmr/bx/n/10.95 	[]\OT1/lmr/m/n/10.95 (\OT1/lmr/bx/n/10.95 x[]\OT1/lmr/m/n/
10.95 ) = \OT1/lmr/bx/n/10.95 	[]\OT1/lmr/m/n/10.95 (\OT1/lmr/bx/n/10.95 x[]\OT
1/lmr/m/n/10.95 ) \OMS/lmsy/m/n/10.95 ^^@ \OT1/lmr/m/n/10.95 ^^A\OML/lmm/m/it/1
0.95 s []@[]\OT1/lmr/bx/n/10.95 	[][]\OT1/lmr/m/n/10.95 (\OT1/lmr/bx/n/10.95 x[
]\OT1/lmr/m/n/10.95 )\OT1/lmr/bx/n/10.95 v[]\OT1/lmr/m/n/10.95 (\OT1/lmr/bx/n/1
0.95 x[]\OML/lmm/m/it/10.95 ; s\OT1/lmr/m/n/10.95 ) \OMS/lmsy/m/n/10.95 ^^@ \OT
1/lmr/m/n/10.95 ^^A\OML/lmm/m/it/10.95 s @[]\OT1/lmr/bx/n/10.95 	[]\OT1/lmr/m/n
/10.95 (\OT1/lmr/bx/n/10.95 x[]\OT1/lmr/m/n/10.95 ) + \OMS/lmsy/m/n/10.95 O[]\O
T1/lmr/m/n/10.95 (^^A\OML/lmm/m/it/10.95 s\OT1/lmr/m/n/10.95 )[][]\OML/lmm/m/it
/10.95 :
[398] [399]) [400] (./Chapter-10-Epilogue-and-Outlook.tex
Chapter 12.

LaTeX Warning: Reference `sec:epilogue-backbone' on page 1 undefined on input l
ine 5.


LaTeX Warning: Reference `sec:epilogue-discrete' on page 1 undefined on input l
ine 5.


LaTeX Warning: Reference `sec:epilogue-closing' on page 1 undefined on input li
ne 5.


Underfull \vbox (badness 2662) has occurred while \output is active [401]
[402]

LaTeX Warning: Reference `app:continuity' on page 1 undefined on input line 53.


[403] [404 <./Images/appendix/vector_field_only.pdf> <./Images/appendix/particl
e_cloud.pdf> <./Images/appendix/vector_field_with_density.pdf>] [405] [406]

LaTeX Warning: Citation 'richemond2022categorical' on page 407 undefined on inp
ut line 191.


LaTeX Warning: Citation 'li2022diffusionlm' on page 407 undefined on input line
 195.


LaTeX Warning: Citation 'dieleman2022continuous' on page 407 undefined on input
 line 195.

[407]

LaTeX Warning: Reference `subsec:epilogue-dtmc' on page 1 undefined on input li
ne 234.


LaTeX Warning: Reference `subsec:epilogue-ctmc' on page 1 undefined on input li
ne 235.


LaTeX Warning: Reference `subsec:epilogue-three-views' on page 1 undefined on i
nput line 237.


LaTeX Warning: Reference `subsec:epilogue-genuine-diff' on page 1 undefined on 
input line 239.


LaTeX Warning: Citation 'norris1998markov' on page 408 undefined on input line 
259.


LaTeX Warning: Citation 'kelly1979reversibility' on page 408 undefined on input
 line 259.


LaTeX Warning: Citation 'austin2021structured' on page 408 undefined on input l
ine 259.


LaTeX Warning: Citation 'sahoo2024simple' on page 408 undefined on input line 2
59.

[408] [409] [410 <./Images/PartE/fig_notation_overview.pdf>]

LaTeX Warning: Reference `eq:cov-multi-layer-nolog' on page 1 undefined on inpu
t line 431.

[411]

LaTeX Warning: Reference `eq:discrete-reverse-kernel' on page 1 undefined on in
put line 455.


LaTeX Warning: Reference `subsec:cov-continuity-eq' on page 1 undefined on inpu
t line 479.


LaTeX Warning: Citation 'campbell2022continuous' on page 412 undefined on input
 line 493.


LaTeX Warning: Citation 'campbell2022continuous' on page 412 undefined on input
 line 493.

[412] [413 <./Images/PartE/ctmc_trajectory.pdf>]

LaTeX Warning: Reference `eq:generator-expansion' on page 1 undefined on input 
line 545.


LaTeX Warning: Reference `mdf@pagelabel-36' on page 414 undefined on input line
 553.


LaTeX Warning: Citation 'norris1998markov' on page 414 undefined on input line 
555.


LaTeX Warning: Reference `eq:master-equation-vector' on page 1 undefined on inp
ut line 558.

[414]
Underfull \vbox (badness 3039) has occurred while \output is active [415 <./Ima
ges/PartE/masked_vs_uniform_diffusion.pdf>] [416]

LaTeX Warning: Reference `ch:variational' on page 1 undefined on input line 695
.


LaTeX Warning: Reference `ch:score-sde' on page 1 undefined on input line 696.


LaTeX Warning: Reference `ch:score-based' on page 1 undefined on input line 696
.


LaTeX Warning: Reference `ch:flow-based' on page 1 undefined on input line 697.



LaTeX Warning: Reference `sec:ddpm' on page 1 undefined on input line 700.


LaTeX Warning: Reference `thm:equiv-marginal-kl' on page 417 undefined on input
 line 709.


LaTeX Warning: Reference `eq:ddpm-diffusion' on page 1 undefined on input line 
712.

[417]

LaTeX Warning: Reference `sec:ddpm' on page 1 undefined on input line 774.

[418]

LaTeX Warning: Citation 'hoogeboom2021argmax' on page 419 undefined on input li
ne 807.


LaTeX Warning: Citation 'austin2021structured' on page 419 undefined on input l
ine 807.


LaTeX Warning: Citation 'sahoo2024simple' on page 419 undefined on input line 8
11.


Overfull \hbox (3.32158pt too wide) in paragraph at lines 806--814
[]\T1/lmr/m/n/10.95 (-20) This clean-state parametriza-tion is com-mon in multi
nomial/D3PM-style discrete-

LaTeX Warning: Reference `ch:score-sde' on page 1 undefined on input line 816.


LaTeX Warning: Reference `ch:score-based' on page 1 undefined on input line 816
.

[419]

LaTeX Warning: Reference `mdf@pagelabel-37' on page 420 undefined on input line
 848.


LaTeX Warning: Citation 'kelly1979reversibility' on page 420 undefined on input
 line 863.


LaTeX Warning: Citation 'anderson2012continuous' on page 420 undefined on input
 line 863.


LaTeX Warning: Citation 'campbell2022continuous' on page 420 undefined on input
 line 864.


Overfull \hbox (32.75156pt too wide) in paragraph at lines 861--868
[]\T1/lmr/m/n/10.95 (-20) ), ap-plied to dis-crete dif-fu-sion by [].

LaTeX Warning: Reference `eq:reverse-rate-discrete' on page 1 undefined on inpu
t line 870.

[420]

LaTeX Warning: Reference `eq:reverse-rate-discrete' on page 1 undefined on inpu
t line 901.


LaTeX Warning: Citation 'campbell2022continuous' on page 421 undefined on input
 line 907.


LaTeX Warning: Citation 'sun2023scorebased' on page 421 undefined on input line
 907.


LaTeX Warning: Reference `ch:flow-based' on page 1 undefined on input line 916.



LaTeX Warning: Reference `sec:flow-matching-framework' on page 1 undefined on i
nput line 921.


LaTeX Warning: Reference `subsec:fm-instantiations' on page 1 undefined on inpu
t line 930.

[421]

LaTeX Warning: Citation 'campbell2024generative' on page 422 undefined on input
 line 965.


LaTeX Warning: Citation 'gat2024discrete' on page 422 undefined on input line 9
66.


Overfull \hbox (18.87955pt too wide) in paragraph at lines 965--967
[]\T1/lmr/m/n/10.95 (-20) This per-spec-tive is de-vel-oped by [] and []
[422]
Underfull \hbox (badness 1742) in paragraph at lines 1007--1008
[]|\T1/lmr/m/n/7 (+20) Transition-matrix prop-a-ga-tion or mas-ter

Overfull \hbox (4.64502pt too wide) in paragraph at lines 988--1040
 [][] 
[423]

LaTeX Warning: Citation 'austin2021structured' on page 424 undefined on input l
ine 1065.

[424] [425]

LaTeX Warning: Citation 'lai2026unified' on page 426 undefined on input line 10
93.

) [426] (./A_Crash-Course-of-DE.tex [427]
Appendix A.

Underfull \vbox (badness 1609) has occurred while \output is active [428]
[429] [430 <./Images/PartE/discrete_vs_continuous_ode.pdf>]

LaTeX Warning: Reference `eq:general_ode' on page 1 undefined on input line 93.


[431]

LaTeX Warning: Reference `sec:picard' on page 1 undefined on input line 94.


LaTeX Warning: Reference `eq:prob_ode_gt' on page 1 undefined on input line 114
.

[432] [433]

LaTeX Warning: Reference `ch:fast-scratch' on page 1 undefined on input line 15
9.


LaTeX Warning: Reference `ch:distillation' on page 1 undefined on input line 15
9.


LaTeX Warning: Reference `eq:prob_ode_gt' on page 1 undefined on input line 187
.


LaTeX Warning: Reference `ch:solvers' on page 1 undefined on input line 190.

[434]

LaTeX Warning: Reference `eq:semilinear-ode' on page 1 undefined on input line 
194.


LaTeX Warning: Reference `sec:prologue-solvers' on page 1 undefined on input li
ne 237.

[435]

LaTeX Warning: Reference `eq:general_ode' on page 1 undefined on input line 243
.

[436] [437] [438] [439]

LaTeX Warning: Reference `subsec:dpm-solver++-multi' on page 1 undefined on inp
ut line 533.


LaTeX Warning: Reference `sec:exponential' on page 1 undefined on input line 53
3.


LaTeX Warning: Reference `sec:picard' on page 1 undefined on input line 569.

[440]

LaTeX Warning: Reference `eq:ode' on page 1 undefined on input line 826.


LaTeX Warning: Reference `eq:euler-sde' on page 1 undefined on input line 846.

[441]

LaTeX Warning: Reference `eq:sde' on page 1 undefined on input line 876.


LaTeX Warning: Reference `eq:sde' on page 1 undefined on input line 877.


LaTeX Warning: Reference `subsec:rigorous-proof-linear-sde' on page 1 undefined
 on input line 888.

[442]

LaTeX Warning: Reference `app:Ito' on page 1 undefined on input line 905.


LaTeX Warning: Reference `eq:sde' on page 1 undefined on input line 919.


LaTeX Warning: Reference `eq:sde' on page 1 undefined on input line 925.


LaTeX Warning: Reference `eq:sde-integral-form' on page 1 undefined on input li
ne 925.

[443]

LaTeX Warning: Reference `eq:sde' on page 1 undefined on input line 928.


LaTeX Warning: Reference `eq:euler-sde' on page 1 undefined on input line 928.


LaTeX Warning: Reference `subsec:rigorous-proof-linear-sde' on page 1 undefined
 on input line 930.

) (./B_Continuity-Equation.tex [444]
Appendix B.

LaTeX Warning: Reference `sec:cov' on page 1 undefined on input line 5.


LaTeX Warning: Reference `fig:unified_framework_CoV' on page 1 undefined on inp
ut line 5.


LaTeX Warning: Reference `sec:intuition-continuity' on page 1 undefined on inpu
t line 7.


Underfull \vbox (badness 1205) has occurred while \output is active [445]
[446]

Package hyperref Warning: Token not allowed in a PDF string (Unicode):
(hyperref)                removing `\\' on input line 100.


LaTeX Warning: Reference `subsec:cov-det' on page 1 undefined on input line 102
.


LaTeX Warning: Reference `subsec:cov-continuity-eq' on page 1 undefined on inpu
t line 102.


LaTeX Warning: Reference `subsec:cov-fpe' on page 1 undefined on input line 102
.


LaTeX Warning: Reference `mdf@pagelabel-38' on page 447 undefined on input line
 128.


Package fancyhdr Warning: \headheight is too small (14.4pt): 
(fancyhdr)                Make it at least 26.32425pt, for example:
(fancyhdr)                \setlength{\headheight}{26.32425pt}.
(fancyhdr)                You might also make \topmargin smaller:
(fancyhdr)                \addtolength{\topmargin}{-11.92426pt}.

[447]

LaTeX Warning: Reference `eq:change-of-variable-density' on page 1 undefined on
 input line 168.


LaTeX Warning: Reference `eq:change-of-variable-density' on page 1 undefined on
 input line 179.

[448]

LaTeX Warning: Reference `eq:change-of-variable-density' on page 1 undefined on
 input line 203.


Package fancyhdr Warning: \headheight is too small (14.4pt): 
(fancyhdr)                Make it at least 26.32425pt, for example:
(fancyhdr)                \setlength{\headheight}{26.32425pt}.
(fancyhdr)                You might also make \topmargin smaller:
(fancyhdr)                \addtolength{\topmargin}{-11.92426pt}.

[449]

LaTeX Warning: Reference `mdf@pagelabel-39' on page 450 undefined on input line
 261.


LaTeX Warning: Reference `eq:cov-multi-layer-nolog' on page 1 undefined on inpu
t line 270.


LaTeX Warning: Reference `subsec:NODE' on page 1 undefined on input line 270.

[450]

LaTeX Warning: Reference `app:de' on page 1 undefined on input line 293.


LaTeX Warning: Reference `eq:ode-f-continuity' on page 1 undefined on input lin
e 295.


LaTeX Warning: Reference `mdf@pagelabel-40' on page 451 undefined on input line
 323.


LaTeX Warning: Reference `eq:cov-multi-layer-nolog' on page 1 undefined on inpu
t line 330.


LaTeX Warning: Reference `eq:change-of-variable-density' on page 1 undefined on
 input line 330.


Package fancyhdr Warning: \headheight is too small (14.4pt): 
(fancyhdr)                Make it at least 26.32425pt, for example:
(fancyhdr)                \setlength{\headheight}{26.32425pt}.
(fancyhdr)                You might also make \topmargin smaller:
(fancyhdr)                \addtolength{\topmargin}{-11.92426pt}.

[451]

LaTeX Warning: Reference `eq:ode-f-continuity' on page 1 undefined on input lin
e 336.


LaTeX Warning: Reference `eq:change-of-variable-density' on page 1 undefined on
 input line 352.


LaTeX Warning: Reference `eq:log-density-diff' on page 1 undefined on input lin
e 388.

[452]

LaTeX Warning: Reference `eq:continuity-cov' on page 1 undefined on input line 
402.


LaTeX Warning: Reference `subsec:fm-instantiations' on page 1 undefined on inpu
t line 437.


Package fancyhdr Warning: \headheight is too small (14.4pt): 
(fancyhdr)                Make it at least 26.32425pt, for example:
(fancyhdr)                \setlength{\headheight}{26.32425pt}.
(fancyhdr)                You might also make \topmargin smaller:
(fancyhdr)                \addtolength{\topmargin}{-11.92426pt}.

[453]

LaTeX Warning: Reference `eq:continuity-cov' on page 1 undefined on input line 
447.


LaTeX Warning: Reference `eq:continuity-cov' on page 1 undefined on input line 
452.


Overfull \hbox (7.89894pt too wide) detected at line 466
[]

LaTeX Warning: Reference `eq:sde' on page 1 undefined on input line 514.

[454]

LaTeX Warning: Reference `mdf@pagelabel-41' on page 455 undefined on input line
 526.


LaTeX Warning: Reference `fig:score-sde-three-dynamics' on page 1 undefined on 
input line 555.


LaTeX Warning: Reference `subsec:rigorous-proof-fpe' on page 1 undefined on inp
ut line 559.


Package fancyhdr Warning: \headheight is too small (14.4pt): 
(fancyhdr)                Make it at least 26.32425pt, for example:
(fancyhdr)                \setlength{\headheight}{26.32425pt}.
(fancyhdr)                You might also make \topmargin smaller:
(fancyhdr)                \addtolength{\topmargin}{-11.92426pt}.

[455] [456] [457] [458]
Overfull \hbox (7.09067pt too wide) in paragraph at lines 751--756
[]\T1/lmr/m/n/10.95 (-20) Throughout this op-tional sec-tion, $\OML/lmm/m/it/10
.95 ^^\$ \T1/lmr/m/n/10.95 (-20) de-notes \T1/lmr/m/it/10.95 (-20) train-ing ti
me\T1/lmr/m/n/10.95 (-20) : an ide-al-ized continuous-
[459]

LaTeX Warning: Citation 'jordan1998variational' on page 460 undefined on input 
line 794.


LaTeX Warning: Citation 'ambrosio2005gradient' on page 460 undefined on input l
ine 794.

[460]

LaTeX Warning: Reference `eq:MLE' on page 1 undefined on input line 947.

[461]

LaTeX Warning: Reference `sec:VSD' on page 1 undefined on input line 1039.

[462]

LaTeX Warning: Citation 'weber2023the' on page 463 undefined on input line 1096
.


LaTeX Warning: Citation 'deng2026generative' on page 463 undefined on input lin
e 1096.


LaTeX Warning: Citation 'lai2026unified' on page 463 undefined on input line 10
97.


LaTeX Warning: Citation 'weber2023the' on page 463 undefined on input line 1099
.


LaTeX Warning: Citation 'deng2026generative' on page 463 undefined on input lin
e 1099.

[463] [464]) (./C_SDE-and-Ito.tex
Appendix C.

Package hyperref Warning: Token not allowed in a PDF string (Unicode):
(hyperref)                removing `\\' on input line 1.

[465]

Package fancyhdr Warning: \headheight is too small (14.4pt): 
(fancyhdr)                Make it at least 26.32425pt, for example:
(fancyhdr)                \setlength{\headheight}{26.32425pt}.
(fancyhdr)                You might also make \topmargin smaller:
(fancyhdr)                \addtolength{\topmargin}{-11.92426pt}.

[466]

LaTeX Warning: Reference `eq:sde' on page 1 undefined on input line 48.


LaTeX Warning: Reference `eq:wiener-gaussian' on page 1 undefined on input line
 85.

[467]

LaTeX Warning: Reference `eq:wiener-gaussian' on page 1 undefined on input line
 135.


Package fancyhdr Warning: \headheight is too small (14.4pt): 
(fancyhdr)                Make it at least 26.32425pt, for example:
(fancyhdr)                \setlength{\headheight}{26.32425pt}.
(fancyhdr)                You might also make \topmargin smaller:
(fancyhdr)                \addtolength{\topmargin}{-11.92426pt}.

[468] [469]

LaTeX Warning: Reference `mdf@pagelabel-42' on page 470 undefined on input line
 212.


LaTeX Warning: Reference `mdf@pagelabel-43' on page 470 undefined on input line
 229.


LaTeX Warning: Reference `eq:stochastic-taylor' on page 1 undefined on input li
ne 295.


LaTeX Warning: Reference `eq:stochastic-taylor' on page 1 undefined on input li
ne 295.


Package fancyhdr Warning: \headheight is too small (14.4pt): 
(fancyhdr)                Make it at least 26.32425pt, for example:
(fancyhdr)                \setlength{\headheight}{26.32425pt}.
(fancyhdr)                You might also make \topmargin smaller:
(fancyhdr)                \addtolength{\topmargin}{-11.92426pt}.

[470] [471]

LaTeX Warning: Reference `eq:Ito-scalar' on page 1 undefined on input line 328.



LaTeX Warning: Reference `eq:sde' on page 1 undefined on input line 328.


Package fancyhdr Warning: \headheight is too small (14.4pt): 
(fancyhdr)                Make it at least 26.32425pt, for example:
(fancyhdr)                \setlength{\headheight}{26.32425pt}.
(fancyhdr)                You might also make \topmargin smaller:
(fancyhdr)                \addtolength{\topmargin}{-11.92426pt}.

[472]

LaTeX Warning: Reference `eq:app-linear-sde' on page 1 undefined on input line 
411.


LaTeX Warning: Reference `sec:dm-today' on page 1 undefined on input line 411.


LaTeX Warning: Reference `eq:lienar-sde-solution' on page 1 undefined on input 
line 421.


LaTeX Warning: Reference `eq:ito-product' on page 1 undefined on input line 432
.


LaTeX Warning: Reference `eq:ito-product' on page 1 undefined on input line 432
.

[473]

LaTeX Warning: Reference `eq:lienar-sde-solution' on page 1 undefined on input 
line 455.


Package fancyhdr Warning: \headheight is too small (14.4pt): 
(fancyhdr)                Make it at least 26.32425pt, for example:
(fancyhdr)                \setlength{\headheight}{26.32425pt}.
(fancyhdr)                You might also make \topmargin smaller:
(fancyhdr)                \addtolength{\topmargin}{-11.92426pt}.

[474]

LaTeX Warning: Reference `eq:mean-var-evolution' on page 1 undefined on input l
ine 496.


LaTeX Warning: Reference `eq:app-linear-sde' on page 1 undefined on input line 
497.


LaTeX Warning: Reference `eq:ito-product' on page 1 undefined on input line 510
.

[475]

LaTeX Warning: Reference `eq:mean-var-evolution' on page 1 undefined on input l
ine 539.


Package fancyhdr Warning: \headheight is too small (14.4pt): 
(fancyhdr)                Make it at least 26.32425pt, for example:
(fancyhdr)                \setlength{\headheight}{26.32425pt}.
(fancyhdr)                You might also make \topmargin smaller:
(fancyhdr)                \addtolength{\topmargin}{-11.92426pt}.

[476] [477]

LaTeX Warning: Reference `mdf@pagelabel-44' on page 478 undefined on input line
 678.


Package fancyhdr Warning: \headheight is too small (14.4pt): 
(fancyhdr)                Make it at least 26.32425pt, for example:
(fancyhdr)                \setlength{\headheight}{26.32425pt}.
(fancyhdr)                You might also make \topmargin smaller:
(fancyhdr)                \addtolength{\topmargin}{-11.92426pt}.

[478]

LaTeX Warning: Reference `eq:girsanov-KL' on page 1 undefined on input line 799
.

) (./D_Proofs.tex [479]

Package fancyhdr Warning: \headheight is too small (14.4pt): 
(fancyhdr)                Make it at least 26.32425pt, for example:
(fancyhdr)                \setlength{\headheight}{26.32425pt}.
(fancyhdr)                You might also make \topmargin smaller:
(fancyhdr)                \addtolength{\topmargin}{-11.92426pt}.

[480]
Appendix D.

LaTeX Warning: Reference `thm:equiv-marginal-kl' on page 481 undefined on input
 line 5.


LaTeX Warning: Reference `eq:kl-matching' on page 1 undefined on input line 6.

[481]

LaTeX Warning: Reference `thm:ddpm-elbo' on page 482 undefined on input line 13
1.

[482]
Overfull \hbox (10.24936pt too wide) detected at line 198
[]

Overfull \hbox (15.41023pt too wide) detected at line 212
[]
[483]

LaTeX Warning: Reference `sm-trace' on page 484 undefined on input line 262.

[484]

LaTeX Warning: Reference `thm:sm-dsm' on page 485 undefined on input line 318.

[485]

LaTeX Warning: Reference `tweedie' on page 486 undefined on input line 376.


Overfull \hbox (10.77867pt too wide) in paragraph at lines 381--384
[] []\T1/lmss/bx/n/10.95 (-20) Tweedie's Iden-tity with Time-De-pen-dent Pa-ram
-e-ters.[] \T1/lmr/m/n/10.95 (-20) Let $\OT1/lmr/bx/n/10.95 (-20) x[]\OMS/lmsy/
m/n/10.95 j\OT1/lmr/bx/n/10.95 (-20) x[] \OMS/lmsy/m/n/10.95 ^^X N[]^^A\OT1/lmr
/m/n/10.95 (-20) ; \OML/lmm/m/it/10.95 []\OT1/lmr/bx/n/10.95 (-20) x[]\OML/lmm
/m/it/10.95 ; ^^[[]\OT1/lmr/bx/n/10.95 (-20) I[]$\T1/lmr/m/n/10.95 (-20) .
[486] [487]

LaTeX Warning: Reference `eq:stein-multi' on page 1 undefined on input line 476
.


LaTeX Warning: Reference `eq:stein-for-sure' on page 1 undefined on input line 
492.

[488]

LaTeX Warning: Reference `thm:fpe' on page 489 undefined on input line 512.

[489] [490] [491]

LaTeX Warning: Reference `dsm-minimizer' on page 492 undefined on input line 72
1.

[492] [493] [494]

LaTeX Warning: Reference `instant-change-of-var' on page 495 undefined on input
 line 855.


LaTeX Warning: Reference `eq:nf-change-of-var-log' on page 1 undefined on input
 line 862.


LaTeX Warning: Reference `eq:log-det-tr' on page 1 undefined on input line 870.



LaTeX Warning: Reference `thm:continuity-mass' on page 495 undefined on input l
ine 895.

[495]

LaTeX Warning: Reference `subsec:cov-continuity-eq' on page 1 undefined on inpu
t line 916.

[496] [497]

LaTeX Warning: Reference `equi-para' on page 498 undefined on input line 1000.


LaTeX Warning: Reference `dsm-minimizer' on page 498 undefined on input line 10
03.


LaTeX Warning: Reference `dsm-minimizer' on page 498 undefined on input line 10
12.

[498]

LaTeX Warning: Reference `eq:general-cm-loss' on page 1 undefined on input line
 1052.


LaTeX Warning: Reference `vsd-grad' on page 499 undefined on input line 1091.


LaTeX Warning: Reference `sec:wgf-distribution-level-training' on page 1 undefi
ned on input line 1118.


LaTeX Warning: Reference `thm:ct-cm' on page 499 undefined on input line 1259.

[499] [500]

LaTeX Warning: Reference `continuous-time-ct' on page 501 undefined on input li
ne 1373.


LaTeX Warning: Reference `eq:cm-discrete' on page 1 undefined on input line 137
7.

[501] [502]

LaTeX Warning: Reference `eq:D-parametrization' on page 1 undefined on input li
ne 1510.


LaTeX Warning: Reference `eq:general-dm-loss-D' on page 1 undefined on input li
ne 1532.


LaTeX Warning: Reference `eq:D-parametrization' on page 1 undefined on input li
ne 1542.


LaTeX Warning: Reference `eq:loss-F' on page 1 undefined on input line 1542.


LaTeX Warning: Reference `eq:loss-F' on page 1 undefined on input line 1542.

[503]

LaTeX Warning: Reference `eq:c-out' on page 1 undefined on input line 1574.

[504]

LaTeX Warning: Reference `mdf@pagelabel-45' on page 505 undefined on input line
 1601.


LaTeX Warning: Reference `eq:edm-coeff' on page 1 undefined on input line 1603.



LaTeX Warning: Reference `eq:D-parametrization' on page 1 undefined on input li
ne 1607.


LaTeX Warning: Reference `eq:loss-F' on page 1 undefined on input line 1607.


LaTeX Warning: Reference `sec:CTM' on page 1 undefined on input line 1630.


LaTeX Warning: Reference `eq:clean_pf_ode' on page 1 undefined on input line 16
77.

[505]

LaTeX Warning: Reference `eq:edm-coeff' on page 1 undefined on input line 1682.


) [506] [507] [508] [509] [510] [511] [512] [513] [514] [515]
Overfull \hbox (7.02348pt too wide) in paragraph at lines 511--511
\T1/lmr/m/n/10.95 (-20) free energy-guided con-di-tional dif-fu-sion model^^Q. 
In: \T1/lmr/m/it/10.95 (-20) Pro-ceed-ings of the IEEE/CVF
[516] [517] 
enddocument/afterlastpage (AED): lastpage setting LastPage.
(build/main_v2.aux)

LaTeX Font Warning: Size substitutions with differences
(Font)              up to 1.0pt have occurred.


LaTeX Font Warning: Some font shapes were not available, defaults substituted.


LaTeX Warning: There were undefined references.


LaTeX Warning: Label(s) may have changed. Rerun to get cross-references right.


Package lastpage Warning: Rerun to get the references right on input line 512.


Package biblatex Warning: Please (re)run Biber on the file:
(biblatex)                main_v2
(biblatex)                and rerun LaTeX afterwards.

 )
(see the transcript file for additional information)</usr/local/texlive/2026/te
xmf-dist/fonts/type1/public/lm/lmbsy10.pfb></usr/local/texlive/2026/texmf-dist/
fonts/type1/public/lm/lmbsy5.pfb></usr/local/texlive/2026/texmf-dist/fonts/type
1/public/lm/lmbsy7.pfb></usr/local/texlive/2026/texmf-dist/fonts/type1/public/l
m/lmbx10.pfb></usr/local/texlive/2026/texmf-dist/fonts/type1/public/lm/lmbx12.p
fb></usr/local/texlive/2026/texmf-dist/fonts/type1/public/lm/lmbx5.pfb></usr/lo
cal/texlive/2026/texmf-dist/fonts/type1/public/lm/lmbx6.pfb></usr/local/texlive
/2026/texmf-dist/fonts/type1/public/lm/lmbx7.pfb></usr/local/texlive/2026/texmf
-dist/fonts/type1/public/lm/lmbx8.pfb></usr/local/texlive/2026/texmf-dist/fonts
/type1/public/lm/lmbx9.pfb></usr/local/texlive/2026/texmf-dist/fonts/type1/publ
ic/lm/lmcsc10.pfb></usr/local/texlive/2026/texmf-dist/fonts/type1/public/lm/lme
x10.pfb></usr/local/texlive/2026/texmf-dist/fonts/type1/public/lm/lmmi10.pfb></
usr/local/texlive/2026/texmf-dist/fonts/type1/public/lm/lmmi5.pfb></usr/local/t
exlive/2026/texmf-dist/fonts/type1/public/lm/lmmi6.pfb></usr/local/texlive/2026
/texmf-dist/fonts/type1/public/lm/lmmi7.pfb></usr/local/texlive/2026/texmf-dist
/fonts/type1/public/lm/lmmi8.pfb></usr/local/texlive/2026/texmf-dist/fonts/type
1/public/lm/lmmi9.pfb></usr/local/texlive/2026/texmf-dist/fonts/type1/public/lm
/lmmib10.pfb></usr/local/texlive/2026/texmf-dist/fonts/type1/public/lm/lmmib5.p
fb></usr/local/texlive/2026/texmf-dist/fonts/type1/public/lm/lmmib7.pfb></usr/l
ocal/texlive/2026/texmf-dist/fonts/type1/public/lm/lmr10.pfb></usr/local/texliv
e/2026/texmf-dist/fonts/type1/public/lm/lmr5.pfb></usr/local/texlive/2026/texmf
-dist/fonts/type1/public/lm/lmr6.pfb></usr/local/texlive/2026/texmf-dist/fonts/
type1/public/lm/lmr7.pfb></usr/local/texlive/2026/texmf-dist/fonts/type1/public
/lm/lmr8.pfb></usr/local/texlive/2026/texmf-dist/fonts/type1/public/lm/lmr9.pfb
></usr/local/texlive/2026/texmf-dist/fonts/type1/public/lm/lmri10.pfb></usr/loc
al/texlive/2026/texmf-dist/fonts/type1/public/lm/lmri7.pfb></usr/local/texlive/
2026/texmf-dist/fonts/type1/public/lm/lmri9.pfb></usr/local/texlive/2026/texmf-
dist/fonts/type1/public/lm/lmro10.pfb></usr/local/texlive/2026/texmf-dist/fonts
/type1/public/lm/lmro8.pfb></usr/local/texlive/2026/texmf-dist/fonts/type1/publ
ic/lm/lmss10.pfb></usr/local/texlive/2026/texmf-dist/fonts/type1/public/lm/lmss
12.pfb></usr/local/texlive/2026/texmf-dist/fonts/type1/public/lm/lmssbo10.pfb><
/usr/local/texlive/2026/texmf-dist/fonts/type1/public/lm/lmssbx10.pfb></usr/loc
al/texlive/2026/texmf-dist/fonts/type1/public/lm/lmsso10.pfb></usr/local/texliv
e/2026/texmf-dist/fonts/type1/public/lm/lmsy10.pfb></usr/local/texlive/2026/tex
mf-dist/fonts/type1/public/lm/lmsy5.pfb></usr/local/texlive/2026/texmf-dist/fon
ts/type1/public/lm/lmsy6.pfb></usr/local/texlive/2026/texmf-dist/fonts/type1/pu
blic/lm/lmsy7.pfb></usr/local/texlive/2026/texmf-dist/fonts/type1/public/lm/lms
y8.pfb></usr/local/texlive/2026/texmf-dist/fonts/type1/public/lm/lmsy9.pfb></us
r/local/texlive/2026/texmf-dist/fonts/type1/public/lm/lmtk10.pfb></usr/local/te
xlive/2026/texmf-dist/fonts/type1/public/lm/lmtt10.pfb></usr/local/texlive/2026
/texmf-dist/fonts/type1/public/lm/lmtt9.pfb></usr/local/texlive/2026/texmf-dist
/fonts/type1/public/lm/lmtti10.pfb></usr/local/texlive/2026/texmf-dist/fonts/ty
pe1/public/lm/lmtto10.pfb></usr/local/texlive/2026/texmf-dist/fonts/type1/publi
c/amsfonts/symbols/msam10.pfb></usr/local/texlive/2026/texmf-dist/fonts/type1/p
ublic/amsfonts/symbols/msam5.pfb></usr/local/texlive/2026/texmf-dist/fonts/type
1/public/amsfonts/symbols/msbm10.pfb></usr/local/texlive/2026/texmf-dist/fonts/
type1/public/amsfonts/symbols/msbm7.pfb></usr/local/texlive/2026/texmf-dist/fon
ts/type1/public/stmaryrd/stmary10.pfb>
Output written on build/main_v2.pdf (519 pages, 19749306 bytes).
Transcript written on build/main_v2.log.
Latexmk: Getting log file 'build/main_v2.log'
Latexmk: Examining 'build/main_v2.fls'
Latexmk: Examining 'build/main_v2.log'
Latexmk: Found input bbl file 'main_v2.bbl'
Latexmk: Missing input file 'main_v2.toc' message in .log file:
  No file main_v2.toc.
Latexmk: References changed.
Latexmk: References changed.
Latexmk: Log file says output to 'build/main_v2.pdf'
Latexmk: Using biber to make bibliography file(s).
Latexmk: Bibliography file(s) from .bcf file:
  main_v2.bib
Sources for biber
  main_v2.bib
  build/main_v2.bcf
Latexmk: applying rule 'biber build/main_v2'...
Rule 'biber build/main_v2':  Reasons for rerun
Category 'other':
  Rerun of 'biber build/main_v2' forced or previously required:
    Reason or flag: 'Initial set up of rule'

------------
Run number 1 of rule 'biber build/main_v2'
------------
------------
Running 'biber  "build/main_v2.bcf"'
------------
INFO - This is Biber 2.21
INFO - Logfile is 'build/main_v2.blg'
INFO - Reading 'build/main_v2.bcf'
INFO - Found 172 citekeys in bib section 0
INFO - Processing section 0
INFO - Looking for bibtex file 'main_v2.bib' for section 0
INFO - LaTeX decoding ...
INFO - Found BibTeX data source 'main_v2.bib'
INFO - Overriding locale 'en-US' defaults 'normalization = NFD' with 'normalization = prenormalized'
INFO - Overriding locale 'en-US' defaults 'variable = shifted' with 'variable = non-ignorable'
INFO - Sorting list 'nyt/global//global/global/global' of type 'entry' with template 'nyt' and locale 'en-US'
INFO - No sort tailoring available for locale 'en-US'
INFO - Writing 'build/main_v2.bbl' with encoding 'UTF-8'
INFO - Output to build/main_v2.bbl
Latexmk: Found biber source file(s) [build/main_v2.bcf, main_v2.bib]
Latexmk: applying rule 'pdflatex'...
Rule 'pdflatex':  Reasons for rerun
Changed files or newly in use/created:
  build/main_v2.aux
  build/main_v2.bbl
  build/main_v2.toc

------------
Run number 2 of rule 'pdflatex'
------------
------------
Running 'pdflatex  -interaction=nonstopmode -file-line-error -recorder -output-directory="build"  "main_v2.tex"'
------------
This is pdfTeX, Version 3.141592653-2.6-1.40.29 (TeX Live 2026) (preloaded format=pdflatex)
 restricted \write18 enabled.
entering extended mode
(./main_v2.tex
LaTeX2e <2025-11-01>
L3 programming layer <2026-01-19>
(./nowfnt-arxiv.cls

LaTeX Warning: You have requested document class `nowfnt-arxiv',
               but the document class provides `nowfnt'.

Document Class: nowfnt 2021/10/12 v0.95d NOW document class
(/usr/local/texlive/2026/texmf-dist/tex/latex/etoolbox/etoolbox.sty)
(./NOWFnT-data.tex)

Class nowfnt Warning: Unclear state. Remove the class option book or ebook or s
ample on input line 129.

(/usr/local/texlive/2026/texmf-dist/tex/latex/base/book.cls
Document Class: book 2025/01/22 v1.4n Standard LaTeX document class
(/usr/local/texlive/2026/texmf-dist/tex/latex/base/bk11.clo))
(/usr/local/texlive/2026/texmf-dist/tex/latex/lastpage/lastpage.sty
(/usr/local/texlive/2026/texmf-dist/tex/latex/lastpage/lastpage2e.sty
(/usr/local/texlive/2026/texmf-dist/tex/latex/lastpage/lastpagemodern.sty) 
)) (/usr/local/texlive/2026/texmf-dist/tex/latex/tools/multicol.sty)
(/usr/local/texlive/2026/texmf-dist/tex/latex/tools/array.sty)
(/usr/local/texlive/2026/texmf-dist/tex/latex/trimspaces/trimspaces.sty)
(/usr/local/texlive/2026/texmf-dist/tex/latex/footmisc/footmisc.sty)
(/usr/local/texlive/2026/texmf-dist/tex/latex/pdfpages/pdfpages.sty
(/usr/local/texlive/2026/texmf-dist/tex/latex/base/ifthen.sty)
(/usr/local/texlive/2026/texmf-dist/tex/latex/tools/calc.sty)
(/usr/local/texlive/2026/texmf-dist/tex/latex/eso-pic/eso-pic.sty
(/usr/local/texlive/2026/texmf-dist/tex/latex/graphics/keyval.sty)
(/usr/local/texlive/2026/texmf-dist/tex/latex/xcolor/xcolor.sty
(/usr/local/texlive/2026/texmf-dist/tex/latex/graphics-cfg/color.cfg)
(/usr/local/texlive/2026/texmf-dist/tex/latex/graphics-def/pdftex.def)
(/usr/local/texlive/2026/texmf-dist/tex/latex/graphics/mathcolor.ltx))
(/usr/local/texlive/2026/texmf-dist/tex/latex/graphics/dvipsnam.def))
(/usr/local/texlive/2026/texmf-dist/tex/latex/graphics/graphicx.sty
(/usr/local/texlive/2026/texmf-dist/tex/latex/graphics/graphics.sty
(/usr/local/texlive/2026/texmf-dist/tex/latex/graphics/trig.sty)
(/usr/local/texlive/2026/texmf-dist/tex/latex/graphics-cfg/graphics.cfg)))
(/usr/local/texlive/2026/texmf-dist/tex/latex/pdfpages/pppdftex.def))
(/usr/local/texlive/2026/texmf-dist/tex/latex/tools/xr.sty)
(/usr/local/texlive/2026/texmf-dist/tex/latex/microtype/microtype.sty
(/usr/local/texlive/2026/texmf-dist/tex/latex/microtype/microtype-pdftex.def)
(/usr/local/texlive/2026/texmf-dist/tex/latex/microtype/microtype.cfg))
(/usr/local/texlive/2026/texmf-dist/tex/latex/fancyhdr/fancyhdr.sty)
(/usr/local/texlive/2026/texmf-dist/tex/latex/titlesec/titlesec.sty)
(/usr/local/texlive/2026/texmf-dist/tex/latex/caption/caption.sty
(/usr/local/texlive/2026/texmf-dist/tex/latex/caption/caption3.sty))
(/usr/local/texlive/2026/texmf-dist/tex/latex/emptypage/emptypage.sty)
(/usr/local/texlive/2026/texmf-dist/tex/latex/url/url.sty)
(/usr/local/texlive/2026/texmf-dist/tex/latex/lm/lmodern.sty)
(/usr/local/texlive/2026/texmf-dist/tex/latex/base/fontenc.sty
(/usr/local/texlive/2026/texmf-dist/tex/latex/lm/t1lmr.fd))
(./nowfnt-biblatex.sty
(/usr/local/texlive/2026/texmf-dist/tex/latex/biblatex/biblatex.sty
(/usr/local/texlive/2026/texmf-dist/tex/generic/pdftexcmds/pdftexcmds.sty
(/usr/local/texlive/2026/texmf-dist/tex/generic/infwarerr/infwarerr.sty)
(/usr/local/texlive/2026/texmf-dist/tex/generic/iftex/iftex.sty)
(/usr/local/texlive/2026/texmf-dist/tex/generic/ltxcmds/ltxcmds.sty))
(/usr/local/texlive/2026/texmf-dist/tex/latex/kvoptions/kvoptions.sty
(/usr/local/texlive/2026/texmf-dist/tex/latex/kvsetkeys/kvsetkeys.sty))
(/usr/local/texlive/2026/texmf-dist/tex/latex/logreq/logreq.sty
(/usr/local/texlive/2026/texmf-dist/tex/latex/logreq/logreq.def))
(/usr/local/texlive/2026/texmf-dist/tex/latex/biblatex/blx-dm.def)
(/usr/local/texlive/2026/texmf-dist/tex/latex/biblatex/blx-compat.def)
(/usr/local/texlive/2026/texmf-dist/tex/latex/biblatex/biblatex.def)
(/usr/local/texlive/2026/texmf-dist/tex/latex/biblatex/blx-natbib.def)
(/usr/local/texlive/2026/texmf-dist/tex/latex/biblatex/bbx/authoryear.bbx
(/usr/local/texlive/2026/texmf-dist/tex/latex/biblatex/bbx/standard.bbx))
(/usr/local/texlive/2026/texmf-dist/tex/latex/biblatex/cbx/authoryear.cbx)
(/usr/local/texlive/2026/texmf-dist/tex/latex/biblatex/biblatex.cfg)
(/usr/local/texlive/2026/texmf-dist/tex/latex/l3kernel/expl3.sty
(/usr/local/texlive/2026/texmf-dist/tex/latex/l3backend/l3backend-pdftex.def))
(/usr/local/texlive/2026/texmf-dist/tex/latex/biblatex/blx-case-expl3.sty
(/usr/local/texlive/2026/texmf-dist/tex/latex/l3packages/xparse/xparse.sty)))
(/usr/local/texlive/2026/texmf-dist/tex/latex/csquotes/csquotes.sty
(/usr/local/texlive/2026/texmf-dist/tex/latex/csquotes/csquotes.def)
(/usr/local/texlive/2026/texmf-dist/tex/latex/csquotes/csquotes.cfg)))
(/usr/local/texlive/2026/texmf-dist/tex/latex/amscls/amsthm.sty)
(/usr/local/texlive/2026/texmf-dist/tex/latex/geometry/geometry.sty
(/usr/local/texlive/2026/texmf-dist/tex/generic/iftex/ifvtex.sty))
(/usr/local/texlive/2026/texmf-dist/tex/latex/hyperref/hyperref.sty
(/usr/local/texlive/2026/texmf-dist/tex/generic/kvdefinekeys/kvdefinekeys.sty)
(/usr/local/texlive/2026/texmf-dist/tex/generic/pdfescape/pdfescape.sty)
(/usr/local/texlive/2026/texmf-dist/tex/latex/hycolor/hycolor.sty)
(/usr/local/texlive/2026/texmf-dist/tex/latex/hyperref/nameref.sty
(/usr/local/texlive/2026/texmf-dist/tex/latex/refcount/refcount.sty)
(/usr/local/texlive/2026/texmf-dist/tex/generic/gettitlestring/gettitlestring.s
ty)) (/usr/local/texlive/2026/texmf-dist/tex/generic/stringenc/stringenc.sty)
(/usr/local/texlive/2026/texmf-dist/tex/latex/hyperref/pd1enc.def)
(/usr/local/texlive/2026/texmf-dist/tex/generic/intcalc/intcalc.sty)
(/usr/local/texlive/2026/texmf-dist/tex/latex/hyperref/puenc.def)
(/usr/local/texlive/2026/texmf-dist/tex/generic/bitset/bitset.sty
(/usr/local/texlive/2026/texmf-dist/tex/generic/bigintcalc/bigintcalc.sty)))
(/usr/local/texlive/2026/texmf-dist/tex/latex/hyperref/hpdftex.def
(/usr/local/texlive/2026/texmf-dist/tex/latex/rerunfilecheck/rerunfilecheck.sty

(/usr/local/texlive/2026/texmf-dist/tex/generic/uniquecounter/uniquecounter.sty
))) (/usr/local/texlive/2026/texmf-dist/tex/latex/bookmark/bookmark.sty
(/usr/local/texlive/2026/texmf-dist/tex/latex/bookmark/bkm-pdftex.def)))
(/usr/local/texlive/2026/texmf-dist/tex/latex/pgf/frontendlayer/tikz.sty
(/usr/local/texlive/2026/texmf-dist/tex/latex/pgf/basiclayer/pgf.sty
(/usr/local/texlive/2026/texmf-dist/tex/latex/pgf/utilities/pgfrcs.sty
(/usr/local/texlive/2026/texmf-dist/tex/generic/pgf/utilities/pgfutil-common.te
x)
(/usr/local/texlive/2026/texmf-dist/tex/generic/pgf/utilities/pgfutil-latex.def
) (/usr/local/texlive/2026/texmf-dist/tex/generic/pgf/utilities/pgfrcs.code.tex
(/usr/local/texlive/2026/texmf-dist/tex/generic/pgf/pgf.revision.tex)))
(/usr/local/texlive/2026/texmf-dist/tex/latex/pgf/basiclayer/pgfcore.sty
(/usr/local/texlive/2026/texmf-dist/tex/latex/pgf/systemlayer/pgfsys.sty
(/usr/local/texlive/2026/texmf-dist/tex/generic/pgf/systemlayer/pgfsys.code.tex
(/usr/local/texlive/2026/texmf-dist/tex/generic/pgf/utilities/pgfkeys.code.tex
(/usr/local/texlive/2026/texmf-dist/tex/generic/pgf/utilities/pgfkeyslibraryfil
tered.code.tex))
(/usr/local/texlive/2026/texmf-dist/tex/generic/pgf/systemlayer/pgf.cfg)
(/usr/local/texlive/2026/texmf-dist/tex/generic/pgf/systemlayer/pgfsys-pdftex.d
ef
(/usr/local/texlive/2026/texmf-dist/tex/generic/pgf/systemlayer/pgfsys-common-p
df.def)))
(/usr/local/texlive/2026/texmf-dist/tex/generic/pgf/systemlayer/pgfsyssoftpath.
code.tex)
(/usr/local/texlive/2026/texmf-dist/tex/generic/pgf/systemlayer/pgfsysprotocol.
code.tex))
(/usr/local/texlive/2026/texmf-dist/tex/generic/pgf/basiclayer/pgfcore.code.tex
(/usr/local/texlive/2026/texmf-dist/tex/generic/pgf/math/pgfmath.code.tex
(/usr/local/texlive/2026/texmf-dist/tex/generic/pgf/math/pgfmathutil.code.tex)
(/usr/local/texlive/2026/texmf-dist/tex/generic/pgf/math/pgfmathparser.code.tex
)
(/usr/local/texlive/2026/texmf-dist/tex/generic/pgf/math/pgfmathfunctions.code.
tex)
(/usr/local/texlive/2026/texmf-dist/tex/generic/pgf/math/pgfmathfunctions.basic
.code.tex)
(/usr/local/texlive/2026/texmf-dist/tex/generic/pgf/math/pgfmathfunctions.trigo
nometric.code.tex)
(/usr/local/texlive/2026/texmf-dist/tex/generic/pgf/math/pgfmathfunctions.rando
m.code.tex)
(/usr/local/texlive/2026/texmf-dist/tex/generic/pgf/math/pgfmathfunctions.compa
rison.code.tex)
(/usr/local/texlive/2026/texmf-dist/tex/generic/pgf/math/pgfmathfunctions.base.
code.tex)
(/usr/local/texlive/2026/texmf-dist/tex/generic/pgf/math/pgfmathfunctions.round
.code.tex)
(/usr/local/texlive/2026/texmf-dist/tex/generic/pgf/math/pgfmathfunctions.misc.
code.tex)
(/usr/local/texlive/2026/texmf-dist/tex/generic/pgf/math/pgfmathfunctions.integ
erarithmetics.code.tex)
(/usr/local/texlive/2026/texmf-dist/tex/generic/pgf/math/pgfmathcalc.code.tex)
(/usr/local/texlive/2026/texmf-dist/tex/generic/pgf/math/pgfmathfloat.code.tex)
) (/usr/local/texlive/2026/texmf-dist/tex/generic/pgf/math/pgfint.code.tex)
(/usr/local/texlive/2026/texmf-dist/tex/generic/pgf/basiclayer/pgfcorepoints.co
de.tex)
(/usr/local/texlive/2026/texmf-dist/tex/generic/pgf/basiclayer/pgfcorepathconst
ruct.code.tex)
(/usr/local/texlive/2026/texmf-dist/tex/generic/pgf/basiclayer/pgfcorepathusage
.code.tex)
(/usr/local/texlive/2026/texmf-dist/tex/generic/pgf/basiclayer/pgfcorescopes.co
de.tex)
(/usr/local/texlive/2026/texmf-dist/tex/generic/pgf/basiclayer/pgfcoregraphicst
ate.code.tex)
(/usr/local/texlive/2026/texmf-dist/tex/generic/pgf/basiclayer/pgfcoretransform
ations.code.tex)
(/usr/local/texlive/2026/texmf-dist/tex/generic/pgf/basiclayer/pgfcorequick.cod
e.tex)
(/usr/local/texlive/2026/texmf-dist/tex/generic/pgf/basiclayer/pgfcoreobjects.c
ode.tex)
(/usr/local/texlive/2026/texmf-dist/tex/generic/pgf/basiclayer/pgfcorepathproce
ssing.code.tex)
(/usr/local/texlive/2026/texmf-dist/tex/generic/pgf/basiclayer/pgfcorearrows.co
de.tex)
(/usr/local/texlive/2026/texmf-dist/tex/generic/pgf/basiclayer/pgfcoreshade.cod
e.tex)
(/usr/local/texlive/2026/texmf-dist/tex/generic/pgf/basiclayer/pgfcoreimage.cod
e.tex)
(/usr/local/texlive/2026/texmf-dist/tex/generic/pgf/basiclayer/pgfcoreexternal.
code.tex)
(/usr/local/texlive/2026/texmf-dist/tex/generic/pgf/basiclayer/pgfcorelayers.co
de.tex)
(/usr/local/texlive/2026/texmf-dist/tex/generic/pgf/basiclayer/pgfcoretranspare
ncy.code.tex)
(/usr/local/texlive/2026/texmf-dist/tex/generic/pgf/basiclayer/pgfcorepatterns.
code.tex)
(/usr/local/texlive/2026/texmf-dist/tex/generic/pgf/basiclayer/pgfcorerdf.code.
tex)))
(/usr/local/texlive/2026/texmf-dist/tex/generic/pgf/modules/pgfmoduleshapes.cod
e.tex)
(/usr/local/texlive/2026/texmf-dist/tex/generic/pgf/modules/pgfmoduleplot.code.
tex)
(/usr/local/texlive/2026/texmf-dist/tex/latex/pgf/compatibility/pgfcomp-version
-0-65.sty)
(/usr/local/texlive/2026/texmf-dist/tex/latex/pgf/compatibility/pgfcomp-version
-1-18.sty))
(/usr/local/texlive/2026/texmf-dist/tex/latex/pgf/utilities/pgffor.sty
(/usr/local/texlive/2026/texmf-dist/tex/latex/pgf/utilities/pgfkeys.sty
(/usr/local/texlive/2026/texmf-dist/tex/generic/pgf/utilities/pgfkeys.code.tex)
) (/usr/local/texlive/2026/texmf-dist/tex/latex/pgf/math/pgfmath.sty
(/usr/local/texlive/2026/texmf-dist/tex/generic/pgf/math/pgfmath.code.tex))
(/usr/local/texlive/2026/texmf-dist/tex/generic/pgf/utilities/pgffor.code.tex))

(/usr/local/texlive/2026/texmf-dist/tex/generic/pgf/frontendlayer/tikz/tikz.cod
e.tex
(/usr/local/texlive/2026/texmf-dist/tex/generic/pgf/libraries/pgflibraryplothan
dlers.code.tex)
(/usr/local/texlive/2026/texmf-dist/tex/generic/pgf/modules/pgfmodulematrix.cod
e.tex)
(/usr/local/texlive/2026/texmf-dist/tex/generic/pgf/frontendlayer/tikz/librarie
s/tikzlibrarytopaths.code.tex)))
(/usr/local/texlive/2026/texmf-dist/tex/generic/pgf/libraries/pgflibraryarrows.
meta.code.tex)
(/usr/local/texlive/2026/texmf-dist/tex/generic/pgf/frontendlayer/tikz/librarie
s/tikzlibrarycalc.code.tex)
(/usr/local/texlive/2026/texmf-dist/tex/generic/pgf/frontendlayer/tikz/librarie
s/tikzlibrarypositioning.code.tex)
(/usr/local/texlive/2026/texmf-dist/tex/generic/pgf/frontendlayer/tikz/librarie
s/tikzlibraryshapes.geometric.code.tex
(/usr/local/texlive/2026/texmf-dist/tex/generic/pgf/libraries/shapes/pgflibrary
shapes.geometric.code.tex))
(/usr/local/texlive/2026/texmf-dist/tex/latex/caption/subcaption.sty)
(/usr/local/texlive/2026/texmf-dist/tex/latex/jknapltx/mathrsfs.sty)
(/usr/local/texlive/2026/texmf-dist/tex/latex/tcolorbox/tcolorbox.sty
(/usr/local/texlive/2026/texmf-dist/tex/latex/tools/verbatim.sty)
(/usr/local/texlive/2026/texmf-dist/tex/latex/environ/environ.sty))
(/usr/local/texlive/2026/texmf-dist/tex/latex/booktabs/booktabs.sty)
(/usr/local/texlive/2026/texmf-dist/tex/generic/pgf/frontendlayer/tikz/librarie
s/tikzlibraryshapes.code.tex
(/usr/local/texlive/2026/texmf-dist/tex/generic/pgf/frontendlayer/tikz/librarie
s/tikzlibraryshapes.misc.code.tex
(/usr/local/texlive/2026/texmf-dist/tex/generic/pgf/libraries/shapes/pgflibrary
shapes.misc.code.tex))
(/usr/local/texlive/2026/texmf-dist/tex/generic/pgf/frontendlayer/tikz/librarie
s/tikzlibraryshapes.symbols.code.tex
(/usr/local/texlive/2026/texmf-dist/tex/generic/pgf/libraries/shapes/pgflibrary
shapes.symbols.code.tex))
(/usr/local/texlive/2026/texmf-dist/tex/generic/pgf/frontendlayer/tikz/librarie
s/tikzlibraryshapes.arrows.code.tex
(/usr/local/texlive/2026/texmf-dist/tex/generic/pgf/libraries/shapes/pgflibrary
shapes.arrows.code.tex))
(/usr/local/texlive/2026/texmf-dist/tex/generic/pgf/frontendlayer/tikz/librarie
s/tikzlibraryshapes.callouts.code.tex
(/usr/local/texlive/2026/texmf-dist/tex/generic/pgf/libraries/shapes/pgflibrary
shapes.callouts.code.tex))
(/usr/local/texlive/2026/texmf-dist/tex/generic/pgf/frontendlayer/tikz/librarie
s/tikzlibraryshapes.multipart.code.tex
(/usr/local/texlive/2026/texmf-dist/tex/generic/pgf/libraries/shapes/pgflibrary
shapes.multipart.code.tex)))
(/usr/local/texlive/2026/texmf-dist/tex/generic/pgf/frontendlayer/tikz/librarie
s/tikzlibraryarrows.code.tex
(/usr/local/texlive/2026/texmf-dist/tex/generic/pgf/libraries/pgflibraryarrows.
code.tex))
(/usr/local/texlive/2026/texmf-dist/tex/generic/pgf/frontendlayer/tikz/librarie
s/tikzlibrarybackgrounds.code.tex)
(/usr/local/texlive/2026/texmf-dist/tex/generic/pgf/frontendlayer/tikz/librarie
s/tikzlibraryshadows.code.tex
(/usr/local/texlive/2026/texmf-dist/tex/generic/pgf/frontendlayer/tikz/librarie
s/tikzlibraryfadings.code.tex
(/usr/local/texlive/2026/texmf-dist/tex/generic/pgf/libraries/pgflibraryfadings
.code.tex)))
(/usr/local/texlive/2026/texmf-dist/tex/latex/stmaryrd/stmaryrd.sty)
(/usr/local/texlive/2026/texmf-dist/tex/latex/placeins/placeins.sty)
(/usr/local/texlive/2026/texmf-dist/tex/latex/cancel/cancel.sty)
(/usr/local/texlive/2026/texmf-dist/tex/latex/tools/tabularx.sty)
(/usr/local/texlive/2026/texmf-dist/tex/latex/mathtools/mathtools.sty
(/usr/local/texlive/2026/texmf-dist/tex/latex/mathtools/mhsetup.sty)
(/usr/local/texlive/2026/texmf-dist/tex/latex/amsmath/amsmath.sty
For additional information on amsmath, use the `?' option.
(/usr/local/texlive/2026/texmf-dist/tex/latex/amsmath/amstext.sty
(/usr/local/texlive/2026/texmf-dist/tex/latex/amsmath/amsgen.sty))
(/usr/local/texlive/2026/texmf-dist/tex/latex/amsmath/amsbsy.sty)
(/usr/local/texlive/2026/texmf-dist/tex/latex/amsmath/amsopn.sty)))
(/usr/local/texlive/2026/texmf-dist/tex/latex/fancybox/fancybox.sty
Style option: `fancybox' v1.4 <2010/05/15> (tvz)
) (/usr/local/texlive/2026/texmf-dist/tex/latex/colortbl/colortbl.sty)
(/usr/local/texlive/2026/texmf-dist/tex/latex/amsfonts/amssymb.sty
(/usr/local/texlive/2026/texmf-dist/tex/latex/amsfonts/amsfonts.sty))
(/usr/local/texlive/2026/texmf-dist/tex/latex/setspace/setspace.sty)
(/usr/local/texlive/2026/texmf-dist/tex/latex/float/float.sty)
(/usr/local/texlive/2026/texmf-dist/tex/latex/base/inputenc.sty)
(/usr/local/texlive/2026/texmf-dist/tex/generic/babel/babel.sty
(/usr/local/texlive/2026/texmf-dist/tex/generic/babel/txtbabel.def)
(/usr/local/texlive/2026/texmf-dist/tex/generic/babel/locale/en/babel-english.t
ex) (/usr/local/texlive/2026/texmf-dist/tex/generic/babel-english/english.ldf))
 (/usr/local/texlive/2026/texmf-dist/tex/latex/mwe/mwe.sty
(/usr/local/texlive/2026/texmf-dist/tex/latex/lipsum/lipsum.sty
(/usr/local/texlive/2026/texmf-dist/tex/latex/l3packages/l3keys2e/l3keys2e.sty)
(/usr/local/texlive/2026/texmf-dist/tex/latex/lipsum/lipsum.ltd.tex))
(/usr/local/texlive/2026/texmf-dist/tex/latex/blindtext/blindtext.sty
(/usr/local/texlive/2026/texmf-dist/tex/latex/tools/xspace.sty)))
(/usr/local/texlive/2026/texmf-dist/tex/latex/adjustbox/adjustbox.sty
(/usr/local/texlive/2026/texmf-dist/tex/latex/xkeyval/xkeyval.sty
(/usr/local/texlive/2026/texmf-dist/tex/generic/xkeyval/xkeyval.tex
(/usr/local/texlive/2026/texmf-dist/tex/generic/xkeyval/xkvutils.tex)))
(/usr/local/texlive/2026/texmf-dist/tex/latex/adjustbox/adjcalc.sty)
(/usr/local/texlive/2026/texmf-dist/tex/latex/adjustbox/trimclip.sty
(/usr/local/texlive/2026/texmf-dist/tex/latex/collectbox/collectbox.sty)
(/usr/local/texlive/2026/texmf-dist/tex/latex/adjustbox/tc-pdftex.def))
(/usr/local/texlive/2026/texmf-dist/tex/latex/ifoddpage/ifoddpage.sty)
(/usr/local/texlive/2026/texmf-dist/tex/latex/varwidth/varwidth.sty)
==> First Aid for varwidth.sty applied!
) (/usr/local/texlive/2026/texmf-dist/tex/latex/multirow/multirow.sty)
(/usr/local/texlive/2026/texmf-dist/tex/latex/makecell/makecell.sty)
(./annotate_eqs.sty

LaTeX Warning: You have requested package `annotate_eqs',
               but the package provides `annotate-equations'.

(/usr/local/texlive/2026/texmf-dist/tex/generic/iftex/ifluatex.sty)
(/usr/local/texlive/2026/texmf-dist/tex/latex/tikzmark/tikzlibrarytikzmark.code
.tex)
(/usr/local/texlive/2026/texmf-dist/tex/generic/pgf/frontendlayer/tikz/librarie
s/tikzlibrarybabel.code.tex))
(/usr/local/texlive/2026/texmf-dist/tex/generic/pgf/frontendlayer/tikz/librarie
s/tikzlibraryfit.code.tex)
(/usr/local/texlive/2026/texmf-dist/tex/latex/epigraph/epigraph.sty
(/usr/local/texlive/2026/texmf-dist/tex/latex/nextpage/nextpage.sty))
(/usr/local/texlive/2026/texmf-dist/tex/latex/thmbox/thmbox.sty)
(/usr/local/texlive/2026/texmf-dist/tex/latex/tcolorbox/tcbtheorems.code.tex
Library (tcolorbox): 'tcbtheorems.code.tex' version '6.9.0'
) (/usr/local/texlive/2026/texmf-dist/tex/latex/tcolorbox/tcbskins.code.tex
Library (tcolorbox): 'tcbskins.code.tex' version '6.9.0'
(/usr/local/texlive/2026/texmf-dist/tex/latex/tikzfill/tikzfill.image.sty
(/usr/local/texlive/2026/texmf-dist/tex/latex/tikzfill/tikzfill-common.sty)
(/usr/local/texlive/2026/texmf-dist/tex/latex/tikzfill/tikzlibraryfill.image.co
de.tex))
(/usr/local/texlive/2026/texmf-dist/tex/latex/tcolorbox/tcbskinsjigsaw.code.tex
Library (tcolorbox): 'tcbskinsjigsaw.code.tex' version '6.9.0'
))
(/usr/local/texlive/2026/texmf-dist/tex/latex/tcolorbox/tcbbreakable.code.tex
Library (tcolorbox): 'tcbbreakable.code.tex' version '6.9.0'
(/usr/local/texlive/2026/texmf-dist/tex/latex/pdfcol/pdfcol.sty))
(/usr/local/texlive/2026/texmf-dist/tex/latex/algorithms/algorithm.sty)
(/usr/local/texlive/2026/texmf-dist/tex/latex/algorithmicx/algpseudocode.sty
(/usr/local/texlive/2026/texmf-dist/tex/latex/algorithmicx/algorithmicx.sty
Document Style algorithmicx 1.2 - a greatly improved `algorithmic' style
)
Document Style - pseudocode environments for use with the `algorithmicx' style
) (/usr/local/texlive/2026/texmf-dist/tex/latex/cleveref/cleveref.sty)
==> First Aid for cleveref.sty applied!
(/usr/local/texlive/2026/texmf-dist/tex/latex/mdframed/mdframed.sty
(/usr/local/texlive/2026/texmf-dist/tex/latex/zref/zref-abspage.sty
(/usr/local/texlive/2026/texmf-dist/tex/latex/zref/zref-base.sty
(/usr/local/texlive/2026/texmf-dist/tex/generic/etexcmds/etexcmds.sty)
(/usr/local/texlive/2026/texmf-dist/tex/latex/auxhook/auxhook.sty)))
(/usr/local/texlive/2026/texmf-dist/tex/latex/needspace/needspace.sty)
(/usr/local/texlive/2026/texmf-dist/tex/latex/mdframed/md-frame-1.mdf))
(./math_commands.tex (/usr/local/texlive/2026/texmf-dist/tex/latex/tools/bm.sty
) (/usr/local/texlive/2026/texmf-dist/tex/latex/enumitem/enumitem.sty)
(/usr/local/texlive/2026/texmf-dist/tex/generic/soul/soul.sty
(/usr/local/texlive/2026/texmf-dist/tex/generic/soul/soul-ori.sty)))
(./theorems.tex
(/usr/local/texlive/2026/texmf-dist/tex/latex/tcolorbox/tcbhooks.code.tex
Library (tcolorbox): 'tcbhooks.code.tex' version '6.9.0'
)) (./scaffolding.tex)
(/usr/local/texlive/2026/texmf-dist/tex/latex/psnfss/pifont.sty
(/usr/local/texlive/2026/texmf-dist/tex/latex/psnfss/upzd.fd)
(/usr/local/texlive/2026/texmf-dist/tex/latex/psnfss/upsy.fd))
(/usr/local/texlive/2026/texmf-dist/tex/latex/pstricks/pstricks.sty
(/usr/local/texlive/2026/texmf-dist/tex/generic/xkeyval/pst-xkey.tex)
(/usr/local/texlive/2026/texmf-dist/tex/generic/pstricks/pstricks.tex
(/usr/local/texlive/2026/texmf-dist/tex/generic/pstricks/pst-fp.tex
`pst-fp' v0.06, 2020/11/20 (hv))
`PSTricks' v3.22A  <2025/12/13> (tvz,hv)
--- We are running latex or xelatex ---
(/usr/local/texlive/2026/texmf-dist/tex/generic/pstricks/pstricks.con)
(/usr/local/texlive/2026/texmf-dist/tex/generic/pstricks/pstricks-color.tex)
(/usr/local/texlive/2026/texmf-dist/tex/generic/pstricks/pstricks-arrows.tex)
(/usr/local/texlive/2026/texmf-dist/tex/generic/pstricks/pstricks-dots.tex)
(/usr/local/texlive/2026/texmf-dist/tex/generic/pstricks/pst-code-grid.tex)
(/usr/local/texlive/2026/texmf-dist/tex/generic/pstricks/pst-code-box.tex)
(/usr/local/texlive/2026/texmf-dist/tex/generic/pstricks/pst-code-arc.tex)
(/usr/local/texlive/2026/texmf-dist/tex/generic/pstricks/pst-code-circle_ellips
e.tex)
(/usr/local/texlive/2026/texmf-dist/tex/generic/pstricks/pst-code-ref_rot.tex)
(/usr/local/texlive/2026/texmf-dist/tex/generic/pstricks/pst-code-put.tex)
(/usr/local/texlive/2026/texmf-dist/tex/generic/pstricks/pst-code-pspicture.tex
) (/usr/local/texlive/2026/texmf-dist/tex/generic/pstricks/pstricks.con))
(/usr/local/texlive/2026/texmf-dist/tex/generic/pstricks/pst-fp.tex
`pst-fp' v0.06, 2020/11/20 (hv)))
(/usr/local/texlive/2026/texmf-dist/tex/latex/pstricks-add/pstricks-add.sty
(/usr/local/texlive/2026/texmf-dist/tex/latex/pst-plot/pst-plot.sty
(/usr/local/texlive/2026/texmf-dist/tex/latex/xkeyval/pst-xkey.sty)
(/usr/local/texlive/2026/texmf-dist/tex/latex/multido/multido.sty
(/usr/local/texlive/2026/texmf-dist/tex/generic/multido/multido.tex
 v1.42, 2010/05/14 <tvz>))
(/usr/local/texlive/2026/texmf-dist/tex/generic/pst-plot/pst-plot.tex
(/usr/local/texlive/2026/texmf-dist/tex/generic/pst-tools/pst-tools.tex
`PST-tools' v0.12, 2021/09/23 (hv))
(/usr/local/texlive/2026/texmf-dist/tex/generic/pstricks-add/pstricks-add.tex
(/usr/local/texlive/2026/texmf-dist/tex/generic/pst-node/pst-node.tex
 v1.45, 2024/07/10)
(/usr/local/texlive/2026/texmf-dist/tex/generic/pst-arrow/pst-arrow.tex
`pst-arrow' v0.05, 2021/11/16 (dr,hv))
(/usr/local/texlive/2026/texmf-dist/tex/generic/pst-3d/pst-3d.tex
`PST-3d' v1.11, 2010/02/14 (tvz))
(/usr/local/texlive/2026/texmf-dist/tex/generic/pst-math/pst-math.tex
`pst-math' v0.67 , (CJ,hv)) `pstricks-add' v3.94, 2023/04/17 (dr,hv))
 v1.94, 2022/11/21 (tvz,hv)))
(/usr/local/texlive/2026/texmf-dist/tex/latex/pst-node/pst-node.sty
(/usr/local/texlive/2026/texmf-dist/tex/generic/pst-node/pst-node.tex))
(/usr/local/texlive/2026/texmf-dist/tex/latex/pst-3d/pst-3d.sty
(/usr/local/texlive/2026/texmf-dist/tex/generic/pst-3d/pst-3d.tex))
(/usr/local/texlive/2026/texmf-dist/tex/latex/pst-math/pst-math.sty
(/usr/local/texlive/2026/texmf-dist/tex/latex/pst-calculate/pst-calculate.sty
(/usr/local/texlive/2026/texmf-dist/tex/latex/siunitx/siunitx.sty
(/usr/local/texlive/2026/texmf-dist/tex/latex/translations/translations.sty)))
(/usr/local/texlive/2026/texmf-dist/tex/generic/xstring/xstring.sty
(/usr/local/texlive/2026/texmf-dist/tex/generic/xstring/xstring.tex))
(/usr/local/texlive/2026/texmf-dist/tex/generic/pst-math/pst-math.tex))
(/usr/local/texlive/2026/texmf-dist/tex/generic/pstricks-add/pstricks-add.tex))
 (/usr/local/texlive/2026/texmf-dist/tex/latex/cjk-ko/kotex.sty
(/usr/local/texlive/2026/texmf-dist/tex/latex/kotex-utf/kotex.cfg)
(/usr/local/texlive/2026/texmf-dist/tex/latex/kotex-utf/kotexutf.sty
(/usr/local/texlive/2026/texmf-dist/tex/plain/kotex-plain/kotexutf-core.tex)
(/usr/local/texlive/2026/texmf-dist/tex/latex/kotex-utf/lucenc.dfu)
(/usr/local/texlive/2026/texmf-dist/tex/latex/cjk-ko/kolabels-utf.sty)))
First name missing
First name missing
First name missing
First name missing
First name missing

Package biblatex Warning: Load 'inputenc' before biblatex.


Package csquotes Warning: Load 'inputenc' before 'csquotes' on input line 423.

(build/main_v2.aux)
(/usr/local/texlive/2026/texmf-dist/tex/latex/nanumtype1/lucnanummj.fd)
(/usr/local/texlive/2026/texmf-dist/tex/context/base/mkii/supp-pdf.mkii
[Loading MPS to PDF converter (version 2006.09.02).]
) (/usr/local/texlive/2026/texmf-dist/tex/latex/epstopdf-pkg/epstopdf-base.sty
(/usr/local/texlive/2026/texmf-dist/tex/latex/latexconfig/epstopdf-sys.cfg))
(/usr/local/texlive/2026/texmf-dist/tex/latex/pdflscape/pdflscape.sty
(/usr/local/texlive/2026/texmf-dist/tex/latex/pdflscape/pdflscape-nometadata.st
y (/usr/local/texlive/2026/texmf-dist/tex/latex/graphics/lscape.sty)))

Package microtype Warning: Command \pickup@font is not defined as expected.
(microtype)                Patching it anyway. Some things may break.
(microtype)                Double-check whether micro-typography is indeed
(microtype)                applied to the document.
(microtype)                (Hint: Turn on `verbose' mode).

(/usr/local/texlive/2026/texmf-dist/tex/latex/microtype/mt-cmr.cfg)
(/usr/local/texlive/2026/texmf-dist/tex/latex/biblatex/lbx/english.lbx)
(build/main_v2.bbl)
*geometry* driver: auto-detecting
*geometry* detected driver: pdftex

(/usr/local/texlive/2026/texmf-dist/tex/latex/translations/translations-basic-d
ictionary-english.trsl)
(/usr/local/texlive/2026/texmf-dist/tex/latex/lm/t1lmss.fd)
(/usr/local/texlive/2026/texmf-dist/tex/latex/lm/ot1lmr.fd)
(/usr/local/texlive/2026/texmf-dist/tex/latex/lm/omllmm.fd)
(/usr/local/texlive/2026/texmf-dist/tex/latex/lm/omslmsy.fd)
(/usr/local/texlive/2026/texmf-dist/tex/latex/lm/omxlmex.fd)
(/usr/local/texlive/2026/texmf-dist/tex/latex/jknapltx/ursfs.fd)
(/usr/local/texlive/2026/texmf-dist/tex/latex/stmaryrd/Ustmry.fd)
(/usr/local/texlive/2026/texmf-dist/tex/latex/amsfonts/umsa.fd)
(/usr/local/texlive/2026/texmf-dist/tex/latex/microtype/mt-msa.cfg)
(/usr/local/texlive/2026/texmf-dist/tex/latex/amsfonts/umsb.fd)
(/usr/local/texlive/2026/texmf-dist/tex/latex/microtype/mt-msb.cfg)

LaTeX Font Warning: Font shape `U/stmry/b/n' undefined
(Font)              using `U/stmry/m/n' instead on input line 423.


LaTeX Font Warning: Font shape `U/rsfs/m/n' in size <13> not available
(Font)              size <12> substituted on input line 423.


LaTeX Font Warning: Font shape `U/rsfs/m/n' in size <6.5> not available
(Font)              size <6> substituted on input line 423.


LaTeX Font Warning: Font shape `U/stmry/m/n' in size <13> not available
(Font)              size <12> substituted on input line 423.


LaTeX Font Warning: Font shape `U/stmry/m/n' in size <6.5> not available
(Font)              size <6> substituted on input line 423.


LaTeX Font Warning: Font shape `U/stmry/b/n' in size <13> not available
(Font)              size <12> substituted on input line 423.


LaTeX Font Warning: Font shape `U/stmry/b/n' in size <6.5> not available
(Font)              size <6> substituted on input line 423.

[1
Non-PDF special ignored!
<special> header=pstricks.pro
Non-PDF special ignored!
<special> header=pst-algparser.pro
Non-PDF special ignored!
<special> header=pst-tools.pro
Non-PDF special ignored!
<special> header=pst-dots.pro
Non-PDF special ignored!
<special> header=pst-node.pro
Non-PDF special ignored!
<special> header=pst-3d.pro
Non-PDF special ignored!
<special> header=pst-math.pro
Non-PDF special ignored!
<special> header=pstricks-add.pro
Non-PDF special ignored!
<special> ps: /pssetRGBcolor /setrgbcolor load def /pssetCMYKcolor /setcmyk...
Non-PDF special ignored!
<special> ps:tx@Dict begin  gsave STV CP T /ps@rot 0 def grestore  end
Non-PDF special ignored!
<special> ps:tx@Dict begin  gsave STV CP T /ps@refangle 0.  def grestore  e...
Non-PDF special ignored!
<special> ps:tx@Dict begin  gsave STV CP T /ps@rot 0 def grestore  end
{/usr/local/texlive/2026/texmf-var/fonts/map/pdftex/updmap/pdftex.map}{/usr/loc
al/texlive/2026/texmf-dist/fonts/enc/dvips/lm/lm-ec.enc}] (build/main_v2.toc
[2] [3] (/usr/local/texlive/2026/texmf-dist/tex/latex/lm/t1lmtt.fd) [4])
[5] (./fnfix.tex) (/usr/local/texlive/2026/texmf-dist/tex/latex/lm/ts1lmr.fd)
[1{/usr/local/texlive/2026/texmf-dist/fonts/enc/dvips/lm/lm-ts1.enc}] [2]
(./Preface.tex [3] [4] [5] [6 <./Images/PartA/diffusion_forward_vs_reverse.pdf>
] [7] [8{/usr/local/texlive/2026/texmf-dist/fonts/enc/dvips/lm/lm-mathsy.enc}]
[9] [10]) (./notations.tex [11]
Underfull \vbox (badness 10000) has occurred while \output is active [12{/usr/l
ocal/texlive/2026/texmf-dist/fonts/enc/dvips/lm/lm-mathit.enc}{/usr/local/texli
ve/2026/texmf-dist/fonts/enc/dvips/lm/lm-rm.enc}]
Overfull \hbox (23.66492pt too wide) in paragraph at lines 86--86
[]$\U/msb/m/n/10.95 E[]\OT1/lmr/bx/n/10.95 (-20) f\OT1/lmr/m/n/10.95 (-20) (\OT
1/lmr/bx/n/10.95 (-20) x\OT1/lmr/m/n/10.95 (-20) ) \OMS/lmsy/m/n/10.95 j \OT1/l
mr/bx/n/10.95 (-20) z[]$\T1/lmr/m/n/10.95 (-20) ,  

Overfull \hbox (42.28333pt too wide) in paragraph at lines 86--86
\U/msb/m/n/10.95 E[][]\OT1/lmr/bx/n/10.95 (-20) f\OT1/lmr/m/n/10.95 (-20) (\OT1
/lmr/bx/n/10.95 (-20) x\OT1/lmr/m/n/10.95 (-20) )[]$  

Underfull \vbox (badness 1603) has occurred while \output is active [13{/usr/lo
cal/texlive/2026/texmf-dist/fonts/enc/dvips/lm/lm-mathex.enc}]) [14] [15]
(./Prologue-Deep-Generative-Modeling.tex
Chapter 1.
[16] [17] [18 <./Images/PartB/dgm-learning.pdf>] [19]
Overfull \hbox (1.45654pt too wide) in paragraph at lines 385--394
\T1/lmr/m/n/10.95 (-20) It mea-sures the dis-crep-ancy be-tween the \T1/lmr/m/i
t/10.95 (-20) score func-tions $\OMS/lmsy/m/n/10.95 r[] [] \OML/lmm/m/it/10.95 
p\OT1/lmr/m/n/10.95 (-20) (\OT1/lmr/bx/n/10.95 (-20) x\OT1/lmr/m/n/10.95 (-20) 
)$ \T1/lmr/m/n/10.95 (-20) and $\OMS/lmsy/m/n/10.95 r[] [] \OML/lmm/m/it/10.95 
q\OT1/lmr/m/n/10.95 (-20) (\OT1/lmr/bx/n/10.95 (-20) x\OT1/lmr/m/n/10.95 (-20) 
)$\T1/lmr/m/n/10.95 (-20) ,
[20] [21] [22]

LaTeX Warning: Float too large for page by 23.41594pt on input line 681.

[23] [24] [25] [26] [27]) [28] [29] [30] (./Part-B-diagram.tex)
(./Chapter-0-Diffusion-High-Level.tex [31] [32] [33 <./Images/PartA/intro_forwa
rd.pdf>] [34] [35 <./Images/PartA/intro-diffusion-reverse.pdf>])
(./Chapter-1-Varational-Perspective-From-VAE-to-DDPM.tex [36]
Chapter 2.

Underfull \vbox (badness 1874) has occurred while \output is active [37]
[38] [39]
Underfull \vbox (badness 6477) has occurred while \output is active [40]
[41] [42] [43] [44] [45] [46] [47] [48] [49] [50 <./Images/PartB/vdm-forward.pd
f>] [51 <./Images/PartB/vdm-backward.pdf>] [52 <./Images/PartB/ddpm_conditional
_trick.pdf>]
Underfull \vbox (badness 10000) has occurred while \output is active [53]
[54] [55] [56] [57] [58] [59] [60 <./Images/PartB/diffusion-clean.pdf>]
[61]) (./Chapter-2-Score-Based-Perspective-From-EBMs-to-NCSN.tex [62]
Chapter 3.

Underfull \vbox (badness 4886) has occurred while \output is active [63]
[64] [65 <./Images/PartB/ebm-graph.pdf>] [66] [67 <./Images/PartB/score_functio
n_plot.pdf>] [68 <./Images/PartB/langevin_sampling.png>] [69] [70]

Package mdframed Warning: You got a bad break
(mdframed)                because the last box will be empty
(mdframed)                you have to change it manually
(mdframed)                by changing the text, the space
(mdframed)                or something else on input line 501.


Overfull \vbox (16.57092pt too high) detected at line 501

Overfull \vbox (17.57092pt too high) detected at line 501

Overfull \vbox (18.57092pt too high) detected at line 501

Overfull \vbox (19.57092pt too high) detected at line 501

Overfull \vbox (20.57092pt too high) detected at line 501

Overfull \vbox (21.57092pt too high) detected at line 501

Overfull \vbox (22.57092pt too high) detected at line 501

Overfull \vbox (23.57092pt too high) detected at line 501

Overfull \vbox (24.57092pt too high) detected at line 501

Overfull \vbox (25.57092pt too high) detected at line 501

Overfull \vbox (26.57092pt too high) detected at line 501

Overfull \vbox (27.57092pt too high) detected at line 501

Overfull \vbox (28.57092pt too high) detected at line 501

Overfull \vbox (29.57092pt too high) detected at line 501

Overfull \vbox (30.57092pt too high) detected at line 501

Overfull \vbox (31.57092pt too high) detected at line 501

Overfull \vbox (32.57092pt too high) detected at line 501

Overfull \vbox (33.57092pt too high) detected at line 501

Overfull \vbox (34.57092pt too high) detected at line 501

Overfull \vbox (35.57092pt too high) detected at line 501

Overfull \vbox (36.57092pt too high) detected at line 501

Overfull \vbox (37.57092pt too high) detected at line 501

Overfull \vbox (38.57092pt too high) detected at line 501

Overfull \vbox (39.57092pt too high) detected at line 501

Overfull \vbox (40.57092pt too high) detected at line 501

Overfull \vbox (41.57092pt too high) detected at line 501

Overfull \vbox (42.57092pt too high) detected at line 501

Overfull \vbox (43.57092pt too high) detected at line 501

Overfull \vbox (44.57092pt too high) detected at line 501

Overfull \vbox (45.57092pt too high) detected at line 501

Overfull \vbox (46.57092pt too high) detected at line 501

Overfull \vbox (47.57092pt too high) detected at line 501

Overfull \vbox (48.57092pt too high) detected at line 501

Overfull \vbox (49.57092pt too high) detected at line 501

Overfull \vbox (50.57092pt too high) detected at line 501

Overfull \vbox (51.57092pt too high) detected at line 501

Overfull \vbox (52.57092pt too high) detected at line 501

Overfull \vbox (53.57092pt too high) detected at line 501

Overfull \vbox (54.57092pt too high) detected at line 501

Overfull \vbox (55.57092pt too high) detected at line 501

Overfull \vbox (56.57092pt too high) detected at line 501

Overfull \vbox (57.57092pt too high) detected at line 501

Overfull \vbox (58.57092pt too high) detected at line 501

Overfull \vbox (59.57092pt too high) detected at line 501

Overfull \vbox (60.57092pt too high) detected at line 501

Overfull \vbox (61.57092pt too high) detected at line 501

Overfull \vbox (62.57092pt too high) detected at line 501

Overfull \vbox (63.57092pt too high) detected at line 501

Overfull \vbox (64.57092pt too high) detected at line 501

Overfull \vbox (65.57092pt too high) detected at line 501

Overfull \vbox (66.57092pt too high) detected at line 501

Overfull \vbox (67.57092pt too high) detected at line 501

Overfull \vbox (68.57092pt too high) detected at line 501

Overfull \vbox (69.57092pt too high) detected at line 501

Overfull \vbox (70.57092pt too high) detected at line 501

Overfull \vbox (71.57092pt too high) detected at line 501

Overfull \vbox (72.57092pt too high) detected at line 501

Overfull \vbox (73.57092pt too high) detected at line 501

Overfull \vbox (74.57092pt too high) detected at line 501

Overfull \vbox (75.57092pt too high) detected at line 501

Overfull \vbox (76.57092pt too high) detected at line 501

Overfull \vbox (77.57092pt too high) detected at line 501

Overfull \vbox (78.57092pt too high) detected at line 501

Overfull \vbox (79.57092pt too high) detected at line 501

Overfull \vbox (80.57092pt too high) detected at line 501

Overfull \vbox (81.57092pt too high) detected at line 501

Overfull \vbox (82.57092pt too high) detected at line 501

Overfull \vbox (83.57092pt too high) detected at line 501

Overfull \vbox (84.57092pt too high) detected at line 501

Overfull \vbox (85.57092pt too high) detected at line 501

Overfull \vbox (86.57092pt too high) detected at line 501

Overfull \vbox (87.57092pt too high) detected at line 501

Overfull \vbox (88.57092pt too high) detected at line 501

Overfull \vbox (89.57092pt too high) detected at line 501

Overfull \vbox (90.57092pt too high) detected at line 501

Overfull \vbox (91.57092pt too high) detected at line 501

Overfull \vbox (92.57092pt too high) detected at line 501

Overfull \vbox (93.57092pt too high) detected at line 501

Overfull \vbox (94.57092pt too high) detected at line 501

Overfull \vbox (95.57092pt too high) detected at line 501

Overfull \vbox (96.57092pt too high) detected at line 501

Overfull \vbox (97.57092pt too high) detected at line 501

Overfull \vbox (98.57092pt too high) detected at line 501

Overfull \vbox (99.57092pt too high) detected at line 501

Overfull \vbox (100.57092pt too high) detected at line 501

Overfull \vbox (101.57092pt too high) detected at line 501

Overfull \vbox (102.57092pt too high) detected at line 501

Overfull \vbox (103.57092pt too high) detected at line 501

Overfull \vbox (104.57092pt too high) detected at line 501

Overfull \vbox (105.57092pt too high) detected at line 501

Overfull \vbox (106.57092pt too high) detected at line 501

Overfull \vbox (107.57092pt too high) detected at line 501

Overfull \vbox (108.57092pt too high) detected at line 501

Overfull \vbox (109.57092pt too high) detected at line 501

Overfull \vbox (110.57092pt too high) detected at line 501

Overfull \vbox (111.57092pt too high) detected at line 501

Overfull \vbox (112.57092pt too high) detected at line 501

Overfull \vbox (113.57092pt too high) detected at line 501

Overfull \vbox (114.57092pt too high) detected at line 501

Overfull \vbox (115.57092pt too high) detected at line 501

Overfull \vbox (116.57092pt too high) detected at line 501

Overfull \vbox (117.57092pt too high) detected at line 501

Package mdframed Warning: correct box splittet fails
 It seems you are using a non splittable contents
(mdframed)                 on input line 501.

[71 <./Images/PartB/score_function_approximation.pdf>] [72] [73] [74] [75]
[76] [77] [78 <./Images/PartB/dsm-graph.pdf>] [79] [80] [81]
Overfull \hbox (13.39633pt too wide) in paragraph at lines 935--936
[] []\T1/lmss/bx/n/10.95 (-20) Link to Tweedie's For-mula and Bayes Op-ti-mal-i
ty.[] \T1/lmr/m/n/10.95 (-20) Let $\OML/lmm/m/it/10.95 p[]\OT1/lmr/m/n/10.95 (-
20) ([]) = []\OML/lmm/m/it/10.95 p[] \OMS/lmsy/m/n/10.95 ^^C N\OT1/lmr/m/n/10.9
5 (-20) (\OT1/lmr/bx/n/10.95 (-20) 0\OML/lmm/m/it/10.95 ; ^^[[]\OT1/lmr/bx/n/10
.95 (-20) I\OT1/lmr/m/n/10.95 (-20) )[]([])$

Overfull \hbox (12.46419pt too wide) in paragraph at lines 943--947
\T1/lmr/m/n/10.95 (-20) Hence min-i-miz-ing the ex-pected SURE equals min-i-miz
-ing the Bayes risk $\U/msb/m/n/10.95 E[][]\OMS/lmsy/m/n/10.95 k\OT1/lmr/bx/n/1
0.95 (-20) D\OT1/lmr/m/n/10.95 (-20) ([]) \OMS/lmsy/m/n/10.95 ^^@
[82] [83] [84] [85] [86 <./Images/PartB/score_function_acc.pdf>] [87 <./Images/
PartB/ncsn-graph.pdf>] [88] [89] [90] [91])
(./Chapter-3-Diffusion-Models-Today-Score-SDE-Framework.tex [92]
Chapter 4.
[93] [94] [95 <./Images/PartB/score_landscape_2d.pdf>] [96] [97 <./Images/PartB
/sde-forward-noise.pdf>]
Overfull \hbox (11.15501pt too wide) in paragraph at lines 300--302
[]\T1/lmr/m/n/10.95 (-20) With this for-mu-la-tion, ear-lier meth-ods based on 
dis-crete time, such as NCSN ([]Song
[98 <./Images/PartB/forward_sde_ode_trajectories.pdf>] [99] [100 <./Images/Part
B/reverse_sde_and_ode_trajectories.pdf>] [101] [102] [103] [104]
Underfull \vbox (badness 10000) has occurred while \output is active [105]

LaTeX Warning: Text page 106 contains only floats.


Overfull \vbox (3.91937pt too high) has occurred while \output is active
[106 <./Images/PartB/score_sde_three_dynamics.pdf>]
Underfull \vbox (badness 10000) has occurred while \output is active [107]
[108] [109] [110] [111] [112] [113 <./Images/PartB/denoising_score_matching.pdf
>] [114] [115 <./Images/PartB/sde_ode_trajectories.pdf>] [116] [117] [118]
[119] [120] [121] [122 <./Images/PartB/vdm-sde.pdf>]
Underfull \vbox (badness 10000) has occurred while \output is active [123]
[124] [125] [126] [127]

Package hyperref Warning: Token not allowed in a PDF string (Unicode):
(hyperref)                removing `\\' on input line 1692.

[128]

Package fancyhdr Warning: \headheight is too small (14.4pt): 
(fancyhdr)                Make it at least 26.78468pt, for example:
(fancyhdr)                \setlength{\headheight}{26.78468pt}.
(fancyhdr)                You might also make \topmargin smaller:
(fancyhdr)                \addtolength{\topmargin}{-12.38469pt}.

[129]
Overfull \hbox (0.69289pt too wide) in paragraph at lines 1814--1815
[] []\T1/lmss/bx/n/10.95 (-20) Sub-sti-tut-ing into the Re-verse Tran-si-tion.[
] \T1/lmr/m/n/10.95 (-20) Sub-sti-tut-ing equa-tions Equa-tion ([][]4.1.2[][])
[130]
Overfull \hbox (1.01869pt too wide) in paragraph at lines 1846--1848
\T1/lmr/m/n/10.95 (-20) The ad-di-tional term $\OMS/lmsy/m/n/10.95 k\OML/lmm/m/
it/10.95 g[]\OT1/lmr/m/n/10.95 (-20) (\OML/lmm/m/it/10.95 t\OT1/lmr/m/n/10.95 (
-20) )^^A\OML/lmm/m/it/10.95 t\OMS/lmsy/m/n/10.95 r[] [] \OML/lmm/m/it/10.95 p[
]\OT1/lmr/m/n/10.95 (-20) (\OT1/lmr/bx/n/10.95 (-20) x[]\OT1/lmr/m/n/10.95 (-20
) )\OMS/lmsy/m/n/10.95 k[]$ \T1/lmr/m/n/10.95 (-20) from com-plet-ing the squar
e is $\OMS/lmsy/m/n/10.95 O\OT1/lmr/m/n/10.95 (-20) ((^^A\OML/lmm/m/it/10.95 t\
OT1/lmr/m/n/10.95 (-20) )[])$

Package fancyhdr Warning: \headheight is too small (14.4pt): 
(fancyhdr)                Make it at least 26.78468pt, for example:
(fancyhdr)                \setlength{\headheight}{26.78468pt}.
(fancyhdr)                You might also make \topmargin smaller:
(fancyhdr)                \addtolength{\topmargin}{-12.38469pt}.

[131]) (./Chapter-4-Flow-Based-Perspective-From-NFs-to-Flow-Matching.tex
[132]
Chapter 5.
[133] [134] [135]
Underfull \vbox (badness 10000) has occurred while \output is active [136 <./Im
ages/PartB/flow_density.pdf>] [137] [138] [139 <./Images/PartB/discrete_vs_cont
inuous_side_by_side_white.pdf>] [140 <./Images/PartB/cov_2d_layers.pdf>]
[141] [142] [143] [144] [145 <./Images/PartB/data_vs_prior_cone_with_oval.pdf>]
[146] [147 <./Images/PartB/four_panel_simple.pdf>] [148] [149] [150]
Underfull \vbox (badness 1092) has occurred while \output is active [151 <./Ima
ges/PartB/flow_matching_conditional.pdf>]
Underfull \vbox (badness 10000) has occurred while \output is active [152]
[153] [154] [155] [156] [157]
Underfull \vbox (badness 3525) has occurred while \output is active [158]
[159] [160 <./Images/PartB/triptych_gray_cones_final.pdf>] [161] [162]
Underfull \vbox (badness 1168) has occurred while \output is active [163]
[164]
Overfull \hbox (4.95784pt too wide) in paragraph at lines 1793--1794
[] [] \T1/lmss/bx/n/10.95 (-20) Two-Sided Con-di-tion-ing ($\OT1/lmr/bx/n/10.95
 (-20) z = (x[]\OML/lmm/b/it/10.95 ; \OT1/lmr/bx/n/10.95 (-20) x[])$\T1/lmss/bx
/n/10.95 (-20) ).[] \T1/lmr/m/n/10.95 (-20) The same tem-plate with $\OML/lmm/b
/it/10.95 ^^V[]\OT1/lmr/m/n/10.95 (-20) (\OT1/lmr/bx/n/10.95 (-20) x[]\OML/lmm/
m/it/10.95 ; \OT1/lmr/bx/n/10.95 (-20) x[]\OT1/lmr/m/n/10.95 (-20) ) =
[165]
Underfull \hbox (badness 4872) in paragraph at lines 1919--1921
[]|\T1/lmr/m/n/7 (+20) Convenient when $\OML/lmm/m/it/7 p[]\OT1/lmr/m/n/7 (+20)
 (\OMS/lmsy/m/n/7 ^^Aj\OT1/lmr/bx/n/7 (+20) z\OT1/lmr/m/n/7 (+20) )$ \T1/lmr/m/
n/7 (+20) is Gaus-sian /

Underfull \hbox (badness 10000) in paragraph at lines 1933--1939
[]|\T1/lmr/m/n/7 (+20) Given $\OT1/lmr/bx/n/7 (+20) 	[]\OT1/lmr/m/n/7 (+20) (\O
MS/lmsy/m/n/7 ^^Aj\OT1/lmr/bx/n/7 (+20) z\OT1/lmr/m/n/7 (+20) )$\T1/lmr/m/n/7 (
+20) , both $\OML/lmm/m/it/7 p[]\OT1/lmr/m/n/7 (+20) (\OMS/lmsy/m/n/7 ^^Aj\OT1/
lmr/bx/n/7 (+20) z\OT1/lmr/m/n/7 (+20) ) =

Underfull \hbox (badness 5331) in paragraph at lines 1933--1939
\OT1/lmr/m/n/7 (+20) (\OT1/lmr/bx/n/7 (+20) 	[]\OT1/lmr/m/n/7 (+20) (\OMS/lmsy/
m/n/7 ^^Aj\OT1/lmr/bx/n/7 (+20) z\OT1/lmr/m/n/7 (+20) ))[]\OML/lmm/m/it/7 p[]$ 
\T1/lmr/m/n/7 (+20) and the par-ti-cle tra-jec-

Underfull \hbox (badness 10000) in paragraph at lines 1989--1993
\T1/lmr/m/n/7 (+20) easy bound-ary con-trol; ac-com-mo-dates

Overfull \hbox (4.65683pt too wide) in paragraph at lines 1855--1997
 [][] 
[166] [167] [168] [169 <./Images/PartB/straightness_counterexample.pdf>]
pdfTeX warning (ext4): destination with the same identifier (name{ALG@line.1}) 
has been already used, duplicate ignored
<to be read again> 
                   \relax 
l.2203 \State
              \textbfs{Pre-Train Diffusion.} Fit $\rvv_{\bphi^\times}$ on th...

pdfTeX warning (ext4): destination with the same identifier (name{ALG@line.2}) 
has been already used, duplicate ignored
<to be read again> 
                   \relax 
l.2208 \State
              \textbfs{Rectify.} Sample $\rvz_0 \sim p_{\text{src}}$ and int...
[170] [171] [172] [173] [174 <./Images/PartB/rectified_flow_trained.pdf>]
[175]) (./Chapter-5-They-Are-All-Equivalent.tex [176]
Chapter 6.
[177] [178] [179] [180] [181] [182] [183] [184]
Overfull \hbox (7.82498pt too wide) in paragraph at lines 366--367
[]\T1/lmr/m/n/10.95 (-20) Prediction types of $[][]$ and their as-so-ci-ated re
-gres-sion tar-gets $[][]$; 
[185] [186] [187] [188] [189] [190] [191] [192] [193] [194] [195] [196]
[197] [198] [199] [200] [201] [202] [203] [204] [205] [206])
(./Chapter-4-plus-OT-and-Diffusion-Model.tex [207] [208]
Chapter 7.

Overfull \hbox (7.4983pt too wide) in paragraph at lines 13--24
\T1/lmr/m/n/10.95 (-20) trans-port, and Schrödinger bridges as for-mu-la-tions 
of the dis-tri-bu-tion^^Uto^^Udistribution

Underfull \vbox (badness 3138) has occurred while \output is active [209]
[210]
Underfull \vbox (badness 10000) detected at line 69
[211] [212] [213 <./Images/PartB/ot_2d_coupling_comparison.pdf>] [214] [215]
[216 <./Images/PartB/ot_illustration.pdf>] [217] [218] [219]
Overfull \hbox (13.29091pt too wide) detected at line 441
[]
[220 <./Images/PartB/sb_illustration.pdf>] [221] [222] [223] [224] [225 <./Imag
es/PartB/eot_epsilon_interpolation.pdf>] [226] [227] [228] [229] [230] [231]
[232] [233] [234] [235 <./Images/PartB/pfode_vs_ot_2d.pdf>] [236] [237]
[238]
Underfull \vbox (badness 10000) has occurred while \output is active [239]
[240] [241] [242] [243]) [244] (./Part-C-D-diagram.tex)
(./Chapter-6-Guidance.tex [245]
Chapter 8.

Underfull \vbox (badness 2503) has occurred while \output is active [246]
[247] [248 <./Images/PartC/guidance.pdf>] [249] [250] [251] [252] [253]
[254] [255 <./Images/PartB/classifier_guidance_v2.pdf>]
pdfTeX warning (ext4): destination with the same identifier (name{ALG@line.1}) 
has been already used, duplicate ignored
<to be read again> 
                   \relax 
l.613       \Repeat
                   
pdfTeX warning (ext4): destination with the same identifier (name{ALG@line.2}) 
has been already used, duplicate ignored
<to be read again> 
                   \relax 
l.614         \State
                     $\rvx \sim p_{\text{data}}(\rvx)$
pdfTeX warning (ext4): destination with the same identifier (name{ALG@line.3}) 
has been already used, duplicate ignored
<to be read again> 
                   \relax 
l.615         \State
                     $t \sim \mathcal{U}[0, T]$
pdfTeX warning (ext4): destination with the same identifier (name{ALG@line.4}) 
has been already used, duplicate ignored
<to be read again> 
                   \relax 
l.616         \State
                     $\bm{\epsilon} \sim \mathcal{N}(\mathbf{0}, \mathbf{I})$
pdfTeX warning (ext4): destination with the same identifier (name{ALG@line.5}) 
has been already used, duplicate ignored
<to be read again> 
                   \relax 
l.617         \State
                     $\rvx_t = \alpha_t \rvx + \sigma_t \bm{\epsilon}$
pdfTeX warning (ext4): destination with the same identifier (name{ALG@line.6}) 
has been already used, duplicate ignored
<to be read again> 
                   \relax 
l.618         \State
                     Take gradient step on:
pdfTeX warning (ext4): destination with the same identifier (name{ALG@line.7}) 
has been already used, duplicate ignored
<to be read again> 
                   \relax 
l.620       \Until
                  {converged}
Underfull \hbox (badness 4479) in paragraph at lines 631--632
[][]$\OML/lmm/m/it/10 p[]$\T1/lmr/m/n/10 (+20) : prob. of un-con-di-tional

pdfTeX warning (ext4): destination with the same identifier (name{ALG@line.1}) 
has been already used, duplicate ignored
<to be read again> 
                   \relax 
l.632       \Repeat
                   
pdfTeX warning (ext4): destination with the same identifier (name{ALG@line.2}) 
has been already used, duplicate ignored
<to be read again> 
                   \relax 
l.633         \State
                     \textcolor{orange}{$(\rvx, \rvc) \sim p_{\text{data}}(\...

pdfTeX warning (ext4): destination with the same identifier (name{ALG@line.3}) 
has been already used, duplicate ignored
<to be read again> 
                   \relax 
l.634         \State
                     \textcolor{orange}{$\rvc \gets \emptyset$ with prob. $p...

pdfTeX warning (ext4): destination with the same identifier (name{ALG@line.4}) 
has been already used, duplicate ignored
<to be read again> 
                   \relax 
l.635         \State
                     $t \sim \mathcal{U}[0, T]$
pdfTeX warning (ext4): destination with the same identifier (name{ALG@line.5}) 
has been already used, duplicate ignored
<to be read again> 
                   \relax 
l.636         \State
                     $\bm{\epsilon} \sim \mathcal{N}(\mathbf{0}, \mathbf{I})$
pdfTeX warning (ext4): destination with the same identifier (name{ALG@line.6}) 
has been already used, duplicate ignored
<to be read again> 
                   \relax 
l.637         \State
                     $\rvx_t = \alpha_t \rvx + \sigma_t \bm{\epsilon}$
pdfTeX warning (ext4): destination with the same identifier (name{ALG@line.7}) 
has been already used, duplicate ignored
<to be read again> 
                   \relax 
l.638         \State
                     Take gradient step on:
pdfTeX warning (ext4): destination with the same identifier (name{ALG@line.8}) 
has been already used, duplicate ignored
<to be read again> 
                   \relax 
l.640       \Until
                  {converged} [256] [257] [258] [259] [260]
Overfull \hbox (6.26526pt too wide) in paragraph at lines 962--965
[]\T1/lmr/m/n/10.95 (-20) The com-pat-i-bil-ity con-di-tion can be checked di-r
ectly. Sub-sti-tut-ing Equa-tion ([][]8.4.3[][])
[261] [262] [263] [264] [265] [266]

Package fancyhdr Warning: \headheight is too small (14.4pt): 
(fancyhdr)                Make it at least 26.32425pt, for example:
(fancyhdr)                \setlength{\headheight}{26.32425pt}.
(fancyhdr)                You might also make \topmargin smaller:
(fancyhdr)                \addtolength{\topmargin}{-11.92426pt}.

[267] [268]

Package fancyhdr Warning: \headheight is too small (14.4pt): 
(fancyhdr)                Make it at least 26.32425pt, for example:
(fancyhdr)                \setlength{\headheight}{26.32425pt}.
(fancyhdr)                You might also make \topmargin smaller:
(fancyhdr)                \addtolength{\topmargin}{-11.92426pt}.

[269] [270]
Overfull \hbox (13.97963pt too wide) in paragraph at lines 1568--1570
\T1/lmr/m/n/10.95 (-20) where $\OML/lmm/m/it/10.95 ^^Y[]\OT1/lmr/m/n/10.95 (-20
) (\OT1/lmr/bx/n/10.95 (-20) x\OMS/lmsy/m/n/10.95 j\OT1/lmr/bx/n/10.95 (-20) c\
OT1/lmr/m/n/10.95 (-20) ) := \OML/lmm/m/it/10.95 p[]\OT1/lmr/m/n/10.95 (-20) (\
OT1/lmr/bx/n/10.95 (-20) x\OMS/lmsy/m/n/10.95 j\OT1/lmr/bx/n/10.95 (-20) c\OT1/
lmr/m/n/10.95 (-20) )$\T1/lmr/m/n/10.95 (-20) , and $\OML/lmm/m/it/10.95 Z\OT1/
lmr/m/n/10.95 (-20) (\OT1/lmr/bx/n/10.95 (-20) c\OT1/lmr/m/n/10.95 (-20) )$ \T1
/lmr/m/n/10.95 (-20) is the par-ti-tion func-tion en-sur-ing $[] \OML/lmm/m/it/
10.95 ^^Y[]\OT1/lmr/m/n/10.95 (-20) (\OT1/lmr/bx/n/10.95 (-20) x\OMS/lmsy/m/n/1
0.95 j\OT1/lmr/bx/n/10.95 (-20) c\OT1/lmr/m/n/10.95 (-20) ) []  d\OT1/lmr/bx/n/
10.95 (-20) x \OT1/lmr/m/n/10.95 (-20) =

Package fancyhdr Warning: \headheight is too small (14.4pt): 
(fancyhdr)                Make it at least 26.32425pt, for example:
(fancyhdr)                \setlength{\headheight}{26.32425pt}.
(fancyhdr)                You might also make \topmargin smaller:
(fancyhdr)                \addtolength{\topmargin}{-11.92426pt}.

[271] [272]

Package fancyhdr Warning: \headheight is too small (14.4pt): 
(fancyhdr)                Make it at least 26.32425pt, for example:
(fancyhdr)                \setlength{\headheight}{26.32425pt}.
(fancyhdr)                You might also make \topmargin smaller:
(fancyhdr)                \addtolength{\topmargin}{-11.92426pt}.

[273]
Overfull \hbox (22.7138pt too wide) detected at line 1761
[]
[274]
Overfull \hbox (7.46802pt too wide) detected at line 1904
[]

Package fancyhdr Warning: \headheight is too small (14.4pt): 
(fancyhdr)                Make it at least 26.32425pt, for example:
(fancyhdr)                \setlength{\headheight}{26.32425pt}.
(fancyhdr)                You might also make \topmargin smaller:
(fancyhdr)                \addtolength{\topmargin}{-11.92426pt}.

[275] [276]) (./Chapter-7-Sophisticated-Solvers-for-Fast-Sampling.tex [277]
Chapter 9.
[278] [279] [280] [281] [282] [283] [284] [285] [286] [287] [288] [289]
[290]
Underfull \vbox (badness 10000) has occurred while \output is active [291]
[292] [293 <./Images/PartB/Euler.pdf>] [294] [295] [296] [297] [298] [299]
[300] [301] [302] [303] [304] [305] [306] [307] [308] [309 <./Images/PartC/DEIS
.pdf>] [310]
Overfull \hbox (26.71896pt too wide) in paragraph at lines 2623--2627
\T1/lmr/m/n/10.95 (-20) where $\OML/lmm/m/it/10.95 `[]$ \T1/lmr/m/n/10.95 (-20)
 is the La-grange ba-sis of de-gree $\OML/lmm/m/it/10.95 i[]\OT1/lmr/m/n/10.95 
(-20) 1$ \T1/lmr/m/n/10.95 (-20) built on the nodes at time $\OMS/lmsy/m/n/10.9
5 f\OML/lmm/m/it/10.95 t[]; t[]; [] ; t[]\OMS/lmsy/m/n/10.95 g$\T1/lmr/m/n/10.9
5 (-20) .

Overfull \vbox (0.57817pt too high) detected at line 2681

Overfull \vbox (1.57817pt too high) detected at line 2681

Overfull \vbox (2.57817pt too high) detected at line 2681

Overfull \vbox (3.57817pt too high) detected at line 2681

Overfull \vbox (4.57817pt too high) detected at line 2681

Overfull \vbox (5.57817pt too high) detected at line 2681

Overfull \vbox (6.57817pt too high) detected at line 2681

Overfull \vbox (7.57817pt too high) detected at line 2681

Overfull \vbox (8.57817pt too high) detected at line 2681

Overfull \vbox (9.57817pt too high) detected at line 2681

Overfull \vbox (10.57817pt too high) detected at line 2681

Overfull \vbox (11.57817pt too high) detected at line 2681

Overfull \vbox (12.57817pt too high) detected at line 2681

Overfull \vbox (13.57817pt too high) detected at line 2681

Overfull \vbox (14.57817pt too high) detected at line 2681

Overfull \vbox (15.57817pt too high) detected at line 2681

Overfull \vbox (16.57817pt too high) detected at line 2681

Overfull \vbox (17.57817pt too high) detected at line 2681

Overfull \vbox (18.57817pt too high) detected at line 2681

Overfull \vbox (19.57817pt too high) detected at line 2681

Overfull \vbox (20.57817pt too high) detected at line 2681

Overfull \vbox (21.57817pt too high) detected at line 2681

Overfull \vbox (22.57817pt too high) detected at line 2681

Overfull \vbox (23.57817pt too high) detected at line 2681

Overfull \vbox (24.57817pt too high) detected at line 2681

Overfull \vbox (25.57817pt too high) detected at line 2681

Overfull \vbox (26.57817pt too high) detected at line 2681

Overfull \vbox (27.57817pt too high) detected at line 2681

Overfull \vbox (28.57817pt too high) detected at line 2681

Overfull \vbox (29.57817pt too high) detected at line 2681

Overfull \vbox (30.57817pt too high) detected at line 2681

Overfull \vbox (31.57817pt too high) detected at line 2681

Overfull \vbox (32.57817pt too high) detected at line 2681

Overfull \vbox (33.57817pt too high) detected at line 2681

Overfull \vbox (34.57817pt too high) detected at line 2681

Overfull \vbox (35.57817pt too high) detected at line 2681

Overfull \vbox (36.57817pt too high) detected at line 2681

Overfull \vbox (37.57817pt too high) detected at line 2681

Overfull \vbox (38.57817pt too high) detected at line 2681

Overfull \vbox (39.57817pt too high) detected at line 2681

Overfull \vbox (40.57817pt too high) detected at line 2681

Overfull \vbox (41.57817pt too high) detected at line 2681

Overfull \vbox (42.57817pt too high) detected at line 2681

Overfull \vbox (43.57817pt too high) detected at line 2681

Overfull \vbox (44.57817pt too high) detected at line 2681

Overfull \vbox (45.57817pt too high) detected at line 2681

Overfull \vbox (46.57817pt too high) detected at line 2681

Overfull \vbox (47.57817pt too high) detected at line 2681

Overfull \vbox (48.57817pt too high) detected at line 2681

Overfull \vbox (49.57817pt too high) detected at line 2681

Overfull \vbox (50.57817pt too high) detected at line 2681

Overfull \vbox (51.57817pt too high) detected at line 2681

Overfull \vbox (52.57817pt too high) detected at line 2681

Overfull \vbox (53.57817pt too high) detected at line 2681

Overfull \vbox (54.57817pt too high) detected at line 2681

Overfull \vbox (55.57817pt too high) detected at line 2681

Overfull \vbox (56.57817pt too high) detected at line 2681

Overfull \vbox (57.57817pt too high) detected at line 2681

Overfull \vbox (58.57817pt too high) detected at line 2681

Overfull \vbox (59.57817pt too high) detected at line 2681

Overfull \vbox (60.57817pt too high) detected at line 2681

Overfull \vbox (61.57817pt too high) detected at line 2681

Overfull \vbox (62.57817pt too high) detected at line 2681

Overfull \vbox (63.57817pt too high) detected at line 2681

Overfull \vbox (64.57817pt too high) detected at line 2681

Overfull \vbox (65.57817pt too high) detected at line 2681

Overfull \vbox (66.57817pt too high) detected at line 2681

Overfull \vbox (67.57817pt too high) detected at line 2681

Overfull \vbox (68.57817pt too high) detected at line 2681

Overfull \vbox (69.57817pt too high) detected at line 2681

Overfull \vbox (70.57817pt too high) detected at line 2681

Overfull \vbox (71.57817pt too high) detected at line 2681

Overfull \vbox (72.57817pt too high) detected at line 2681

Overfull \vbox (73.57817pt too high) detected at line 2681

Overfull \vbox (74.57817pt too high) detected at line 2681

Overfull \vbox (75.57817pt too high) detected at line 2681

Overfull \vbox (76.57817pt too high) detected at line 2681

Overfull \vbox (77.57817pt too high) detected at line 2681

Overfull \vbox (78.57817pt too high) detected at line 2681

Overfull \vbox (79.57817pt too high) detected at line 2681

Overfull \vbox (80.57817pt too high) detected at line 2681

Overfull \vbox (81.57817pt too high) detected at line 2681

Overfull \vbox (82.57817pt too high) detected at line 2681

Overfull \vbox (83.57817pt too high) detected at line 2681

Overfull \vbox (84.57817pt too high) detected at line 2681

Overfull \vbox (85.57817pt too high) detected at line 2681

Overfull \vbox (86.57817pt too high) detected at line 2681

Overfull \vbox (87.57817pt too high) detected at line 2681

Overfull \vbox (88.57817pt too high) detected at line 2681

Overfull \vbox (89.57817pt too high) detected at line 2681

Overfull \vbox (90.57817pt too high) detected at line 2681

Overfull \vbox (91.57817pt too high) detected at line 2681

Overfull \vbox (92.57817pt too high) detected at line 2681

Overfull \vbox (93.57817pt too high) detected at line 2681

Overfull \vbox (94.57817pt too high) detected at line 2681

Overfull \vbox (95.57817pt too high) detected at line 2681

Overfull \vbox (96.57817pt too high) detected at line 2681

Package mdframed Warning: correct box splittet fails
 It seems you are using a non splittable contents
(mdframed)                 on input line 2681.

[311] [312] [313] [314] [315] [316] [317]

Package mdframed Warning: You got a bad break
(mdframed)                because the last box will be empty
(mdframed)                you have to change it manually
(mdframed)                by changing the text, the space
(mdframed)                or something else on input line 3182.

[318] [319] [320]
pdfTeX warning (ext4): destination with the same identifier (name{ALG@line.1}) 
has been already used, duplicate ignored
<to be read again> 
                   \relax 
l.3398         \State
                      $\tilde\rvx_{t_0}\gets\rvx_T$
pdfTeX warning (ext4): destination with the same identifier (name{ALG@line.2}) 
has been already used, duplicate ignored
<to be read again> 
                   \relax 
l.3399         \For
                   {$i\gets 1$ to $M$}
pdfTeX warning (ext4): destination with the same identifier (name{ALG@line.3}) 
has been already used, duplicate ignored
<to be read again> 
                   \relax 
l.3400         \State
                      $h_i \gets \lambda_{t_i}-\lambda_{t_{i-1}}$
pdfTeX warning (ext4): destination with the same identifier (name{ALG@line.4}) 
has been already used, duplicate ignored
<to be read again> 
                   \relax 
l.3401         \State
                      $s_i^{\mathrm{mid}}
pdfTeX warning (ext4): destination with the same identifier (name{ALG@line.5}) 
has been already used, duplicate ignored
<to be read again> 
                   \relax 
l.3406         \State
                     
pdfTeX warning (ext4): destination with the same identifier (name{ALG@line.6}) 
has been already used, duplicate ignored
<to be read again> 
                   \relax 
l.3416         \State
                     
pdfTeX warning (ext4): destination with the same identifier (name{ALG@line.7}) 
has been already used, duplicate ignored
<to be read again> 
                   \relax 
l.3426         \EndFor
                      
pdfTeX warning (ext4): destination with the same identifier (name{ALG@line.8}) 
has been already used, duplicate ignored
<to be read again> 
                   \relax 
l.3427         \State
                      \Return $\tilde\rvx_{t_M}$ [321] [322] [323] [324]
[325] [326] [327]
Overfull \hbox (7.01065pt too wide) detected at line 4059
[]
[328]
pdfTeX warning (ext4): destination with the same identifier (name{ALG@line.1}) 
has been already used, duplicate ignored
<to be read again> 
                   \relax 
l.4165     \State
                  $\tilde\rvx_{t_0}\gets\rvx_T$
pdfTeX warning (ext4): destination with the same identifier (name{ALG@line.2}) 
has been already used, duplicate ignored
<to be read again> 
                   \relax 
l.4166     \State
                  $\lambda_{t_i}\gets\log(\alpha_{t_i}/\sigma_{t_i})$
pdfTeX warning (ext4): destination with the same identifier (name{ALG@line.3}) 
has been already used, duplicate ignored
<to be read again> 
                   \relax 
l.4168     \State
                 
pdfTeX warning (ext4): destination with the same identifier (name{ALG@line.4}) 
has been already used, duplicate ignored
<to be read again> 
                   \relax 
l.4174     \For
               {$i\gets1$ \textbf{to} $M$}
pdfTeX warning (ext4): destination with the same identifier (name{ALG@line.5}) 
has been already used, duplicate ignored
<to be read again> 
                   \relax 
l.4175         \State
                     
pdfTeX warning (ext4): destination with the same identifier (name{ALG@line.6}) 
has been already used, duplicate ignored
<to be read again> 
                   \relax 
l.4180         \State
                     
pdfTeX warning (ext4): destination with the same identifier (name{ALG@line.7}) 
has been already used, duplicate ignored
<to be read again> 
                   \relax 
l.4188         \State
                     
pdfTeX warning (ext4): destination with the same identifier (name{ALG@line.8}) 
has been already used, duplicate ignored
<to be read again> 
                   \relax 
l.4201         \State
                     
pdfTeX warning (ext4): destination with the same identifier (name{ALG@line.9}) 
has been already used, duplicate ignored
<to be read again> 
                   \relax 
l.4208         \State
                     
Underfull \vbox (badness 10000) has occurred while \output is active [329]
[330] [331]
pdfTeX warning (ext4): destination with the same identifier (name{ALG@line.1}) 
has been already used, duplicate ignored
<to be read again> 
                   \relax 
l.4491     \State
                  $\tilde\rvx_{t_0}\gets\rvx_T$
pdfTeX warning (ext4): destination with the same identifier (name{ALG@line.2}) 
has been already used, duplicate ignored
<to be read again> 
                   \relax 
l.4492     \State
                  $\lambda_{t_i}\gets\log(\alpha_{t_i}/\sigma_{t_i})$
pdfTeX warning (ext4): destination with the same identifier (name{ALG@line.3}) 
has been already used, duplicate ignored
<to be read again> 
                   \relax 
l.4494     \State
                 
pdfTeX warning (ext4): destination with the same identifier (name{ALG@line.4}) 
has been already used, duplicate ignored
<to be read again> 
                   \relax 
l.4504     \State
                 
pdfTeX warning (ext4): destination with the same identifier (name{ALG@line.5}) 
has been already used, duplicate ignored
<to be read again> 
                   \relax 
l.4509     \State
                 
pdfTeX warning (ext4): destination with the same identifier (name{ALG@line.6}) 
has been already used, duplicate ignored
<to be read again> 
                   \relax 
l.4522     \If
              {$M>1$}
pdfTeX warning (ext4): destination with the same identifier (name{ALG@line.7}) 
has been already used, duplicate ignored
<to be read again> 
                   \relax 
l.4523         \State
                     
pdfTeX warning (ext4): destination with the same identifier (name{ALG@line.8}) 
has been already used, duplicate ignored
<to be read again> 
                   \relax 
l.4529     \EndIf
                 
pdfTeX warning (ext4): destination with the same identifier (name{ALG@line.9}) 
has been already used, duplicate ignored
<to be read again> 
                   \relax 
l.4534     \For
               {$i\gets2$ \textbf{to} $M$}
pdfTeX warning (ext4): destination with the same identifier (name{ALG@line.10})
 has been already used, duplicate ignored
<to be read again> 
                   \relax 
l.4535         \State
                     
pdfTeX warning (ext4): destination with the same identifier (name{ALG@line.11})
 has been already used, duplicate ignored
<to be read again> 
                   \relax 
l.4540         \State
                     
pdfTeX warning (ext4): destination with the same identifier (name{ALG@line.12})
 has been already used, duplicate ignored
<to be read again> 
                   \relax 
l.4546         \State
                     
pdfTeX warning (ext4): destination with the same identifier (name{ALG@line.13})
 has been already used, duplicate ignored
<to be read again> 
                   \relax 
l.4557         \State
                     
pdfTeX warning (ext4): destination with the same identifier (name{ALG@line.14})
 has been already used, duplicate ignored
<to be read again> 
                   \relax 
l.4569         \If
                  {$i<M$}
Underfull \vbox (badness 10000) has occurred while \output is active [332]
[333] [334]
Overfull \hbox (4.82957pt too wide) in paragraph at lines 4792--4797
[]\T1/lmr/m/n/10.95 (-20) This also high-lights why the con-nec-tion to DEIS is
 spe-cific to DPM-Solver\T1/lmtt/m/n/10.95 ++\T1/lmr/m/n/10.95 (-20) (2M):
[335] [336]
Overfull \hbox (5.70105pt too wide) in paragraph at lines 4932--4933
[]\T1/lmr/m/n/10.95 (-20) In this sec-tion, we turn to the \T1/lmr/m/it/10.95 (
-20) time^^Uparallel \T1/lmr/m/n/10.95 (-20) ap-proach, ex-em-pli-fied by \T1/l
mr/m/it/10.95 (-20) ParaDiGMS\T1/lmr/m/n/10.95 (-20) ,
[337] [338]
Underfull \hbox (badness 1515) in paragraph at lines 5060--5060
\T1/lmr/m/n/9 (+20) ward, based on the er-ror

Overfull \hbox (19.12971pt too wide) in paragraph at lines 5105--5108
[] [] \T1/lmss/bx/n/10.95 (-20) Step 3. Progress Con-trol and Win-dow Ad-vance.
[] \T1/lmr/m/n/10.95 (-20) Hav-ing formed the left^^Uanchored
[339 <./Images/PartC/paradigm-1.pdf> <./Images/PartC/paradigm-2.pdf

pdfTeX warning: pdflatex (file ./Images/PartC/paradigm-2.pdf): PDF inclusion: m
ultiple pdfs with page group included in a single page
> <./Images/PartC/paradigm-3.pdf

pdfTeX warning: pdflatex (file ./Images/PartC/paradigm-3.pdf): PDF inclusion: m
ultiple pdfs with page group included in a single page
>] (/usr/local/texlive/2026/texmf-dist/tex/latex/lm/ot1lmtt.fd)
pdfTeX warning (ext4): destination with the same identifier (name{ALG@line.1}) 
has been already used, duplicate ignored
<to be read again> 
                   \relax 
l.5154     \State
                  $k \gets 0$, $\ell \gets 0$
pdfTeX warning (ext4): destination with the same identifier (name{ALG@line.2}) 
has been already used, duplicate ignored
<to be read again> 
                   \relax 
l.5155     \State
                  Sample $\rvx^{(0)}_0 \sim p_{\mathrm{prior}}$; set $\rvx^{...

pdfTeX warning (ext4): destination with the same identifier (name{ALG@line.3}) 
has been already used, duplicate ignored
<to be read again> 
                   \relax 
l.5156     \While
                 {$\ell < M$}
pdfTeX warning (ext4): destination with the same identifier (name{ALG@line.4}) 
has been already used, duplicate ignored
<to be read again> 
                   \relax 
l.5157       \State
                    $J \gets \min(p,  M-\ell)$   \Comment{current window len...

pdfTeX warning (ext4): destination with the same identifier (name{ALG@line.5}) 
has been already used, duplicate ignored
<to be read again> 
                   \relax 
l.5158       \State
                    \textbfs{Step 1: Parallel}
pdfTeX warning (ext4): destination with the same identifier (name{ALG@line.6}) 
has been already used, duplicate ignored
<to be read again> 
                   \relax 
l.5159       \State
                    For $i=0,\ldots,J-1$: $g_i \gets \rvv_{\bphi^\times} \bi...

pdfTeX warning (ext4): destination with the same identifier (name{ALG@line.7}) 
has been already used, duplicate ignored
<to be read again> 
                   \relax 
l.5161       \State
                    Compute prefix sums $S_j \gets \sum_{i=0}^{j} g_i$ for $...

pdfTeX warning (ext4): destination with the same identifier (name{ALG@line.8}) 
has been already used, duplicate ignored
<to be read again> 
                   \relax 
l.5163       \State
                    \textbfs{Step 2: Cumulative Updates}
pdfTeX warning (ext4): destination with the same identifier (name{ALG@line.9}) 
has been already used, duplicate ignored
<to be read again> 
                   \relax 
l.5164       \State
                    For $j=0,\ldots,J-1$: $\displaystyle \rvx^{(k+1)}_{\ell+...

pdfTeX warning (ext4): destination with the same identifier (name{ALG@line.10})
 has been already used, duplicate ignored
<to be read again> 
                   \relax 
l.5166       \State
                    \textbfs{Step 3: Progress Control and Window Advance}
pdfTeX warning (ext4): destination with the same identifier (name{ALG@line.11})
 has been already used, duplicate ignored
<to be read again> 
                   \relax 
l.5167       \State
                    For $j=1,\ldots,J-1$: $\mathtt{error}_j \gets \big\|\rvx...

pdfTeX warning (ext4): destination with the same identifier (name{ALG@line.12})
 has been already used, duplicate ignored
<to be read again> 
                   \relax 
l.5168       \State
                    $\displaystyle \mathtt{stride} \gets \min \Big(\,\{\,j\i...

pdfTeX warning (ext4): destination with the same identifier (name{ALG@line.13})
 has been already used, duplicate ignored
<to be read again> 
                   \relax 
l.5169       \State
                    \textbfs{Initialize New Nodes}
pdfTeX warning (ext4): destination with the same identifier (name{ALG@line.14})
 has been already used, duplicate ignored
<to be read again> 
                   \relax 
l.5170         \State
                      For $r=1,\ldots,\min\{\mathtt{stride},\,M-\ell-J\}$:
pdfTeX warning (ext4): destination with the same identifier (name{ALG@line.15})
 has been already used, duplicate ignored
<to be read again> 
                   \relax 
l.5175       \State
                    $\ell \gets \ell + \mathtt{stride}$;\quad $k \gets k+1$
pdfTeX warning (ext4): destination with the same identifier (name{ALG@line.16})
 has been already used, duplicate ignored
<to be read again> 
                   \relax 
l.5176     \EndWhile
                    
pdfTeX warning (ext4): destination with the same identifier (name{ALG@line.17})
 has been already used, duplicate ignored
<to be read again> 
                   \relax 
l.5177     \State
                  \Return $\{\rvx^{(k)}_j\}_{j=0}^{M}$ [340{/usr/local/texlive/
2026/texmf-dist/fonts/enc/dvips/lm/lm-rmtt.enc}]
Overfull \hbox (0.29749pt too wide) detected at line 5225
[]
[341] [342] [343]) [344]
(./Chapter-8-Post-Training-Methods-for-Fast-Sampling.tex
Chapter 10.
[345] [346] [347] [348] [349] [350]
Overfull \hbox (3.05292pt too wide) detected at line 318
[]
[351] [352] [353]
Overfull \hbox (9.2261pt too wide) in paragraph at lines 549--550
\T1/lmr/m/n/10.95 (-20) In this sec-tion, we fix DDIM in the $\OT1/lmr/bx/n/10.
95 (-20) x$\T1/lmr/m/n/10.95 (-20) -prediction pa-ram-e-ter-i-za-tion as the ti
me^^Ustepping
[354 <./Images/PartD/PD.pdf>]
Underfull \vbox (badness 10000) has occurred while \output is active [355]
[356] [357] [358] [359] [360])
(./Chapter-9-Learning-Fast-Generator-from-Scratch.tex
Chapter 11.

Underfull \vbox (badness 2846) has occurred while \output is active [361]
[362] [363] [364 <./Images/PartD/flow-map.pdf>] [365]
Underfull \vbox (badness 3158) has occurred while \output is active [366]
[367] [368 <./Images/PartD/semigroup.pdf>] [369] [370] [371]
Underfull \vbox (badness 1990) has occurred while \output is active [372]
[373]
pdfTeX warning (ext4): destination with the same identifier (name{ALG@line.1}) 
has been already used, duplicate ignored
<to be read again> 
                   \relax 
l.695         \If
                 {one-step}
pdfTeX warning (ext4): destination with the same identifier (name{ALG@line.2}) 
has been already used, duplicate ignored
<to be read again> 
                   \relax 
l.696             \State
                         $\rvx \leftarrow \rvf_{\bm{\theta}^\times}(\hat{\rv...

pdfTeX warning (ext4): destination with the same identifier (name{ALG@line.3}) 
has been already used, duplicate ignored
<to be read again> 
                   \relax 
l.697         \Else
                   
pdfTeX warning (ext4): destination with the same identifier (name{ALG@line.4}) 
has been already used, duplicate ignored
<to be read again> 
                   \relax 
l.698             \State
                         $\rvx \leftarrow \rvf_{\bm{\theta}^\times}(\hat{\rv...

pdfTeX warning (ext4): destination with the same identifier (name{ALG@line.5}) 
has been already used, duplicate ignored
<to be read again> 
                   \relax 
l.699             \For
                      {$m=1$ \textbf{to} $M-1$}
pdfTeX warning (ext4): destination with the same identifier (name{ALG@line.6}) 
has been already used, duplicate ignored
<to be read again> 
                   \relax 
l.700                 \State
                             Sample $\bm{\epsilon} \sim \mathcal{N}(\bm{0}, ...

pdfTeX warning (ext4): destination with the same identifier (name{ALG@line.7}) 
has been already used, duplicate ignored
<to be read again> 
                   \relax 
l.701                 \State
                             $\hat{\rvx}_{\tau_m} \leftarrow \alpha_{\tau_m}...

pdfTeX warning (ext4): destination with the same identifier (name{ALG@line.8}) 
has been already used, duplicate ignored
<to be read again> 
                   \relax 
l.702                 \State
                             $\rvx \leftarrow \rvf_{\bm{\theta}^\times}(\hat...

pdfTeX warning (ext4): destination with the same identifier (name{ALG@line.9}) 
has been already used, duplicate ignored
<to be read again> 
                   \relax 
l.703             \EndFor
                         
pdfTeX warning (ext4): destination with the same identifier (name{ALG@line.10})
 has been already used, duplicate ignored
<to be read again> 
                   \relax 
l.704         \EndIf
                     [374] [375] [376]
Overfull \hbox (3.5047pt too wide) in paragraph at lines 921--925
\T1/lmr/m/n/10.95 (-20) We de-note the re-sult-ing ob-jec-tive as $\OMS/lmsy/m/
n/10.95 L[]\OT1/lmr/m/n/10.95 (-20) (\OML/lmm/b/it/10.95 ^^R\OML/lmm/m/it/10.95
 ; \OML/lmm/b/it/10.95 ^^R[]\OT1/lmr/m/n/10.95 (-20) ; \OML/lmm/b/it/10.95 ^^^[
]\OT1/lmr/m/n/10.95 (-20) )$\T1/lmr/m/n/10.95 (-20) . Ac-cord-ingly, Propo-si-t
ion [][]11.3.1[][]
[377] [378] [379] [380] [381]
pdfTeX warning (ext4): destination with the same identifier (name{ALG@line.1}) 
has been already used, duplicate ignored
<to be read again> 
                   \relax 
l.1209 \State
              \textbfs{Init:} $\bm{\theta} \gets \bm{\theta}_{\text{pretrain...

pdfTeX warning (ext4): destination with the same identifier (name{ALG@line.2}) 
has been already used, duplicate ignored
<to be read again> 
                   \relax 
l.1210 \Repeat
              
pdfTeX warning (ext4): destination with the same identifier (name{ALG@line.3}) 
has been already used, duplicate ignored
<to be read again> 
                   \relax 
l.1211     \State
                  $\rvx_0 \sim \mathcal{D}$, $\mathbf{z} \sim \mathcal{N}(\b...

pdfTeX warning (ext4): destination with the same identifier (name{ALG@line.4}) 
has been already used, duplicate ignored
<to be read again> 
                   \relax 
l.1212     \State
                  $\rvx_s \gets \cos(s) \rvx_0 + \sin(s) \mathbf{z}$
pdfTeX warning (ext4): destination with the same identifier (name{ALG@line.5}) 
has been already used, duplicate ignored
<to be read again> 
                   \relax 
l.1213     \If
              {consistency training}
pdfTeX warning (ext4): destination with the same identifier (name{ALG@line.6}) 
has been already used, duplicate ignored
<to be read again> 
                   \relax 
l.1214         \State
                      $\frac{\diff\rvx_s}{\diff s} \gets \cos(s) \mathbf{z} ...

pdfTeX warning (ext4): destination with the same identifier (name{ALG@line.7}) 
has been already used, duplicate ignored
<to be read again> 
                   \relax 
l.1215     \Else
                
pdfTeX warning (ext4): destination with the same identifier (name{ALG@line.8}) 
has been already used, duplicate ignored
<to be read again> 
                   \relax 
l.1216         \State
                      $\frac{\diff\rvx_s}{\diff s} \gets \sigma_{\mathrm{d}}...

pdfTeX warning (ext4): destination with the same identifier (name{ALG@line.9}) 
has been already used, duplicate ignored
<to be read again> 
                   \relax 
l.1217     \EndIf
                 
pdfTeX warning (ext4): destination with the same identifier (name{ALG@line.10})
 has been already used, duplicate ignored
<to be read again> 
                   \relax 
l.1218     \State
                  $r \gets \min\left(1, \frac{\text{Iters}}{H}\right)$ \hfil...

pdfTeX warning (ext4): destination with the same identifier (name{ALG@line.11})
 has been already used, duplicate ignored
<to be read again> 
                   \relax 
l.1219     \State
                  $\rvw \gets - \cos^2(s) (\sigma_{\mathrm{d}} \mathbf{F}_{\...

pdfTeX warning (ext4): destination with the same identifier (name{ALG@line.12})
 has been already used, duplicate ignored
<to be read again> 
                   \relax 
l.1220     \State
                  $\rvw \gets \frac{\rvw}{\|\rvw\| + c}$ \hfill \Comment{ Ta...

pdfTeX warning (ext4): destination with the same identifier (name{ALG@line.13})
 has been already used, duplicate ignored
<to be read again> 
                   \relax 
l.1221     \State
                  $\mathcal{L}_{\text{sCM}}(\bm{\theta}, \boldsymbol{\varphi...

pdfTeX warning (ext4): destination with the same identifier (name{ALG@line.14})
 has been already used, duplicate ignored
<to be read again> 
                   \relax 
l.1223     \State
                  $(\bm{\theta}, \boldsymbol{\varphi}) \gets (\bm{\theta}, \...

pdfTeX warning (ext4): destination with the same identifier (name{ALG@line.15})
 has been already used, duplicate ignored
<to be read again> 
                   \relax 
l.1224     \State
                  Iters $\gets$ Iters + 1
pdfTeX warning (ext4): destination with the same identifier (name{ALG@line.16})
 has been already used, duplicate ignored
<to be read again> 
                   \relax 
l.1225 \Until
             {convergence} [382] [383] [384] [385] [386] [387] [388 <./Images/P
artD/ctm-target.pdf>] [389]
pdfTeX warning (ext4): destination with the same identifier (name{ALG@line.1}) 
has been already used, duplicate ignored
<to be read again> 
                   \relax 
l.1713     \State
                  Start from $\mathbf{x}_{\tau_{0}}\sim p_{\mathrm{prior}}=\...

pdfTeX warning (ext4): destination with the same identifier (name{ALG@line.2}) 
has been already used, duplicate ignored
<to be read again> 
                   \relax 
l.1714         \For
                   {$n=0$ to $M-1$}
pdfTeX warning (ext4): destination with the same identifier (name{ALG@line.3}) 
has been already used, duplicate ignored
<to be read again> 
                   \relax 
l.1715         \State
                      $\tilde{\tau}_{n+1}\leftarrow \sqrt{1-\gamma^{2}}\tau_...

pdfTeX warning (ext4): destination with the same identifier (name{ALG@line.4}) 
has been already used, duplicate ignored
<to be read again> 
                   \relax 
l.1716         \State
                      Denoise $\mathbf{x}_{\tilde{\tau}_{n+1}}\leftarrow \ma...

pdfTeX warning (ext4): destination with the same identifier (name{ALG@line.5}) 
has been already used, duplicate ignored
<to be read again> 
                   \relax 
l.1717         \State
                      Diffuse $\mathbf{x}_{\tau_{n+1}}\leftarrow\mathbf{x}_{...

pdfTeX warning (ext4): destination with the same identifier (name{ALG@line.6}) 
has been already used, duplicate ignored
<to be read again> 
                   \relax 
l.1718         \EndFor
                       [390]
Underfull \vbox (badness 2961) has occurred while \output is active [391 <./Ima
ges/PartD/ctm_gamma.pdf>] [392] [393] [394] [395] [396] [397] [398] [399 <./Ima
ges/PartD/lagrangian-1.pdf> <./Images/PartD/lagrangian-2.pdf

pdfTeX warning: pdflatex (file ./Images/PartD/lagrangian-2.pdf): PDF inclusion:
 multiple pdfs with page group included in a single page
>] [400 <./Images/PartD/eulerian-1.pdf> <./Images/PartD/eulerian-2.pdf

pdfTeX warning: pdflatex (file ./Images/PartD/eulerian-2.pdf): PDF inclusion: m
ultiple pdfs with page group included in a single page
>]
Overfull \hbox (22.80934pt too wide) detected at line 2266
\OT1/lmr/bx/n/10.95 	[]\OT1/lmr/m/n/10.95 (\OT1/lmr/bx/n/10.95 x[]\OT1/lmr/m/n/
10.95 ) = \OT1/lmr/bx/n/10.95 	[]\OT1/lmr/m/n/10.95 (\OT1/lmr/bx/n/10.95 x[]\OT
1/lmr/m/n/10.95 ) \OMS/lmsy/m/n/10.95 ^^@ \OT1/lmr/m/n/10.95 ^^A\OML/lmm/m/it/1
0.95 s []@[]\OT1/lmr/bx/n/10.95 	[][]\OT1/lmr/m/n/10.95 (\OT1/lmr/bx/n/10.95 x[
]\OT1/lmr/m/n/10.95 )\OT1/lmr/bx/n/10.95 v[]\OT1/lmr/m/n/10.95 (\OT1/lmr/bx/n/1
0.95 x[]\OML/lmm/m/it/10.95 ; s\OT1/lmr/m/n/10.95 ) \OMS/lmsy/m/n/10.95 ^^@ \OT
1/lmr/m/n/10.95 ^^A\OML/lmm/m/it/10.95 s @[]\OT1/lmr/bx/n/10.95 	[]\OT1/lmr/m/n
/10.95 (\OT1/lmr/bx/n/10.95 x[]\OT1/lmr/m/n/10.95 ) + \OMS/lmsy/m/n/10.95 O[]\O
T1/lmr/m/n/10.95 (^^A\OML/lmm/m/it/10.95 s\OT1/lmr/m/n/10.95 )[][]\OML/lmm/m/it
/10.95 :
[401] [402]) [403] (./Chapter-10-Epilogue-and-Outlook.tex
Chapter 12.

Underfull \vbox (badness 2662) has occurred while \output is active [404]
[405] [406] [407 <./Images/appendix/vector_field_only.pdf> <./Images/appendix/p
article_cloud.pdf> <./Images/appendix/vector_field_with_density.pdf>] [408]
[409] [410] [411] [412] [413 <./Images/PartE/fig_notation_overview.pdf>]
[414] [415] [416 <./Images/PartE/ctmc_trajectory.pdf>] [417]
Underfull \vbox (badness 3039) has occurred while \output is active [418 <./Ima
ges/PartE/masked_vs_uniform_diffusion.pdf>] [419] [420] [421]
Overfull \hbox (3.32158pt too wide) in paragraph at lines 806--814
[]\T1/lmr/m/n/10.95 (-20) This clean-state parametriza-tion is com-mon in multi
nomial/D3PM-style discrete-
[422]
Overfull \hbox (5.91972pt too wide) in paragraph at lines 870--877
[] [] \T1/lmss/bx/n/10.95 (-20) The Ra-tio as a Dis-crete Ana-logue of the Scor
e.[] \T1/lmr/m/n/10.95 (-20) Now in-spect Equa-tion ([][]12.2.7[][]).
[423] [424] [425]
Underfull \hbox (badness 1742) in paragraph at lines 1007--1008
[]|\T1/lmr/m/n/7 (+20) Transition-matrix prop-a-ga-tion or mas-ter

Overfull \hbox (4.64502pt too wide) in paragraph at lines 988--1040
 [][] 
[426] [427] [428]) [429] (./A_Crash-Course-of-DE.tex [430]
Appendix A.

Underfull \vbox (badness 1609) has occurred while \output is active [431]
[432] [433 <./Images/PartE/discrete_vs_continuous_ode.pdf>] [434] [435]
[436] [437] [438] [439] [440] [441] [442] [443]
Overfull \hbox (1.79828pt too wide) in paragraph at lines 846--847
[] []\T1/lmss/bx/n/10.95 (-20) Stochas-tic Dif-fer-en-tial Equa-tions.[] \T1/lm
r/m/n/10.95 (-20) For-mally, the limit of the dis-crete up-date Equa-
[444] [445] [446]) (./B_Continuity-Equation.tex [447]
Appendix B.

Underfull \vbox (badness 1609) has occurred while \output is active [448]
[449]

Package hyperref Warning: Token not allowed in a PDF string (Unicode):
(hyperref)                removing `\\' on input line 100.

[450]

Package fancyhdr Warning: \headheight is too small (14.4pt): 
(fancyhdr)                Make it at least 26.32425pt, for example:
(fancyhdr)                \setlength{\headheight}{26.32425pt}.
(fancyhdr)                You might also make \topmargin smaller:
(fancyhdr)                \addtolength{\topmargin}{-11.92426pt}.

[451] [452]

Package fancyhdr Warning: \headheight is too small (14.4pt): 
(fancyhdr)                Make it at least 26.32425pt, for example:
(fancyhdr)                \setlength{\headheight}{26.32425pt}.
(fancyhdr)                You might also make \topmargin smaller:
(fancyhdr)                \addtolength{\topmargin}{-11.92426pt}.

[453] [454]

Package fancyhdr Warning: \headheight is too small (14.4pt): 
(fancyhdr)                Make it at least 26.32425pt, for example:
(fancyhdr)                \setlength{\headheight}{26.32425pt}.
(fancyhdr)                You might also make \topmargin smaller:
(fancyhdr)                \addtolength{\topmargin}{-11.92426pt}.

[455] [456]
Overfull \hbox (7.89894pt too wide) detected at line 466
[]

Package fancyhdr Warning: \headheight is too small (14.4pt): 
(fancyhdr)                Make it at least 26.32425pt, for example:
(fancyhdr)                \setlength{\headheight}{26.32425pt}.
(fancyhdr)                You might also make \topmargin smaller:
(fancyhdr)                \addtolength{\topmargin}{-11.92426pt}.

[457] [458] [459] [460] [461]
Overfull \hbox (7.09067pt too wide) in paragraph at lines 751--756
[]\T1/lmr/m/n/10.95 (-20) Throughout this op-tional sec-tion, $\OML/lmm/m/it/10
.95 ^^\$ \T1/lmr/m/n/10.95 (-20) de-notes \T1/lmr/m/it/10.95 (-20) train-ing ti
me\T1/lmr/m/n/10.95 (-20) : an ide-al-ized continuous-
[462] [463] [464] [465] [466] [467]) (./C_SDE-and-Ito.tex
Appendix C.

Package hyperref Warning: Token not allowed in a PDF string (Unicode):
(hyperref)                removing `\\' on input line 1.

[468] [469]

Package fancyhdr Warning: \headheight is too small (14.4pt): 
(fancyhdr)                Make it at least 26.32425pt, for example:
(fancyhdr)                \setlength{\headheight}{26.32425pt}.
(fancyhdr)                You might also make \topmargin smaller:
(fancyhdr)                \addtolength{\topmargin}{-11.92426pt}.

[470] [471]

Package fancyhdr Warning: \headheight is too small (14.4pt): 
(fancyhdr)                Make it at least 26.32425pt, for example:
(fancyhdr)                \setlength{\headheight}{26.32425pt}.
(fancyhdr)                You might also make \topmargin smaller:
(fancyhdr)                \addtolength{\topmargin}{-11.92426pt}.

[472] [473]

Package fancyhdr Warning: \headheight is too small (14.4pt): 
(fancyhdr)                Make it at least 26.32425pt, for example:
(fancyhdr)                \setlength{\headheight}{26.32425pt}.
(fancyhdr)                You might also make \topmargin smaller:
(fancyhdr)                \addtolength{\topmargin}{-11.92426pt}.

[474] [475]

Package fancyhdr Warning: \headheight is too small (14.4pt): 
(fancyhdr)                Make it at least 26.32425pt, for example:
(fancyhdr)                \setlength{\headheight}{26.32425pt}.
(fancyhdr)                You might also make \topmargin smaller:
(fancyhdr)                \addtolength{\topmargin}{-11.92426pt}.

[476] [477]

Package fancyhdr Warning: \headheight is too small (14.4pt): 
(fancyhdr)                Make it at least 26.32425pt, for example:
(fancyhdr)                \setlength{\headheight}{26.32425pt}.
(fancyhdr)                You might also make \topmargin smaller:
(fancyhdr)                \addtolength{\topmargin}{-11.92426pt}.

[478] [479]

Package fancyhdr Warning: \headheight is too small (14.4pt): 
(fancyhdr)                Make it at least 26.32425pt, for example:
(fancyhdr)                \setlength{\headheight}{26.32425pt}.
(fancyhdr)                You might also make \topmargin smaller:
(fancyhdr)                \addtolength{\topmargin}{-11.92426pt}.

[480] [481]) (./D_Proofs.tex

Package fancyhdr Warning: \headheight is too small (14.4pt): 
(fancyhdr)                Make it at least 26.32425pt, for example:
(fancyhdr)                \setlength{\headheight}{26.32425pt}.
(fancyhdr)                You might also make \topmargin smaller:
(fancyhdr)                \addtolength{\topmargin}{-11.92426pt}.

[482] [483]
Appendix D.
[484] [485]
Overfull \hbox (10.24936pt too wide) detected at line 198
[]

Overfull \hbox (15.41023pt too wide) detected at line 212
[]
[486] [487] [488]
Overfull \hbox (10.77867pt too wide) in paragraph at lines 381--384
[] []\T1/lmss/bx/n/10.95 (-20) Tweedie's Iden-tity with Time-De-pen-dent Pa-ram
-e-ters.[] \T1/lmr/m/n/10.95 (-20) Let $\OT1/lmr/bx/n/10.95 (-20) x[]\OMS/lmsy/
m/n/10.95 j\OT1/lmr/bx/n/10.95 (-20) x[] \OMS/lmsy/m/n/10.95 ^^X N[]^^A\OT1/lmr
/m/n/10.95 (-20) ; \OML/lmm/m/it/10.95 []\OT1/lmr/bx/n/10.95 (-20) x[]\OML/lmm
/m/it/10.95 ; ^^[[]\OT1/lmr/bx/n/10.95 (-20) I[]$\T1/lmr/m/n/10.95 (-20) .
[489] [490] [491] [492] [493] [494] [495] [496] [497] [498] [499] [500]
[501] [502] [503] [504] [505] [506] [507]

LaTeX Warning: Reference `mdf@pagelabel-46' on page 508 undefined on input line
 1601.

[508]) [509] [510] [511] [512] [513] [514] [515] [516] [517] [518] [519]
[520]
Overfull \hbox (1.82469pt too wide) in paragraph at lines 511--511
[][]\T1/lmr/m/n/10.95 (-20) Sun, H., L. Yu, B. Dai, D. Schu-ur-mans, and H. Dai
. (2023). ^^P  Score-based Continuous-
[521]
Overfull \hbox (7.02348pt too wide) in paragraph at lines 511--511
\T1/lmr/m/n/10.95 (-20) free energy-guided con-di-tional dif-fu-sion model^^Q. 
In: \T1/lmr/m/it/10.95 (-20) Pro-ceed-ings of the IEEE/CVF
[522] 
enddocument/afterlastpage (AED): lastpage setting LastPage.
(build/main_v2.aux)

LaTeX Font Warning: Size substitutions with differences
(Font)              up to 1.0pt have occurred.


LaTeX Font Warning: Some font shapes were not available, defaults substituted.


LaTeX Warning: There were undefined references.


LaTeX Warning: Label(s) may have changed. Rerun to get cross-references right.


Package biblatex Warning: Please rerun LaTeX.
(biblatex)                Page breaks have changed.

 )
(see the transcript file for additional information)</usr/local/texlive/2026/te
xmf-dist/fonts/type1/public/lm/lmbsy10.pfb></usr/local/texlive/2026/texmf-dist/
fonts/type1/public/lm/lmbsy5.pfb></usr/local/texlive/2026/texmf-dist/fonts/type
1/public/lm/lmbsy7.pfb></usr/local/texlive/2026/texmf-dist/fonts/type1/public/l
m/lmbx10.pfb></usr/local/texlive/2026/texmf-dist/fonts/type1/public/lm/lmbx12.p
fb></usr/local/texlive/2026/texmf-dist/fonts/type1/public/lm/lmbx5.pfb></usr/lo
cal/texlive/2026/texmf-dist/fonts/type1/public/lm/lmbx6.pfb></usr/local/texlive
/2026/texmf-dist/fonts/type1/public/lm/lmbx7.pfb></usr/local/texlive/2026/texmf
-dist/fonts/type1/public/lm/lmbx8.pfb></usr/local/texlive/2026/texmf-dist/fonts
/type1/public/lm/lmbx9.pfb></usr/local/texlive/2026/texmf-dist/fonts/type1/publ
ic/lm/lmcsc10.pfb></usr/local/texlive/2026/texmf-dist/fonts/type1/public/lm/lme
x10.pfb></usr/local/texlive/2026/texmf-dist/fonts/type1/public/lm/lmmi10.pfb></
usr/local/texlive/2026/texmf-dist/fonts/type1/public/lm/lmmi5.pfb></usr/local/t
exlive/2026/texmf-dist/fonts/type1/public/lm/lmmi6.pfb></usr/local/texlive/2026
/texmf-dist/fonts/type1/public/lm/lmmi7.pfb></usr/local/texlive/2026/texmf-dist
/fonts/type1/public/lm/lmmi8.pfb></usr/local/texlive/2026/texmf-dist/fonts/type
1/public/lm/lmmi9.pfb></usr/local/texlive/2026/texmf-dist/fonts/type1/public/lm
/lmmib10.pfb></usr/local/texlive/2026/texmf-dist/fonts/type1/public/lm/lmmib5.p
fb></usr/local/texlive/2026/texmf-dist/fonts/type1/public/lm/lmmib7.pfb></usr/l
ocal/texlive/2026/texmf-dist/fonts/type1/public/lm/lmr10.pfb></usr/local/texliv
e/2026/texmf-dist/fonts/type1/public/lm/lmr5.pfb></usr/local/texlive/2026/texmf
-dist/fonts/type1/public/lm/lmr6.pfb></usr/local/texlive/2026/texmf-dist/fonts/
type1/public/lm/lmr7.pfb></usr/local/texlive/2026/texmf-dist/fonts/type1/public
/lm/lmr8.pfb></usr/local/texlive/2026/texmf-dist/fonts/type1/public/lm/lmr9.pfb
></usr/local/texlive/2026/texmf-dist/fonts/type1/public/lm/lmri10.pfb></usr/loc
al/texlive/2026/texmf-dist/fonts/type1/public/lm/lmri7.pfb></usr/local/texlive/
2026/texmf-dist/fonts/type1/public/lm/lmri9.pfb></usr/local/texlive/2026/texmf-
dist/fonts/type1/public/lm/lmro10.pfb></usr/local/texlive/2026/texmf-dist/fonts
/type1/public/lm/lmro8.pfb></usr/local/texlive/2026/texmf-dist/fonts/type1/publ
ic/lm/lmss10.pfb></usr/local/texlive/2026/texmf-dist/fonts/type1/public/lm/lmss
12.pfb></usr/local/texlive/2026/texmf-dist/fonts/type1/public/lm/lmssbo10.pfb><
/usr/local/texlive/2026/texmf-dist/fonts/type1/public/lm/lmssbx10.pfb></usr/loc
al/texlive/2026/texmf-dist/fonts/type1/public/lm/lmsso10.pfb></usr/local/texliv
e/2026/texmf-dist/fonts/type1/public/lm/lmsy10.pfb></usr/local/texlive/2026/tex
mf-dist/fonts/type1/public/lm/lmsy5.pfb></usr/local/texlive/2026/texmf-dist/fon
ts/type1/public/lm/lmsy6.pfb></usr/local/texlive/2026/texmf-dist/fonts/type1/pu
blic/lm/lmsy7.pfb></usr/local/texlive/2026/texmf-dist/fonts/type1/public/lm/lms
y8.pfb></usr/local/texlive/2026/texmf-dist/fonts/type1/public/lm/lmsy9.pfb></us
r/local/texlive/2026/texmf-dist/fonts/type1/public/lm/lmtk10.pfb></usr/local/te
xlive/2026/texmf-dist/fonts/type1/public/lm/lmtt10.pfb></usr/local/texlive/2026
/texmf-dist/fonts/type1/public/lm/lmtt9.pfb></usr/local/texlive/2026/texmf-dist
/fonts/type1/public/lm/lmtti10.pfb></usr/local/texlive/2026/texmf-dist/fonts/ty
pe1/public/lm/lmtto10.pfb></usr/local/texlive/2026/texmf-dist/fonts/type1/publi
c/amsfonts/symbols/msam10.pfb></usr/local/texlive/2026/texmf-dist/fonts/type1/p
ublic/amsfonts/symbols/msam5.pfb></usr/local/texlive/2026/texmf-dist/fonts/type
1/public/amsfonts/symbols/msbm10.pfb></usr/local/texlive/2026/texmf-dist/fonts/
type1/public/amsfonts/symbols/msbm7.pfb></usr/local/texlive/2026/texmf-dist/fon
ts/type1/public/stmaryrd/stmary10.pfb>
Output written on build/main_v2.pdf (527 pages, 19811719 bytes).
Transcript written on build/main_v2.log.
Latexmk: Getting log file 'build/main_v2.log'
Latexmk: Examining 'build/main_v2.fls'
Latexmk: Examining 'build/main_v2.log'
Latexmk: Found input bbl file 'build/main_v2.bbl'
Latexmk: References changed.
Latexmk: Log file says output to 'build/main_v2.pdf'
Latexmk: Using biber to make bibliography file(s).
Latexmk: Bibliography file(s) from .bcf file:
  main_v2.bib
Sources for biber
  main_v2.bib
  build/main_v2.bcf
Latexmk: applying rule 'pdflatex'...
Rule 'pdflatex':  Reasons for rerun
Changed files or newly in use/created:
  build/main_v2.aux
  build/main_v2.run.xml
  build/main_v2.toc

------------
Run number 3 of rule 'pdflatex'
------------
------------
Running 'pdflatex  -interaction=nonstopmode -file-line-error -recorder -output-directory="build"  "main_v2.tex"'
------------
This is pdfTeX, Version 3.141592653-2.6-1.40.29 (TeX Live 2026) (preloaded format=pdflatex)
 restricted \write18 enabled.
entering extended mode
(./main_v2.tex
LaTeX2e <2025-11-01>
L3 programming layer <2026-01-19>
(./nowfnt-arxiv.cls

LaTeX Warning: You have requested document class `nowfnt-arxiv',
               but the document class provides `nowfnt'.

Document Class: nowfnt 2021/10/12 v0.95d NOW document class
(/usr/local/texlive/2026/texmf-dist/tex/latex/etoolbox/etoolbox.sty)
(./NOWFnT-data.tex)

Class nowfnt Warning: Unclear state. Remove the class option book or ebook or s
ample on input line 129.

(/usr/local/texlive/2026/texmf-dist/tex/latex/base/book.cls
Document Class: book 2025/01/22 v1.4n Standard LaTeX document class
(/usr/local/texlive/2026/texmf-dist/tex/latex/base/bk11.clo))
(/usr/local/texlive/2026/texmf-dist/tex/latex/lastpage/lastpage.sty
(/usr/local/texlive/2026/texmf-dist/tex/latex/lastpage/lastpage2e.sty
(/usr/local/texlive/2026/texmf-dist/tex/latex/lastpage/lastpagemodern.sty) 
)) (/usr/local/texlive/2026/texmf-dist/tex/latex/tools/multicol.sty)
(/usr/local/texlive/2026/texmf-dist/tex/latex/tools/array.sty)
(/usr/local/texlive/2026/texmf-dist/tex/latex/trimspaces/trimspaces.sty)
(/usr/local/texlive/2026/texmf-dist/tex/latex/footmisc/footmisc.sty)
(/usr/local/texlive/2026/texmf-dist/tex/latex/pdfpages/pdfpages.sty
(/usr/local/texlive/2026/texmf-dist/tex/latex/base/ifthen.sty)
(/usr/local/texlive/2026/texmf-dist/tex/latex/tools/calc.sty)
(/usr/local/texlive/2026/texmf-dist/tex/latex/eso-pic/eso-pic.sty
(/usr/local/texlive/2026/texmf-dist/tex/latex/graphics/keyval.sty)
(/usr/local/texlive/2026/texmf-dist/tex/latex/xcolor/xcolor.sty
(/usr/local/texlive/2026/texmf-dist/tex/latex/graphics-cfg/color.cfg)
(/usr/local/texlive/2026/texmf-dist/tex/latex/graphics-def/pdftex.def)
(/usr/local/texlive/2026/texmf-dist/tex/latex/graphics/mathcolor.ltx))
(/usr/local/texlive/2026/texmf-dist/tex/latex/graphics/dvipsnam.def))
(/usr/local/texlive/2026/texmf-dist/tex/latex/graphics/graphicx.sty
(/usr/local/texlive/2026/texmf-dist/tex/latex/graphics/graphics.sty
(/usr/local/texlive/2026/texmf-dist/tex/latex/graphics/trig.sty)
(/usr/local/texlive/2026/texmf-dist/tex/latex/graphics-cfg/graphics.cfg)))
(/usr/local/texlive/2026/texmf-dist/tex/latex/pdfpages/pppdftex.def))
(/usr/local/texlive/2026/texmf-dist/tex/latex/tools/xr.sty)
(/usr/local/texlive/2026/texmf-dist/tex/latex/microtype/microtype.sty
(/usr/local/texlive/2026/texmf-dist/tex/latex/microtype/microtype-pdftex.def)
(/usr/local/texlive/2026/texmf-dist/tex/latex/microtype/microtype.cfg))
(/usr/local/texlive/2026/texmf-dist/tex/latex/fancyhdr/fancyhdr.sty)
(/usr/local/texlive/2026/texmf-dist/tex/latex/titlesec/titlesec.sty)
(/usr/local/texlive/2026/texmf-dist/tex/latex/caption/caption.sty
(/usr/local/texlive/2026/texmf-dist/tex/latex/caption/caption3.sty))
(/usr/local/texlive/2026/texmf-dist/tex/latex/emptypage/emptypage.sty)
(/usr/local/texlive/2026/texmf-dist/tex/latex/url/url.sty)
(/usr/local/texlive/2026/texmf-dist/tex/latex/lm/lmodern.sty)
(/usr/local/texlive/2026/texmf-dist/tex/latex/base/fontenc.sty
(/usr/local/texlive/2026/texmf-dist/tex/latex/lm/t1lmr.fd))
(./nowfnt-biblatex.sty
(/usr/local/texlive/2026/texmf-dist/tex/latex/biblatex/biblatex.sty
(/usr/local/texlive/2026/texmf-dist/tex/generic/pdftexcmds/pdftexcmds.sty
(/usr/local/texlive/2026/texmf-dist/tex/generic/infwarerr/infwarerr.sty)
(/usr/local/texlive/2026/texmf-dist/tex/generic/iftex/iftex.sty)
(/usr/local/texlive/2026/texmf-dist/tex/generic/ltxcmds/ltxcmds.sty))
(/usr/local/texlive/2026/texmf-dist/tex/latex/kvoptions/kvoptions.sty
(/usr/local/texlive/2026/texmf-dist/tex/latex/kvsetkeys/kvsetkeys.sty))
(/usr/local/texlive/2026/texmf-dist/tex/latex/logreq/logreq.sty
(/usr/local/texlive/2026/texmf-dist/tex/latex/logreq/logreq.def))
(/usr/local/texlive/2026/texmf-dist/tex/latex/biblatex/blx-dm.def)
(/usr/local/texlive/2026/texmf-dist/tex/latex/biblatex/blx-compat.def)
(/usr/local/texlive/2026/texmf-dist/tex/latex/biblatex/biblatex.def)
(/usr/local/texlive/2026/texmf-dist/tex/latex/biblatex/blx-natbib.def)
(/usr/local/texlive/2026/texmf-dist/tex/latex/biblatex/bbx/authoryear.bbx
(/usr/local/texlive/2026/texmf-dist/tex/latex/biblatex/bbx/standard.bbx))
(/usr/local/texlive/2026/texmf-dist/tex/latex/biblatex/cbx/authoryear.cbx)
(/usr/local/texlive/2026/texmf-dist/tex/latex/biblatex/biblatex.cfg)
(/usr/local/texlive/2026/texmf-dist/tex/latex/l3kernel/expl3.sty
(/usr/local/texlive/2026/texmf-dist/tex/latex/l3backend/l3backend-pdftex.def))
(/usr/local/texlive/2026/texmf-dist/tex/latex/biblatex/blx-case-expl3.sty
(/usr/local/texlive/2026/texmf-dist/tex/latex/l3packages/xparse/xparse.sty)))
(/usr/local/texlive/2026/texmf-dist/tex/latex/csquotes/csquotes.sty
(/usr/local/texlive/2026/texmf-dist/tex/latex/csquotes/csquotes.def)
(/usr/local/texlive/2026/texmf-dist/tex/latex/csquotes/csquotes.cfg)))
(/usr/local/texlive/2026/texmf-dist/tex/latex/amscls/amsthm.sty)
(/usr/local/texlive/2026/texmf-dist/tex/latex/geometry/geometry.sty
(/usr/local/texlive/2026/texmf-dist/tex/generic/iftex/ifvtex.sty))
(/usr/local/texlive/2026/texmf-dist/tex/latex/hyperref/hyperref.sty
(/usr/local/texlive/2026/texmf-dist/tex/generic/kvdefinekeys/kvdefinekeys.sty)
(/usr/local/texlive/2026/texmf-dist/tex/generic/pdfescape/pdfescape.sty)
(/usr/local/texlive/2026/texmf-dist/tex/latex/hycolor/hycolor.sty)
(/usr/local/texlive/2026/texmf-dist/tex/latex/hyperref/nameref.sty
(/usr/local/texlive/2026/texmf-dist/tex/latex/refcount/refcount.sty)
(/usr/local/texlive/2026/texmf-dist/tex/generic/gettitlestring/gettitlestring.s
ty)) (/usr/local/texlive/2026/texmf-dist/tex/generic/stringenc/stringenc.sty)
(/usr/local/texlive/2026/texmf-dist/tex/latex/hyperref/pd1enc.def)
(/usr/local/texlive/2026/texmf-dist/tex/generic/intcalc/intcalc.sty)
(/usr/local/texlive/2026/texmf-dist/tex/latex/hyperref/puenc.def)
(/usr/local/texlive/2026/texmf-dist/tex/generic/bitset/bitset.sty
(/usr/local/texlive/2026/texmf-dist/tex/generic/bigintcalc/bigintcalc.sty)))
(/usr/local/texlive/2026/texmf-dist/tex/latex/hyperref/hpdftex.def
(/usr/local/texlive/2026/texmf-dist/tex/latex/rerunfilecheck/rerunfilecheck.sty

(/usr/local/texlive/2026/texmf-dist/tex/generic/uniquecounter/uniquecounter.sty
))) (/usr/local/texlive/2026/texmf-dist/tex/latex/bookmark/bookmark.sty
(/usr/local/texlive/2026/texmf-dist/tex/latex/bookmark/bkm-pdftex.def)))
(/usr/local/texlive/2026/texmf-dist/tex/latex/pgf/frontendlayer/tikz.sty
(/usr/local/texlive/2026/texmf-dist/tex/latex/pgf/basiclayer/pgf.sty
(/usr/local/texlive/2026/texmf-dist/tex/latex/pgf/utilities/pgfrcs.sty
(/usr/local/texlive/2026/texmf-dist/tex/generic/pgf/utilities/pgfutil-common.te
x)
(/usr/local/texlive/2026/texmf-dist/tex/generic/pgf/utilities/pgfutil-latex.def
) (/usr/local/texlive/2026/texmf-dist/tex/generic/pgf/utilities/pgfrcs.code.tex
(/usr/local/texlive/2026/texmf-dist/tex/generic/pgf/pgf.revision.tex)))
(/usr/local/texlive/2026/texmf-dist/tex/latex/pgf/basiclayer/pgfcore.sty
(/usr/local/texlive/2026/texmf-dist/tex/latex/pgf/systemlayer/pgfsys.sty
(/usr/local/texlive/2026/texmf-dist/tex/generic/pgf/systemlayer/pgfsys.code.tex
(/usr/local/texlive/2026/texmf-dist/tex/generic/pgf/utilities/pgfkeys.code.tex
(/usr/local/texlive/2026/texmf-dist/tex/generic/pgf/utilities/pgfkeyslibraryfil
tered.code.tex))
(/usr/local/texlive/2026/texmf-dist/tex/generic/pgf/systemlayer/pgf.cfg)
(/usr/local/texlive/2026/texmf-dist/tex/generic/pgf/systemlayer/pgfsys-pdftex.d
ef
(/usr/local/texlive/2026/texmf-dist/tex/generic/pgf/systemlayer/pgfsys-common-p
df.def)))
(/usr/local/texlive/2026/texmf-dist/tex/generic/pgf/systemlayer/pgfsyssoftpath.
code.tex)
(/usr/local/texlive/2026/texmf-dist/tex/generic/pgf/systemlayer/pgfsysprotocol.
code.tex))
(/usr/local/texlive/2026/texmf-dist/tex/generic/pgf/basiclayer/pgfcore.code.tex
(/usr/local/texlive/2026/texmf-dist/tex/generic/pgf/math/pgfmath.code.tex
(/usr/local/texlive/2026/texmf-dist/tex/generic/pgf/math/pgfmathutil.code.tex)
(/usr/local/texlive/2026/texmf-dist/tex/generic/pgf/math/pgfmathparser.code.tex
)
(/usr/local/texlive/2026/texmf-dist/tex/generic/pgf/math/pgfmathfunctions.code.
tex)
(/usr/local/texlive/2026/texmf-dist/tex/generic/pgf/math/pgfmathfunctions.basic
.code.tex)
(/usr/local/texlive/2026/texmf-dist/tex/generic/pgf/math/pgfmathfunctions.trigo
nometric.code.tex)
(/usr/local/texlive/2026/texmf-dist/tex/generic/pgf/math/pgfmathfunctions.rando
m.code.tex)
(/usr/local/texlive/2026/texmf-dist/tex/generic/pgf/math/pgfmathfunctions.compa
rison.code.tex)
(/usr/local/texlive/2026/texmf-dist/tex/generic/pgf/math/pgfmathfunctions.base.
code.tex)
(/usr/local/texlive/2026/texmf-dist/tex/generic/pgf/math/pgfmathfunctions.round
.code.tex)
(/usr/local/texlive/2026/texmf-dist/tex/generic/pgf/math/pgfmathfunctions.misc.
code.tex)
(/usr/local/texlive/2026/texmf-dist/tex/generic/pgf/math/pgfmathfunctions.integ
erarithmetics.code.tex)
(/usr/local/texlive/2026/texmf-dist/tex/generic/pgf/math/pgfmathcalc.code.tex)
(/usr/local/texlive/2026/texmf-dist/tex/generic/pgf/math/pgfmathfloat.code.tex)
) (/usr/local/texlive/2026/texmf-dist/tex/generic/pgf/math/pgfint.code.tex)
(/usr/local/texlive/2026/texmf-dist/tex/generic/pgf/basiclayer/pgfcorepoints.co
de.tex)
(/usr/local/texlive/2026/texmf-dist/tex/generic/pgf/basiclayer/pgfcorepathconst
ruct.code.tex)
(/usr/local/texlive/2026/texmf-dist/tex/generic/pgf/basiclayer/pgfcorepathusage
.code.tex)
(/usr/local/texlive/2026/texmf-dist/tex/generic/pgf/basiclayer/pgfcorescopes.co
de.tex)
(/usr/local/texlive/2026/texmf-dist/tex/generic/pgf/basiclayer/pgfcoregraphicst
ate.code.tex)
(/usr/local/texlive/2026/texmf-dist/tex/generic/pgf/basiclayer/pgfcoretransform
ations.code.tex)
(/usr/local/texlive/2026/texmf-dist/tex/generic/pgf/basiclayer/pgfcorequick.cod
e.tex)
(/usr/local/texlive/2026/texmf-dist/tex/generic/pgf/basiclayer/pgfcoreobjects.c
ode.tex)
(/usr/local/texlive/2026/texmf-dist/tex/generic/pgf/basiclayer/pgfcorepathproce
ssing.code.tex)
(/usr/local/texlive/2026/texmf-dist/tex/generic/pgf/basiclayer/pgfcorearrows.co
de.tex)
(/usr/local/texlive/2026/texmf-dist/tex/generic/pgf/basiclayer/pgfcoreshade.cod
e.tex)
(/usr/local/texlive/2026/texmf-dist/tex/generic/pgf/basiclayer/pgfcoreimage.cod
e.tex)
(/usr/local/texlive/2026/texmf-dist/tex/generic/pgf/basiclayer/pgfcoreexternal.
code.tex)
(/usr/local/texlive/2026/texmf-dist/tex/generic/pgf/basiclayer/pgfcorelayers.co
de.tex)
(/usr/local/texlive/2026/texmf-dist/tex/generic/pgf/basiclayer/pgfcoretranspare
ncy.code.tex)
(/usr/local/texlive/2026/texmf-dist/tex/generic/pgf/basiclayer/pgfcorepatterns.
code.tex)
(/usr/local/texlive/2026/texmf-dist/tex/generic/pgf/basiclayer/pgfcorerdf.code.
tex)))
(/usr/local/texlive/2026/texmf-dist/tex/generic/pgf/modules/pgfmoduleshapes.cod
e.tex)
(/usr/local/texlive/2026/texmf-dist/tex/generic/pgf/modules/pgfmoduleplot.code.
tex)
(/usr/local/texlive/2026/texmf-dist/tex/latex/pgf/compatibility/pgfcomp-version
-0-65.sty)
(/usr/local/texlive/2026/texmf-dist/tex/latex/pgf/compatibility/pgfcomp-version
-1-18.sty))
(/usr/local/texlive/2026/texmf-dist/tex/latex/pgf/utilities/pgffor.sty
(/usr/local/texlive/2026/texmf-dist/tex/latex/pgf/utilities/pgfkeys.sty
(/usr/local/texlive/2026/texmf-dist/tex/generic/pgf/utilities/pgfkeys.code.tex)
) (/usr/local/texlive/2026/texmf-dist/tex/latex/pgf/math/pgfmath.sty
(/usr/local/texlive/2026/texmf-dist/tex/generic/pgf/math/pgfmath.code.tex))
(/usr/local/texlive/2026/texmf-dist/tex/generic/pgf/utilities/pgffor.code.tex))

(/usr/local/texlive/2026/texmf-dist/tex/generic/pgf/frontendlayer/tikz/tikz.cod
e.tex
(/usr/local/texlive/2026/texmf-dist/tex/generic/pgf/libraries/pgflibraryplothan
dlers.code.tex)
(/usr/local/texlive/2026/texmf-dist/tex/generic/pgf/modules/pgfmodulematrix.cod
e.tex)
(/usr/local/texlive/2026/texmf-dist/tex/generic/pgf/frontendlayer/tikz/librarie
s/tikzlibrarytopaths.code.tex)))
(/usr/local/texlive/2026/texmf-dist/tex/generic/pgf/libraries/pgflibraryarrows.
meta.code.tex)
(/usr/local/texlive/2026/texmf-dist/tex/generic/pgf/frontendlayer/tikz/librarie
s/tikzlibrarycalc.code.tex)
(/usr/local/texlive/2026/texmf-dist/tex/generic/pgf/frontendlayer/tikz/librarie
s/tikzlibrarypositioning.code.tex)
(/usr/local/texlive/2026/texmf-dist/tex/generic/pgf/frontendlayer/tikz/librarie
s/tikzlibraryshapes.geometric.code.tex
(/usr/local/texlive/2026/texmf-dist/tex/generic/pgf/libraries/shapes/pgflibrary
shapes.geometric.code.tex))
(/usr/local/texlive/2026/texmf-dist/tex/latex/caption/subcaption.sty)
(/usr/local/texlive/2026/texmf-dist/tex/latex/jknapltx/mathrsfs.sty)
(/usr/local/texlive/2026/texmf-dist/tex/latex/tcolorbox/tcolorbox.sty
(/usr/local/texlive/2026/texmf-dist/tex/latex/tools/verbatim.sty)
(/usr/local/texlive/2026/texmf-dist/tex/latex/environ/environ.sty))
(/usr/local/texlive/2026/texmf-dist/tex/latex/booktabs/booktabs.sty)
(/usr/local/texlive/2026/texmf-dist/tex/generic/pgf/frontendlayer/tikz/librarie
s/tikzlibraryshapes.code.tex
(/usr/local/texlive/2026/texmf-dist/tex/generic/pgf/frontendlayer/tikz/librarie
s/tikzlibraryshapes.misc.code.tex
(/usr/local/texlive/2026/texmf-dist/tex/generic/pgf/libraries/shapes/pgflibrary
shapes.misc.code.tex))
(/usr/local/texlive/2026/texmf-dist/tex/generic/pgf/frontendlayer/tikz/librarie
s/tikzlibraryshapes.symbols.code.tex
(/usr/local/texlive/2026/texmf-dist/tex/generic/pgf/libraries/shapes/pgflibrary
shapes.symbols.code.tex))
(/usr/local/texlive/2026/texmf-dist/tex/generic/pgf/frontendlayer/tikz/librarie
s/tikzlibraryshapes.arrows.code.tex
(/usr/local/texlive/2026/texmf-dist/tex/generic/pgf/libraries/shapes/pgflibrary
shapes.arrows.code.tex))
(/usr/local/texlive/2026/texmf-dist/tex/generic/pgf/frontendlayer/tikz/librarie
s/tikzlibraryshapes.callouts.code.tex
(/usr/local/texlive/2026/texmf-dist/tex/generic/pgf/libraries/shapes/pgflibrary
shapes.callouts.code.tex))
(/usr/local/texlive/2026/texmf-dist/tex/generic/pgf/frontendlayer/tikz/librarie
s/tikzlibraryshapes.multipart.code.tex
(/usr/local/texlive/2026/texmf-dist/tex/generic/pgf/libraries/shapes/pgflibrary
shapes.multipart.code.tex)))
(/usr/local/texlive/2026/texmf-dist/tex/generic/pgf/frontendlayer/tikz/librarie
s/tikzlibraryarrows.code.tex
(/usr/local/texlive/2026/texmf-dist/tex/generic/pgf/libraries/pgflibraryarrows.
code.tex))
(/usr/local/texlive/2026/texmf-dist/tex/generic/pgf/frontendlayer/tikz/librarie
s/tikzlibrarybackgrounds.code.tex)
(/usr/local/texlive/2026/texmf-dist/tex/generic/pgf/frontendlayer/tikz/librarie
s/tikzlibraryshadows.code.tex
(/usr/local/texlive/2026/texmf-dist/tex/generic/pgf/frontendlayer/tikz/librarie
s/tikzlibraryfadings.code.tex
(/usr/local/texlive/2026/texmf-dist/tex/generic/pgf/libraries/pgflibraryfadings
.code.tex)))
(/usr/local/texlive/2026/texmf-dist/tex/latex/stmaryrd/stmaryrd.sty)
(/usr/local/texlive/2026/texmf-dist/tex/latex/placeins/placeins.sty)
(/usr/local/texlive/2026/texmf-dist/tex/latex/cancel/cancel.sty)
(/usr/local/texlive/2026/texmf-dist/tex/latex/tools/tabularx.sty)
(/usr/local/texlive/2026/texmf-dist/tex/latex/mathtools/mathtools.sty
(/usr/local/texlive/2026/texmf-dist/tex/latex/mathtools/mhsetup.sty)
(/usr/local/texlive/2026/texmf-dist/tex/latex/amsmath/amsmath.sty
For additional information on amsmath, use the `?' option.
(/usr/local/texlive/2026/texmf-dist/tex/latex/amsmath/amstext.sty
(/usr/local/texlive/2026/texmf-dist/tex/latex/amsmath/amsgen.sty))
(/usr/local/texlive/2026/texmf-dist/tex/latex/amsmath/amsbsy.sty)
(/usr/local/texlive/2026/texmf-dist/tex/latex/amsmath/amsopn.sty)))
(/usr/local/texlive/2026/texmf-dist/tex/latex/fancybox/fancybox.sty
Style option: `fancybox' v1.4 <2010/05/15> (tvz)
) (/usr/local/texlive/2026/texmf-dist/tex/latex/colortbl/colortbl.sty)
(/usr/local/texlive/2026/texmf-dist/tex/latex/amsfonts/amssymb.sty
(/usr/local/texlive/2026/texmf-dist/tex/latex/amsfonts/amsfonts.sty))
(/usr/local/texlive/2026/texmf-dist/tex/latex/setspace/setspace.sty)
(/usr/local/texlive/2026/texmf-dist/tex/latex/float/float.sty)
(/usr/local/texlive/2026/texmf-dist/tex/latex/base/inputenc.sty)
(/usr/local/texlive/2026/texmf-dist/tex/generic/babel/babel.sty
(/usr/local/texlive/2026/texmf-dist/tex/generic/babel/txtbabel.def)
(/usr/local/texlive/2026/texmf-dist/tex/generic/babel/locale/en/babel-english.t
ex) (/usr/local/texlive/2026/texmf-dist/tex/generic/babel-english/english.ldf))
 (/usr/local/texlive/2026/texmf-dist/tex/latex/mwe/mwe.sty
(/usr/local/texlive/2026/texmf-dist/tex/latex/lipsum/lipsum.sty
(/usr/local/texlive/2026/texmf-dist/tex/latex/l3packages/l3keys2e/l3keys2e.sty)
(/usr/local/texlive/2026/texmf-dist/tex/latex/lipsum/lipsum.ltd.tex))
(/usr/local/texlive/2026/texmf-dist/tex/latex/blindtext/blindtext.sty
(/usr/local/texlive/2026/texmf-dist/tex/latex/tools/xspace.sty)))
(/usr/local/texlive/2026/texmf-dist/tex/latex/adjustbox/adjustbox.sty
(/usr/local/texlive/2026/texmf-dist/tex/latex/xkeyval/xkeyval.sty
(/usr/local/texlive/2026/texmf-dist/tex/generic/xkeyval/xkeyval.tex
(/usr/local/texlive/2026/texmf-dist/tex/generic/xkeyval/xkvutils.tex)))
(/usr/local/texlive/2026/texmf-dist/tex/latex/adjustbox/adjcalc.sty)
(/usr/local/texlive/2026/texmf-dist/tex/latex/adjustbox/trimclip.sty
(/usr/local/texlive/2026/texmf-dist/tex/latex/collectbox/collectbox.sty)
(/usr/local/texlive/2026/texmf-dist/tex/latex/adjustbox/tc-pdftex.def))
(/usr/local/texlive/2026/texmf-dist/tex/latex/ifoddpage/ifoddpage.sty)
(/usr/local/texlive/2026/texmf-dist/tex/latex/varwidth/varwidth.sty)
==> First Aid for varwidth.sty applied!
) (/usr/local/texlive/2026/texmf-dist/tex/latex/multirow/multirow.sty)
(/usr/local/texlive/2026/texmf-dist/tex/latex/makecell/makecell.sty)
(./annotate_eqs.sty

LaTeX Warning: You have requested package `annotate_eqs',
               but the package provides `annotate-equations'.

(/usr/local/texlive/2026/texmf-dist/tex/generic/iftex/ifluatex.sty)
(/usr/local/texlive/2026/texmf-dist/tex/latex/tikzmark/tikzlibrarytikzmark.code
.tex)
(/usr/local/texlive/2026/texmf-dist/tex/generic/pgf/frontendlayer/tikz/librarie
s/tikzlibrarybabel.code.tex))
(/usr/local/texlive/2026/texmf-dist/tex/generic/pgf/frontendlayer/tikz/librarie
s/tikzlibraryfit.code.tex)
(/usr/local/texlive/2026/texmf-dist/tex/latex/epigraph/epigraph.sty
(/usr/local/texlive/2026/texmf-dist/tex/latex/nextpage/nextpage.sty))
(/usr/local/texlive/2026/texmf-dist/tex/latex/thmbox/thmbox.sty)
(/usr/local/texlive/2026/texmf-dist/tex/latex/tcolorbox/tcbtheorems.code.tex
Library (tcolorbox): 'tcbtheorems.code.tex' version '6.9.0'
) (/usr/local/texlive/2026/texmf-dist/tex/latex/tcolorbox/tcbskins.code.tex
Library (tcolorbox): 'tcbskins.code.tex' version '6.9.0'
(/usr/local/texlive/2026/texmf-dist/tex/latex/tikzfill/tikzfill.image.sty
(/usr/local/texlive/2026/texmf-dist/tex/latex/tikzfill/tikzfill-common.sty)
(/usr/local/texlive/2026/texmf-dist/tex/latex/tikzfill/tikzlibraryfill.image.co
de.tex))
(/usr/local/texlive/2026/texmf-dist/tex/latex/tcolorbox/tcbskinsjigsaw.code.tex
Library (tcolorbox): 'tcbskinsjigsaw.code.tex' version '6.9.0'
))
(/usr/local/texlive/2026/texmf-dist/tex/latex/tcolorbox/tcbbreakable.code.tex
Library (tcolorbox): 'tcbbreakable.code.tex' version '6.9.0'
(/usr/local/texlive/2026/texmf-dist/tex/latex/pdfcol/pdfcol.sty))
(/usr/local/texlive/2026/texmf-dist/tex/latex/algorithms/algorithm.sty)
(/usr/local/texlive/2026/texmf-dist/tex/latex/algorithmicx/algpseudocode.sty
(/usr/local/texlive/2026/texmf-dist/tex/latex/algorithmicx/algorithmicx.sty
Document Style algorithmicx 1.2 - a greatly improved `algorithmic' style
)
Document Style - pseudocode environments for use with the `algorithmicx' style
) (/usr/local/texlive/2026/texmf-dist/tex/latex/cleveref/cleveref.sty)
==> First Aid for cleveref.sty applied!
(/usr/local/texlive/2026/texmf-dist/tex/latex/mdframed/mdframed.sty
(/usr/local/texlive/2026/texmf-dist/tex/latex/zref/zref-abspage.sty
(/usr/local/texlive/2026/texmf-dist/tex/latex/zref/zref-base.sty
(/usr/local/texlive/2026/texmf-dist/tex/generic/etexcmds/etexcmds.sty)
(/usr/local/texlive/2026/texmf-dist/tex/latex/auxhook/auxhook.sty)))
(/usr/local/texlive/2026/texmf-dist/tex/latex/needspace/needspace.sty)
(/usr/local/texlive/2026/texmf-dist/tex/latex/mdframed/md-frame-1.mdf))
(./math_commands.tex (/usr/local/texlive/2026/texmf-dist/tex/latex/tools/bm.sty
) (/usr/local/texlive/2026/texmf-dist/tex/latex/enumitem/enumitem.sty)
(/usr/local/texlive/2026/texmf-dist/tex/generic/soul/soul.sty
(/usr/local/texlive/2026/texmf-dist/tex/generic/soul/soul-ori.sty)))
(./theorems.tex
(/usr/local/texlive/2026/texmf-dist/tex/latex/tcolorbox/tcbhooks.code.tex
Library (tcolorbox): 'tcbhooks.code.tex' version '6.9.0'
)) (./scaffolding.tex)
(/usr/local/texlive/2026/texmf-dist/tex/latex/psnfss/pifont.sty
(/usr/local/texlive/2026/texmf-dist/tex/latex/psnfss/upzd.fd)
(/usr/local/texlive/2026/texmf-dist/tex/latex/psnfss/upsy.fd))
(/usr/local/texlive/2026/texmf-dist/tex/latex/pstricks/pstricks.sty
(/usr/local/texlive/2026/texmf-dist/tex/generic/xkeyval/pst-xkey.tex)
(/usr/local/texlive/2026/texmf-dist/tex/generic/pstricks/pstricks.tex
(/usr/local/texlive/2026/texmf-dist/tex/generic/pstricks/pst-fp.tex
`pst-fp' v0.06, 2020/11/20 (hv))
`PSTricks' v3.22A  <2025/12/13> (tvz,hv)
--- We are running latex or xelatex ---
(/usr/local/texlive/2026/texmf-dist/tex/generic/pstricks/pstricks.con)
(/usr/local/texlive/2026/texmf-dist/tex/generic/pstricks/pstricks-color.tex)
(/usr/local/texlive/2026/texmf-dist/tex/generic/pstricks/pstricks-arrows.tex)
(/usr/local/texlive/2026/texmf-dist/tex/generic/pstricks/pstricks-dots.tex)
(/usr/local/texlive/2026/texmf-dist/tex/generic/pstricks/pst-code-grid.tex)
(/usr/local/texlive/2026/texmf-dist/tex/generic/pstricks/pst-code-box.tex)
(/usr/local/texlive/2026/texmf-dist/tex/generic/pstricks/pst-code-arc.tex)
(/usr/local/texlive/2026/texmf-dist/tex/generic/pstricks/pst-code-circle_ellips
e.tex)
(/usr/local/texlive/2026/texmf-dist/tex/generic/pstricks/pst-code-ref_rot.tex)
(/usr/local/texlive/2026/texmf-dist/tex/generic/pstricks/pst-code-put.tex)
(/usr/local/texlive/2026/texmf-dist/tex/generic/pstricks/pst-code-pspicture.tex
) (/usr/local/texlive/2026/texmf-dist/tex/generic/pstricks/pstricks.con))
(/usr/local/texlive/2026/texmf-dist/tex/generic/pstricks/pst-fp.tex
`pst-fp' v0.06, 2020/11/20 (hv)))
(/usr/local/texlive/2026/texmf-dist/tex/latex/pstricks-add/pstricks-add.sty
(/usr/local/texlive/2026/texmf-dist/tex/latex/pst-plot/pst-plot.sty
(/usr/local/texlive/2026/texmf-dist/tex/latex/xkeyval/pst-xkey.sty)
(/usr/local/texlive/2026/texmf-dist/tex/latex/multido/multido.sty
(/usr/local/texlive/2026/texmf-dist/tex/generic/multido/multido.tex
 v1.42, 2010/05/14 <tvz>))
(/usr/local/texlive/2026/texmf-dist/tex/generic/pst-plot/pst-plot.tex
(/usr/local/texlive/2026/texmf-dist/tex/generic/pst-tools/pst-tools.tex
`PST-tools' v0.12, 2021/09/23 (hv))
(/usr/local/texlive/2026/texmf-dist/tex/generic/pstricks-add/pstricks-add.tex
(/usr/local/texlive/2026/texmf-dist/tex/generic/pst-node/pst-node.tex
 v1.45, 2024/07/10)
(/usr/local/texlive/2026/texmf-dist/tex/generic/pst-arrow/pst-arrow.tex
`pst-arrow' v0.05, 2021/11/16 (dr,hv))
(/usr/local/texlive/2026/texmf-dist/tex/generic/pst-3d/pst-3d.tex
`PST-3d' v1.11, 2010/02/14 (tvz))
(/usr/local/texlive/2026/texmf-dist/tex/generic/pst-math/pst-math.tex
`pst-math' v0.67 , (CJ,hv)) `pstricks-add' v3.94, 2023/04/17 (dr,hv))
 v1.94, 2022/11/21 (tvz,hv)))
(/usr/local/texlive/2026/texmf-dist/tex/latex/pst-node/pst-node.sty
(/usr/local/texlive/2026/texmf-dist/tex/generic/pst-node/pst-node.tex))
(/usr/local/texlive/2026/texmf-dist/tex/latex/pst-3d/pst-3d.sty
(/usr/local/texlive/2026/texmf-dist/tex/generic/pst-3d/pst-3d.tex))
(/usr/local/texlive/2026/texmf-dist/tex/latex/pst-math/pst-math.sty
(/usr/local/texlive/2026/texmf-dist/tex/latex/pst-calculate/pst-calculate.sty
(/usr/local/texlive/2026/texmf-dist/tex/latex/siunitx/siunitx.sty
(/usr/local/texlive/2026/texmf-dist/tex/latex/translations/translations.sty)))
(/usr/local/texlive/2026/texmf-dist/tex/generic/xstring/xstring.sty
(/usr/local/texlive/2026/texmf-dist/tex/generic/xstring/xstring.tex))
(/usr/local/texlive/2026/texmf-dist/tex/generic/pst-math/pst-math.tex))
(/usr/local/texlive/2026/texmf-dist/tex/generic/pstricks-add/pstricks-add.tex))
 (/usr/local/texlive/2026/texmf-dist/tex/latex/cjk-ko/kotex.sty
(/usr/local/texlive/2026/texmf-dist/tex/latex/kotex-utf/kotex.cfg)
(/usr/local/texlive/2026/texmf-dist/tex/latex/kotex-utf/kotexutf.sty
(/usr/local/texlive/2026/texmf-dist/tex/plain/kotex-plain/kotexutf-core.tex)
(/usr/local/texlive/2026/texmf-dist/tex/latex/kotex-utf/lucenc.dfu)
(/usr/local/texlive/2026/texmf-dist/tex/latex/cjk-ko/kolabels-utf.sty)))
First name missing
First name missing
First name missing
First name missing
First name missing

Package biblatex Warning: Load 'inputenc' before biblatex.


Package csquotes Warning: Load 'inputenc' before 'csquotes' on input line 423.

(build/main_v2.aux)
(/usr/local/texlive/2026/texmf-dist/tex/latex/nanumtype1/lucnanummj.fd)
(/usr/local/texlive/2026/texmf-dist/tex/context/base/mkii/supp-pdf.mkii
[Loading MPS to PDF converter (version 2006.09.02).]
) (/usr/local/texlive/2026/texmf-dist/tex/latex/epstopdf-pkg/epstopdf-base.sty
(/usr/local/texlive/2026/texmf-dist/tex/latex/latexconfig/epstopdf-sys.cfg))
(/usr/local/texlive/2026/texmf-dist/tex/latex/pdflscape/pdflscape.sty
(/usr/local/texlive/2026/texmf-dist/tex/latex/pdflscape/pdflscape-nometadata.st
y (/usr/local/texlive/2026/texmf-dist/tex/latex/graphics/lscape.sty)))

Package microtype Warning: Command \pickup@font is not defined as expected.
(microtype)                Patching it anyway. Some things may break.
(microtype)                Double-check whether micro-typography is indeed
(microtype)                applied to the document.
(microtype)                (Hint: Turn on `verbose' mode).

(/usr/local/texlive/2026/texmf-dist/tex/latex/microtype/mt-cmr.cfg)
(/usr/local/texlive/2026/texmf-dist/tex/latex/biblatex/lbx/english.lbx)
(build/main_v2.bbl)
*geometry* driver: auto-detecting
*geometry* detected driver: pdftex

(/usr/local/texlive/2026/texmf-dist/tex/latex/translations/translations-basic-d
ictionary-english.trsl)
(/usr/local/texlive/2026/texmf-dist/tex/latex/lm/t1lmss.fd)
(/usr/local/texlive/2026/texmf-dist/tex/latex/lm/ot1lmr.fd)
(/usr/local/texlive/2026/texmf-dist/tex/latex/lm/omllmm.fd)
(/usr/local/texlive/2026/texmf-dist/tex/latex/lm/omslmsy.fd)
(/usr/local/texlive/2026/texmf-dist/tex/latex/lm/omxlmex.fd)
(/usr/local/texlive/2026/texmf-dist/tex/latex/jknapltx/ursfs.fd)
(/usr/local/texlive/2026/texmf-dist/tex/latex/stmaryrd/Ustmry.fd)
(/usr/local/texlive/2026/texmf-dist/tex/latex/amsfonts/umsa.fd)
(/usr/local/texlive/2026/texmf-dist/tex/latex/microtype/mt-msa.cfg)
(/usr/local/texlive/2026/texmf-dist/tex/latex/amsfonts/umsb.fd)
(/usr/local/texlive/2026/texmf-dist/tex/latex/microtype/mt-msb.cfg)

LaTeX Font Warning: Font shape `U/stmry/b/n' undefined
(Font)              using `U/stmry/m/n' instead on input line 423.


LaTeX Font Warning: Font shape `U/rsfs/m/n' in size <13> not available
(Font)              size <12> substituted on input line 423.


LaTeX Font Warning: Font shape `U/rsfs/m/n' in size <6.5> not available
(Font)              size <6> substituted on input line 423.


LaTeX Font Warning: Font shape `U/stmry/m/n' in size <13> not available
(Font)              size <12> substituted on input line 423.


LaTeX Font Warning: Font shape `U/stmry/m/n' in size <6.5> not available
(Font)              size <6> substituted on input line 423.


LaTeX Font Warning: Font shape `U/stmry/b/n' in size <13> not available
(Font)              size <12> substituted on input line 423.


LaTeX Font Warning: Font shape `U/stmry/b/n' in size <6.5> not available
(Font)              size <6> substituted on input line 423.

[1
Non-PDF special ignored!
<special> header=pstricks.pro
Non-PDF special ignored!
<special> header=pst-algparser.pro
Non-PDF special ignored!
<special> header=pst-tools.pro
Non-PDF special ignored!
<special> header=pst-dots.pro
Non-PDF special ignored!
<special> header=pst-node.pro
Non-PDF special ignored!
<special> header=pst-3d.pro
Non-PDF special ignored!
<special> header=pst-math.pro
Non-PDF special ignored!
<special> header=pstricks-add.pro
Non-PDF special ignored!
<special> ps: /pssetRGBcolor /setrgbcolor load def /pssetCMYKcolor /setcmyk...
Non-PDF special ignored!
<special> ps:tx@Dict begin  gsave STV CP T /ps@rot 0 def grestore  end
Non-PDF special ignored!
<special> ps:tx@Dict begin  gsave STV CP T /ps@refangle 0.  def grestore  e...
Non-PDF special ignored!
<special> ps:tx@Dict begin  gsave STV CP T /ps@rot 0 def grestore  end
{/usr/local/texlive/2026/texmf-var/fonts/map/pdftex/updmap/pdftex.map}{/usr/loc
al/texlive/2026/texmf-dist/fonts/enc/dvips/lm/lm-ec.enc}] (build/main_v2.toc
[2] [3] (/usr/local/texlive/2026/texmf-dist/tex/latex/lm/t1lmtt.fd) [4])
[5] (./fnfix.tex) (/usr/local/texlive/2026/texmf-dist/tex/latex/lm/ts1lmr.fd)
[1{/usr/local/texlive/2026/texmf-dist/fonts/enc/dvips/lm/lm-ts1.enc}] [2]
(./Preface.tex [3] [4] [5] [6 <./Images/PartA/diffusion_forward_vs_reverse.pdf>
] [7] [8{/usr/local/texlive/2026/texmf-dist/fonts/enc/dvips/lm/lm-mathsy.enc}]
[9] [10]) (./notations.tex [11]
Underfull \vbox (badness 10000) has occurred while \output is active [12{/usr/l
ocal/texlive/2026/texmf-dist/fonts/enc/dvips/lm/lm-mathit.enc}{/usr/local/texli
ve/2026/texmf-dist/fonts/enc/dvips/lm/lm-rm.enc}]
Overfull \hbox (23.66492pt too wide) in paragraph at lines 86--86
[]$\U/msb/m/n/10.95 E[]\OT1/lmr/bx/n/10.95 (-20) f\OT1/lmr/m/n/10.95 (-20) (\OT
1/lmr/bx/n/10.95 (-20) x\OT1/lmr/m/n/10.95 (-20) ) \OMS/lmsy/m/n/10.95 j \OT1/l
mr/bx/n/10.95 (-20) z[]$\T1/lmr/m/n/10.95 (-20) ,  

Overfull \hbox (42.28333pt too wide) in paragraph at lines 86--86
\U/msb/m/n/10.95 E[][]\OT1/lmr/bx/n/10.95 (-20) f\OT1/lmr/m/n/10.95 (-20) (\OT1
/lmr/bx/n/10.95 (-20) x\OT1/lmr/m/n/10.95 (-20) )[]$  

Underfull \vbox (badness 1603) has occurred while \output is active [13{/usr/lo
cal/texlive/2026/texmf-dist/fonts/enc/dvips/lm/lm-mathex.enc}]) [14] [15]
(./Prologue-Deep-Generative-Modeling.tex
Chapter 1.
[16] [17] [18 <./Images/PartB/dgm-learning.pdf>] [19]
Overfull \hbox (1.45654pt too wide) in paragraph at lines 385--394
\T1/lmr/m/n/10.95 (-20) It mea-sures the dis-crep-ancy be-tween the \T1/lmr/m/i
t/10.95 (-20) score func-tions $\OMS/lmsy/m/n/10.95 r[] [] \OML/lmm/m/it/10.95 
p\OT1/lmr/m/n/10.95 (-20) (\OT1/lmr/bx/n/10.95 (-20) x\OT1/lmr/m/n/10.95 (-20) 
)$ \T1/lmr/m/n/10.95 (-20) and $\OMS/lmsy/m/n/10.95 r[] [] \OML/lmm/m/it/10.95 
q\OT1/lmr/m/n/10.95 (-20) (\OT1/lmr/bx/n/10.95 (-20) x\OT1/lmr/m/n/10.95 (-20) 
)$\T1/lmr/m/n/10.95 (-20) ,
[20] [21] [22]

LaTeX Warning: Float too large for page by 23.41594pt on input line 681.

[23] [24] [25] [26] [27]) [28] [29] [30] (./Part-B-diagram.tex)
(./Chapter-0-Diffusion-High-Level.tex [31] [32] [33 <./Images/PartA/intro_forwa
rd.pdf>] [34] [35 <./Images/PartA/intro-diffusion-reverse.pdf>])
(./Chapter-1-Varational-Perspective-From-VAE-to-DDPM.tex [36]
Chapter 2.

Underfull \vbox (badness 1874) has occurred while \output is active [37]
[38] [39]
Underfull \vbox (badness 6477) has occurred while \output is active [40]
[41] [42] [43] [44] [45] [46] [47] [48] [49] [50 <./Images/PartB/vdm-forward.pd
f>] [51 <./Images/PartB/vdm-backward.pdf>] [52 <./Images/PartB/ddpm_conditional
_trick.pdf>]
Underfull \vbox (badness 10000) has occurred while \output is active [53]
[54] [55] [56] [57] [58] [59] [60 <./Images/PartB/diffusion-clean.pdf>]
[61]) (./Chapter-2-Score-Based-Perspective-From-EBMs-to-NCSN.tex [62]
Chapter 3.

Underfull \vbox (badness 4886) has occurred while \output is active [63]
[64] [65 <./Images/PartB/ebm-graph.pdf>] [66] [67 <./Images/PartB/score_functio
n_plot.pdf>] [68 <./Images/PartB/langevin_sampling.png>] [69] [70]

Package mdframed Warning: You got a bad break
(mdframed)                because the last box will be empty
(mdframed)                you have to change it manually
(mdframed)                by changing the text, the space
(mdframed)                or something else on input line 501.


Overfull \vbox (16.57092pt too high) detected at line 501

Overfull \vbox (17.57092pt too high) detected at line 501

Overfull \vbox (18.57092pt too high) detected at line 501

Overfull \vbox (19.57092pt too high) detected at line 501

Overfull \vbox (20.57092pt too high) detected at line 501

Overfull \vbox (21.57092pt too high) detected at line 501

Overfull \vbox (22.57092pt too high) detected at line 501

Overfull \vbox (23.57092pt too high) detected at line 501

Overfull \vbox (24.57092pt too high) detected at line 501

Overfull \vbox (25.57092pt too high) detected at line 501

Overfull \vbox (26.57092pt too high) detected at line 501

Overfull \vbox (27.57092pt too high) detected at line 501

Overfull \vbox (28.57092pt too high) detected at line 501

Overfull \vbox (29.57092pt too high) detected at line 501

Overfull \vbox (30.57092pt too high) detected at line 501

Overfull \vbox (31.57092pt too high) detected at line 501

Overfull \vbox (32.57092pt too high) detected at line 501

Overfull \vbox (33.57092pt too high) detected at line 501

Overfull \vbox (34.57092pt too high) detected at line 501

Overfull \vbox (35.57092pt too high) detected at line 501

Overfull \vbox (36.57092pt too high) detected at line 501

Overfull \vbox (37.57092pt too high) detected at line 501

Overfull \vbox (38.57092pt too high) detected at line 501

Overfull \vbox (39.57092pt too high) detected at line 501

Overfull \vbox (40.57092pt too high) detected at line 501

Overfull \vbox (41.57092pt too high) detected at line 501

Overfull \vbox (42.57092pt too high) detected at line 501

Overfull \vbox (43.57092pt too high) detected at line 501

Overfull \vbox (44.57092pt too high) detected at line 501

Overfull \vbox (45.57092pt too high) detected at line 501

Overfull \vbox (46.57092pt too high) detected at line 501

Overfull \vbox (47.57092pt too high) detected at line 501

Overfull \vbox (48.57092pt too high) detected at line 501

Overfull \vbox (49.57092pt too high) detected at line 501

Overfull \vbox (50.57092pt too high) detected at line 501

Overfull \vbox (51.57092pt too high) detected at line 501

Overfull \vbox (52.57092pt too high) detected at line 501

Overfull \vbox (53.57092pt too high) detected at line 501

Overfull \vbox (54.57092pt too high) detected at line 501

Overfull \vbox (55.57092pt too high) detected at line 501

Overfull \vbox (56.57092pt too high) detected at line 501

Overfull \vbox (57.57092pt too high) detected at line 501

Overfull \vbox (58.57092pt too high) detected at line 501

Overfull \vbox (59.57092pt too high) detected at line 501

Overfull \vbox (60.57092pt too high) detected at line 501

Overfull \vbox (61.57092pt too high) detected at line 501

Overfull \vbox (62.57092pt too high) detected at line 501

Overfull \vbox (63.57092pt too high) detected at line 501

Overfull \vbox (64.57092pt too high) detected at line 501

Overfull \vbox (65.57092pt too high) detected at line 501

Overfull \vbox (66.57092pt too high) detected at line 501

Overfull \vbox (67.57092pt too high) detected at line 501

Overfull \vbox (68.57092pt too high) detected at line 501

Overfull \vbox (69.57092pt too high) detected at line 501

Overfull \vbox (70.57092pt too high) detected at line 501

Overfull \vbox (71.57092pt too high) detected at line 501

Overfull \vbox (72.57092pt too high) detected at line 501

Overfull \vbox (73.57092pt too high) detected at line 501

Overfull \vbox (74.57092pt too high) detected at line 501

Overfull \vbox (75.57092pt too high) detected at line 501

Overfull \vbox (76.57092pt too high) detected at line 501

Overfull \vbox (77.57092pt too high) detected at line 501

Overfull \vbox (78.57092pt too high) detected at line 501

Overfull \vbox (79.57092pt too high) detected at line 501

Overfull \vbox (80.57092pt too high) detected at line 501

Overfull \vbox (81.57092pt too high) detected at line 501

Overfull \vbox (82.57092pt too high) detected at line 501

Overfull \vbox (83.57092pt too high) detected at line 501

Overfull \vbox (84.57092pt too high) detected at line 501

Overfull \vbox (85.57092pt too high) detected at line 501

Overfull \vbox (86.57092pt too high) detected at line 501

Overfull \vbox (87.57092pt too high) detected at line 501

Overfull \vbox (88.57092pt too high) detected at line 501

Overfull \vbox (89.57092pt too high) detected at line 501

Overfull \vbox (90.57092pt too high) detected at line 501

Overfull \vbox (91.57092pt too high) detected at line 501

Overfull \vbox (92.57092pt too high) detected at line 501

Overfull \vbox (93.57092pt too high) detected at line 501

Overfull \vbox (94.57092pt too high) detected at line 501

Overfull \vbox (95.57092pt too high) detected at line 501

Overfull \vbox (96.57092pt too high) detected at line 501

Overfull \vbox (97.57092pt too high) detected at line 501

Overfull \vbox (98.57092pt too high) detected at line 501

Overfull \vbox (99.57092pt too high) detected at line 501

Overfull \vbox (100.57092pt too high) detected at line 501

Overfull \vbox (101.57092pt too high) detected at line 501

Overfull \vbox (102.57092pt too high) detected at line 501

Overfull \vbox (103.57092pt too high) detected at line 501

Overfull \vbox (104.57092pt too high) detected at line 501

Overfull \vbox (105.57092pt too high) detected at line 501

Overfull \vbox (106.57092pt too high) detected at line 501

Overfull \vbox (107.57092pt too high) detected at line 501

Overfull \vbox (108.57092pt too high) detected at line 501

Overfull \vbox (109.57092pt too high) detected at line 501

Overfull \vbox (110.57092pt too high) detected at line 501

Overfull \vbox (111.57092pt too high) detected at line 501

Overfull \vbox (112.57092pt too high) detected at line 501

Overfull \vbox (113.57092pt too high) detected at line 501

Overfull \vbox (114.57092pt too high) detected at line 501

Overfull \vbox (115.57092pt too high) detected at line 501

Overfull \vbox (116.57092pt too high) detected at line 501

Overfull \vbox (117.57092pt too high) detected at line 501

Package mdframed Warning: correct box splittet fails
 It seems you are using a non splittable contents
(mdframed)                 on input line 501.

[71 <./Images/PartB/score_function_approximation.pdf>] [72] [73] [74] [75]
[76] [77] [78 <./Images/PartB/dsm-graph.pdf>] [79] [80] [81]
Overfull \hbox (13.39633pt too wide) in paragraph at lines 935--936
[] []\T1/lmss/bx/n/10.95 (-20) Link to Tweedie's For-mula and Bayes Op-ti-mal-i
ty.[] \T1/lmr/m/n/10.95 (-20) Let $\OML/lmm/m/it/10.95 p[]\OT1/lmr/m/n/10.95 (-
20) ([]) = []\OML/lmm/m/it/10.95 p[] \OMS/lmsy/m/n/10.95 ^^C N\OT1/lmr/m/n/10.9
5 (-20) (\OT1/lmr/bx/n/10.95 (-20) 0\OML/lmm/m/it/10.95 ; ^^[[]\OT1/lmr/bx/n/10
.95 (-20) I\OT1/lmr/m/n/10.95 (-20) )[]([])$

Overfull \hbox (12.46419pt too wide) in paragraph at lines 943--947
\T1/lmr/m/n/10.95 (-20) Hence min-i-miz-ing the ex-pected SURE equals min-i-miz
-ing the Bayes risk $\U/msb/m/n/10.95 E[][]\OMS/lmsy/m/n/10.95 k\OT1/lmr/bx/n/1
0.95 (-20) D\OT1/lmr/m/n/10.95 (-20) ([]) \OMS/lmsy/m/n/10.95 ^^@
[82] [83] [84] [85] [86 <./Images/PartB/score_function_acc.pdf>] [87 <./Images/
PartB/ncsn-graph.pdf>] [88] [89] [90] [91])
(./Chapter-3-Diffusion-Models-Today-Score-SDE-Framework.tex [92]
Chapter 4.
[93] [94] [95 <./Images/PartB/score_landscape_2d.pdf>] [96] [97 <./Images/PartB
/sde-forward-noise.pdf>]
Overfull \hbox (11.15501pt too wide) in paragraph at lines 300--302
[]\T1/lmr/m/n/10.95 (-20) With this for-mu-la-tion, ear-lier meth-ods based on 
dis-crete time, such as NCSN ([]Song
[98 <./Images/PartB/forward_sde_ode_trajectories.pdf>] [99] [100 <./Images/Part
B/reverse_sde_and_ode_trajectories.pdf>] [101] [102] [103] [104]
Underfull \vbox (badness 10000) has occurred while \output is active [105]

LaTeX Warning: Text page 106 contains only floats.


Overfull \vbox (3.91937pt too high) has occurred while \output is active
[106 <./Images/PartB/score_sde_three_dynamics.pdf>]
Underfull \vbox (badness 10000) has occurred while \output is active [107]
[108] [109] [110] [111] [112] [113 <./Images/PartB/denoising_score_matching.pdf
>] [114] [115 <./Images/PartB/sde_ode_trajectories.pdf>] [116] [117] [118]
[119] [120] [121] [122 <./Images/PartB/vdm-sde.pdf>]
Underfull \vbox (badness 10000) has occurred while \output is active [123]
[124] [125] [126] [127]

Package hyperref Warning: Token not allowed in a PDF string (Unicode):
(hyperref)                removing `\\' on input line 1692.

[128]

Package fancyhdr Warning: \headheight is too small (14.4pt): 
(fancyhdr)                Make it at least 26.78468pt, for example:
(fancyhdr)                \setlength{\headheight}{26.78468pt}.
(fancyhdr)                You might also make \topmargin smaller:
(fancyhdr)                \addtolength{\topmargin}{-12.38469pt}.

[129]
Overfull \hbox (0.69289pt too wide) in paragraph at lines 1814--1815
[] []\T1/lmss/bx/n/10.95 (-20) Sub-sti-tut-ing into the Re-verse Tran-si-tion.[
] \T1/lmr/m/n/10.95 (-20) Sub-sti-tut-ing equa-tions Equa-tion ([][]4.1.2[][])
[130]
Overfull \hbox (1.01869pt too wide) in paragraph at lines 1846--1848
\T1/lmr/m/n/10.95 (-20) The ad-di-tional term $\OMS/lmsy/m/n/10.95 k\OML/lmm/m/
it/10.95 g[]\OT1/lmr/m/n/10.95 (-20) (\OML/lmm/m/it/10.95 t\OT1/lmr/m/n/10.95 (
-20) )^^A\OML/lmm/m/it/10.95 t\OMS/lmsy/m/n/10.95 r[] [] \OML/lmm/m/it/10.95 p[
]\OT1/lmr/m/n/10.95 (-20) (\OT1/lmr/bx/n/10.95 (-20) x[]\OT1/lmr/m/n/10.95 (-20
) )\OMS/lmsy/m/n/10.95 k[]$ \T1/lmr/m/n/10.95 (-20) from com-plet-ing the squar
e is $\OMS/lmsy/m/n/10.95 O\OT1/lmr/m/n/10.95 (-20) ((^^A\OML/lmm/m/it/10.95 t\
OT1/lmr/m/n/10.95 (-20) )[])$

Package fancyhdr Warning: \headheight is too small (14.4pt): 
(fancyhdr)                Make it at least 26.78468pt, for example:
(fancyhdr)                \setlength{\headheight}{26.78468pt}.
(fancyhdr)                You might also make \topmargin smaller:
(fancyhdr)                \addtolength{\topmargin}{-12.38469pt}.

[131]) (./Chapter-4-Flow-Based-Perspective-From-NFs-to-Flow-Matching.tex
[132]
Chapter 5.
[133] [134] [135]
Underfull \vbox (badness 10000) has occurred while \output is active [136 <./Im
ages/PartB/flow_density.pdf>] [137] [138] [139 <./Images/PartB/discrete_vs_cont
inuous_side_by_side_white.pdf>] [140 <./Images/PartB/cov_2d_layers.pdf>]
[141] [142] [143] [144] [145 <./Images/PartB/data_vs_prior_cone_with_oval.pdf>]
[146] [147 <./Images/PartB/four_panel_simple.pdf>] [148] [149] [150]
Underfull \vbox (badness 1092) has occurred while \output is active [151 <./Ima
ges/PartB/flow_matching_conditional.pdf>]
Underfull \vbox (badness 10000) has occurred while \output is active [152]
[153] [154] [155] [156] [157]
Underfull \vbox (badness 3525) has occurred while \output is active [158]
[159] [160 <./Images/PartB/triptych_gray_cones_final.pdf>] [161] [162]
Underfull \vbox (badness 1168) has occurred while \output is active [163]
[164]
Overfull \hbox (4.95784pt too wide) in paragraph at lines 1793--1794
[] [] \T1/lmss/bx/n/10.95 (-20) Two-Sided Con-di-tion-ing ($\OT1/lmr/bx/n/10.95
 (-20) z = (x[]\OML/lmm/b/it/10.95 ; \OT1/lmr/bx/n/10.95 (-20) x[])$\T1/lmss/bx
/n/10.95 (-20) ).[] \T1/lmr/m/n/10.95 (-20) The same tem-plate with $\OML/lmm/b
/it/10.95 ^^V[]\OT1/lmr/m/n/10.95 (-20) (\OT1/lmr/bx/n/10.95 (-20) x[]\OML/lmm/
m/it/10.95 ; \OT1/lmr/bx/n/10.95 (-20) x[]\OT1/lmr/m/n/10.95 (-20) ) =
[165]
Underfull \hbox (badness 4872) in paragraph at lines 1919--1921
[]|\T1/lmr/m/n/7 (+20) Convenient when $\OML/lmm/m/it/7 p[]\OT1/lmr/m/n/7 (+20)
 (\OMS/lmsy/m/n/7 ^^Aj\OT1/lmr/bx/n/7 (+20) z\OT1/lmr/m/n/7 (+20) )$ \T1/lmr/m/
n/7 (+20) is Gaus-sian /

Underfull \hbox (badness 10000) in paragraph at lines 1933--1939
[]|\T1/lmr/m/n/7 (+20) Given $\OT1/lmr/bx/n/7 (+20) 	[]\OT1/lmr/m/n/7 (+20) (\O
MS/lmsy/m/n/7 ^^Aj\OT1/lmr/bx/n/7 (+20) z\OT1/lmr/m/n/7 (+20) )$\T1/lmr/m/n/7 (
+20) , both $\OML/lmm/m/it/7 p[]\OT1/lmr/m/n/7 (+20) (\OMS/lmsy/m/n/7 ^^Aj\OT1/
lmr/bx/n/7 (+20) z\OT1/lmr/m/n/7 (+20) ) =

Underfull \hbox (badness 5331) in paragraph at lines 1933--1939
\OT1/lmr/m/n/7 (+20) (\OT1/lmr/bx/n/7 (+20) 	[]\OT1/lmr/m/n/7 (+20) (\OMS/lmsy/
m/n/7 ^^Aj\OT1/lmr/bx/n/7 (+20) z\OT1/lmr/m/n/7 (+20) ))[]\OML/lmm/m/it/7 p[]$ 
\T1/lmr/m/n/7 (+20) and the par-ti-cle tra-jec-

Underfull \hbox (badness 10000) in paragraph at lines 1989--1993
\T1/lmr/m/n/7 (+20) easy bound-ary con-trol; ac-com-mo-dates

Overfull \hbox (4.65683pt too wide) in paragraph at lines 1855--1997
 [][] 
[166] [167] [168] [169 <./Images/PartB/straightness_counterexample.pdf>]
pdfTeX warning (ext4): destination with the same identifier (name{ALG@line.1}) 
has been already used, duplicate ignored
<to be read again> 
                   \relax 
l.2203 \State
              \textbfs{Pre-Train Diffusion.} Fit $\rvv_{\bphi^\times}$ on th...

pdfTeX warning (ext4): destination with the same identifier (name{ALG@line.2}) 
has been already used, duplicate ignored
<to be read again> 
                   \relax 
l.2208 \State
              \textbfs{Rectify.} Sample $\rvz_0 \sim p_{\text{src}}$ and int...
[170] [171] [172] [173] [174 <./Images/PartB/rectified_flow_trained.pdf>]
[175]) (./Chapter-5-They-Are-All-Equivalent.tex [176]
Chapter 6.
[177] [178] [179] [180] [181] [182] [183] [184]
Overfull \hbox (7.82498pt too wide) in paragraph at lines 366--367
[]\T1/lmr/m/n/10.95 (-20) Prediction types of $[][]$ and their as-so-ci-ated re
-gres-sion tar-gets $[][]$; 
[185] [186] [187] [188] [189] [190] [191] [192] [193] [194] [195] [196]
[197] [198] [199] [200] [201] [202] [203] [204] [205] [206])
(./Chapter-4-plus-OT-and-Diffusion-Model.tex [207] [208]
Chapter 7.

Overfull \hbox (7.4983pt too wide) in paragraph at lines 13--24
\T1/lmr/m/n/10.95 (-20) trans-port, and Schrödinger bridges as for-mu-la-tions 
of the dis-tri-bu-tion^^Uto^^Udistribution

Underfull \vbox (badness 3138) has occurred while \output is active [209]
[210]
Underfull \vbox (badness 10000) detected at line 69
[211] [212] [213 <./Images/PartB/ot_2d_coupling_comparison.pdf>] [214] [215]
[216 <./Images/PartB/ot_illustration.pdf>] [217] [218] [219]
Overfull \hbox (13.29091pt too wide) detected at line 441
[]
[220 <./Images/PartB/sb_illustration.pdf>] [221] [222] [223] [224] [225 <./Imag
es/PartB/eot_epsilon_interpolation.pdf>] [226] [227] [228] [229] [230] [231]
[232] [233] [234] [235 <./Images/PartB/pfode_vs_ot_2d.pdf>] [236] [237]
[238]
Underfull \vbox (badness 10000) has occurred while \output is active [239]
[240] [241] [242] [243]) [244] (./Part-C-D-diagram.tex)
(./Chapter-6-Guidance.tex [245]
Chapter 8.

Underfull \vbox (badness 2503) has occurred while \output is active [246]
[247] [248 <./Images/PartC/guidance.pdf>] [249] [250] [251] [252] [253]
[254] [255 <./Images/PartB/classifier_guidance_v2.pdf>]
pdfTeX warning (ext4): destination with the same identifier (name{ALG@line.1}) 
has been already used, duplicate ignored
<to be read again> 
                   \relax 
l.613       \Repeat
                   
pdfTeX warning (ext4): destination with the same identifier (name{ALG@line.2}) 
has been already used, duplicate ignored
<to be read again> 
                   \relax 
l.614         \State
                     $\rvx \sim p_{\text{data}}(\rvx)$
pdfTeX warning (ext4): destination with the same identifier (name{ALG@line.3}) 
has been already used, duplicate ignored
<to be read again> 
                   \relax 
l.615         \State
                     $t \sim \mathcal{U}[0, T]$
pdfTeX warning (ext4): destination with the same identifier (name{ALG@line.4}) 
has been already used, duplicate ignored
<to be read again> 
                   \relax 
l.616         \State
                     $\bm{\epsilon} \sim \mathcal{N}(\mathbf{0}, \mathbf{I})$
pdfTeX warning (ext4): destination with the same identifier (name{ALG@line.5}) 
has been already used, duplicate ignored
<to be read again> 
                   \relax 
l.617         \State
                     $\rvx_t = \alpha_t \rvx + \sigma_t \bm{\epsilon}$
pdfTeX warning (ext4): destination with the same identifier (name{ALG@line.6}) 
has been already used, duplicate ignored
<to be read again> 
                   \relax 
l.618         \State
                     Take gradient step on:
pdfTeX warning (ext4): destination with the same identifier (name{ALG@line.7}) 
has been already used, duplicate ignored
<to be read again> 
                   \relax 
l.620       \Until
                  {converged}
Underfull \hbox (badness 4479) in paragraph at lines 631--632
[][]$\OML/lmm/m/it/10 p[]$\T1/lmr/m/n/10 (+20) : prob. of un-con-di-tional

pdfTeX warning (ext4): destination with the same identifier (name{ALG@line.1}) 
has been already used, duplicate ignored
<to be read again> 
                   \relax 
l.632       \Repeat
                   
pdfTeX warning (ext4): destination with the same identifier (name{ALG@line.2}) 
has been already used, duplicate ignored
<to be read again> 
                   \relax 
l.633         \State
                     \textcolor{orange}{$(\rvx, \rvc) \sim p_{\text{data}}(\...

pdfTeX warning (ext4): destination with the same identifier (name{ALG@line.3}) 
has been already used, duplicate ignored
<to be read again> 
                   \relax 
l.634         \State
                     \textcolor{orange}{$\rvc \gets \emptyset$ with prob. $p...

pdfTeX warning (ext4): destination with the same identifier (name{ALG@line.4}) 
has been already used, duplicate ignored
<to be read again> 
                   \relax 
l.635         \State
                     $t \sim \mathcal{U}[0, T]$
pdfTeX warning (ext4): destination with the same identifier (name{ALG@line.5}) 
has been already used, duplicate ignored
<to be read again> 
                   \relax 
l.636         \State
                     $\bm{\epsilon} \sim \mathcal{N}(\mathbf{0}, \mathbf{I})$
pdfTeX warning (ext4): destination with the same identifier (name{ALG@line.6}) 
has been already used, duplicate ignored
<to be read again> 
                   \relax 
l.637         \State
                     $\rvx_t = \alpha_t \rvx + \sigma_t \bm{\epsilon}$
pdfTeX warning (ext4): destination with the same identifier (name{ALG@line.7}) 
has been already used, duplicate ignored
<to be read again> 
                   \relax 
l.638         \State
                     Take gradient step on:
pdfTeX warning (ext4): destination with the same identifier (name{ALG@line.8}) 
has been already used, duplicate ignored
<to be read again> 
                   \relax 
l.640       \Until
                  {converged} [256] [257] [258] [259] [260]
Overfull \hbox (6.26526pt too wide) in paragraph at lines 962--965
[]\T1/lmr/m/n/10.95 (-20) The com-pat-i-bil-ity con-di-tion can be checked di-r
ectly. Sub-sti-tut-ing Equa-tion ([][]8.4.3[][])
[261] [262] [263] [264] [265] [266]

Package fancyhdr Warning: \headheight is too small (14.4pt): 
(fancyhdr)                Make it at least 26.32425pt, for example:
(fancyhdr)                \setlength{\headheight}{26.32425pt}.
(fancyhdr)                You might also make \topmargin smaller:
(fancyhdr)                \addtolength{\topmargin}{-11.92426pt}.

[267] [268]

Package fancyhdr Warning: \headheight is too small (14.4pt): 
(fancyhdr)                Make it at least 26.32425pt, for example:
(fancyhdr)                \setlength{\headheight}{26.32425pt}.
(fancyhdr)                You might also make \topmargin smaller:
(fancyhdr)                \addtolength{\topmargin}{-11.92426pt}.

[269] [270]
Overfull \hbox (13.97963pt too wide) in paragraph at lines 1568--1570
\T1/lmr/m/n/10.95 (-20) where $\OML/lmm/m/it/10.95 ^^Y[]\OT1/lmr/m/n/10.95 (-20
) (\OT1/lmr/bx/n/10.95 (-20) x\OMS/lmsy/m/n/10.95 j\OT1/lmr/bx/n/10.95 (-20) c\
OT1/lmr/m/n/10.95 (-20) ) := \OML/lmm/m/it/10.95 p[]\OT1/lmr/m/n/10.95 (-20) (\
OT1/lmr/bx/n/10.95 (-20) x\OMS/lmsy/m/n/10.95 j\OT1/lmr/bx/n/10.95 (-20) c\OT1/
lmr/m/n/10.95 (-20) )$\T1/lmr/m/n/10.95 (-20) , and $\OML/lmm/m/it/10.95 Z\OT1/
lmr/m/n/10.95 (-20) (\OT1/lmr/bx/n/10.95 (-20) c\OT1/lmr/m/n/10.95 (-20) )$ \T1
/lmr/m/n/10.95 (-20) is the par-ti-tion func-tion en-sur-ing $[] \OML/lmm/m/it/
10.95 ^^Y[]\OT1/lmr/m/n/10.95 (-20) (\OT1/lmr/bx/n/10.95 (-20) x\OMS/lmsy/m/n/1
0.95 j\OT1/lmr/bx/n/10.95 (-20) c\OT1/lmr/m/n/10.95 (-20) ) []  d\OT1/lmr/bx/n/
10.95 (-20) x \OT1/lmr/m/n/10.95 (-20) =

Package fancyhdr Warning: \headheight is too small (14.4pt): 
(fancyhdr)                Make it at least 26.32425pt, for example:
(fancyhdr)                \setlength{\headheight}{26.32425pt}.
(fancyhdr)                You might also make \topmargin smaller:
(fancyhdr)                \addtolength{\topmargin}{-11.92426pt}.

[271] [272]

Package fancyhdr Warning: \headheight is too small (14.4pt): 
(fancyhdr)                Make it at least 26.32425pt, for example:
(fancyhdr)                \setlength{\headheight}{26.32425pt}.
(fancyhdr)                You might also make \topmargin smaller:
(fancyhdr)                \addtolength{\topmargin}{-11.92426pt}.

[273]
Overfull \hbox (22.7138pt too wide) detected at line 1761
[]
[274]
Overfull \hbox (7.46802pt too wide) detected at line 1904
[]

Package fancyhdr Warning: \headheight is too small (14.4pt): 
(fancyhdr)                Make it at least 26.32425pt, for example:
(fancyhdr)                \setlength{\headheight}{26.32425pt}.
(fancyhdr)                You might also make \topmargin smaller:
(fancyhdr)                \addtolength{\topmargin}{-11.92426pt}.

[275] [276]) (./Chapter-7-Sophisticated-Solvers-for-Fast-Sampling.tex [277]
Chapter 9.
[278] [279] [280] [281] [282] [283] [284] [285] [286] [287] [288] [289]
[290]
Underfull \vbox (badness 10000) has occurred while \output is active [291]
[292] [293 <./Images/PartB/Euler.pdf>] [294] [295] [296] [297] [298] [299]
[300] [301] [302] [303] [304] [305] [306] [307] [308] [309 <./Images/PartC/DEIS
.pdf>] [310]
Overfull \hbox (26.71896pt too wide) in paragraph at lines 2623--2627
\T1/lmr/m/n/10.95 (-20) where $\OML/lmm/m/it/10.95 `[]$ \T1/lmr/m/n/10.95 (-20)
 is the La-grange ba-sis of de-gree $\OML/lmm/m/it/10.95 i[]\OT1/lmr/m/n/10.95 
(-20) 1$ \T1/lmr/m/n/10.95 (-20) built on the nodes at time $\OMS/lmsy/m/n/10.9
5 f\OML/lmm/m/it/10.95 t[]; t[]; [] ; t[]\OMS/lmsy/m/n/10.95 g$\T1/lmr/m/n/10.9
5 (-20) .

Overfull \vbox (0.57817pt too high) detected at line 2681

Overfull \vbox (1.57817pt too high) detected at line 2681

Overfull \vbox (2.57817pt too high) detected at line 2681

Overfull \vbox (3.57817pt too high) detected at line 2681

Overfull \vbox (4.57817pt too high) detected at line 2681

Overfull \vbox (5.57817pt too high) detected at line 2681

Overfull \vbox (6.57817pt too high) detected at line 2681

Overfull \vbox (7.57817pt too high) detected at line 2681

Overfull \vbox (8.57817pt too high) detected at line 2681

Overfull \vbox (9.57817pt too high) detected at line 2681

Overfull \vbox (10.57817pt too high) detected at line 2681

Overfull \vbox (11.57817pt too high) detected at line 2681

Overfull \vbox (12.57817pt too high) detected at line 2681

Overfull \vbox (13.57817pt too high) detected at line 2681

Overfull \vbox (14.57817pt too high) detected at line 2681

Overfull \vbox (15.57817pt too high) detected at line 2681

Overfull \vbox (16.57817pt too high) detected at line 2681

Overfull \vbox (17.57817pt too high) detected at line 2681

Overfull \vbox (18.57817pt too high) detected at line 2681

Overfull \vbox (19.57817pt too high) detected at line 2681

Overfull \vbox (20.57817pt too high) detected at line 2681

Overfull \vbox (21.57817pt too high) detected at line 2681

Overfull \vbox (22.57817pt too high) detected at line 2681

Overfull \vbox (23.57817pt too high) detected at line 2681

Overfull \vbox (24.57817pt too high) detected at line 2681

Overfull \vbox (25.57817pt too high) detected at line 2681

Overfull \vbox (26.57817pt too high) detected at line 2681

Overfull \vbox (27.57817pt too high) detected at line 2681

Overfull \vbox (28.57817pt too high) detected at line 2681

Overfull \vbox (29.57817pt too high) detected at line 2681

Overfull \vbox (30.57817pt too high) detected at line 2681

Overfull \vbox (31.57817pt too high) detected at line 2681

Overfull \vbox (32.57817pt too high) detected at line 2681

Overfull \vbox (33.57817pt too high) detected at line 2681

Overfull \vbox (34.57817pt too high) detected at line 2681

Overfull \vbox (35.57817pt too high) detected at line 2681

Overfull \vbox (36.57817pt too high) detected at line 2681

Overfull \vbox (37.57817pt too high) detected at line 2681

Overfull \vbox (38.57817pt too high) detected at line 2681

Overfull \vbox (39.57817pt too high) detected at line 2681

Overfull \vbox (40.57817pt too high) detected at line 2681

Overfull \vbox (41.57817pt too high) detected at line 2681

Overfull \vbox (42.57817pt too high) detected at line 2681

Overfull \vbox (43.57817pt too high) detected at line 2681

Overfull \vbox (44.57817pt too high) detected at line 2681

Overfull \vbox (45.57817pt too high) detected at line 2681

Overfull \vbox (46.57817pt too high) detected at line 2681

Overfull \vbox (47.57817pt too high) detected at line 2681

Overfull \vbox (48.57817pt too high) detected at line 2681

Overfull \vbox (49.57817pt too high) detected at line 2681

Overfull \vbox (50.57817pt too high) detected at line 2681

Overfull \vbox (51.57817pt too high) detected at line 2681

Overfull \vbox (52.57817pt too high) detected at line 2681

Overfull \vbox (53.57817pt too high) detected at line 2681

Overfull \vbox (54.57817pt too high) detected at line 2681

Overfull \vbox (55.57817pt too high) detected at line 2681

Overfull \vbox (56.57817pt too high) detected at line 2681

Overfull \vbox (57.57817pt too high) detected at line 2681

Overfull \vbox (58.57817pt too high) detected at line 2681

Overfull \vbox (59.57817pt too high) detected at line 2681

Overfull \vbox (60.57817pt too high) detected at line 2681

Overfull \vbox (61.57817pt too high) detected at line 2681

Overfull \vbox (62.57817pt too high) detected at line 2681

Overfull \vbox (63.57817pt too high) detected at line 2681

Overfull \vbox (64.57817pt too high) detected at line 2681

Overfull \vbox (65.57817pt too high) detected at line 2681

Overfull \vbox (66.57817pt too high) detected at line 2681

Overfull \vbox (67.57817pt too high) detected at line 2681

Overfull \vbox (68.57817pt too high) detected at line 2681

Overfull \vbox (69.57817pt too high) detected at line 2681

Overfull \vbox (70.57817pt too high) detected at line 2681

Overfull \vbox (71.57817pt too high) detected at line 2681

Overfull \vbox (72.57817pt too high) detected at line 2681

Overfull \vbox (73.57817pt too high) detected at line 2681

Overfull \vbox (74.57817pt too high) detected at line 2681

Overfull \vbox (75.57817pt too high) detected at line 2681

Overfull \vbox (76.57817pt too high) detected at line 2681

Overfull \vbox (77.57817pt too high) detected at line 2681

Overfull \vbox (78.57817pt too high) detected at line 2681

Overfull \vbox (79.57817pt too high) detected at line 2681

Overfull \vbox (80.57817pt too high) detected at line 2681

Overfull \vbox (81.57817pt too high) detected at line 2681

Overfull \vbox (82.57817pt too high) detected at line 2681

Overfull \vbox (83.57817pt too high) detected at line 2681

Overfull \vbox (84.57817pt too high) detected at line 2681

Overfull \vbox (85.57817pt too high) detected at line 2681

Overfull \vbox (86.57817pt too high) detected at line 2681

Overfull \vbox (87.57817pt too high) detected at line 2681

Overfull \vbox (88.57817pt too high) detected at line 2681

Overfull \vbox (89.57817pt too high) detected at line 2681

Overfull \vbox (90.57817pt too high) detected at line 2681

Overfull \vbox (91.57817pt too high) detected at line 2681

Overfull \vbox (92.57817pt too high) detected at line 2681

Overfull \vbox (93.57817pt too high) detected at line 2681

Overfull \vbox (94.57817pt too high) detected at line 2681

Overfull \vbox (95.57817pt too high) detected at line 2681

Overfull \vbox (96.57817pt too high) detected at line 2681

Package mdframed Warning: correct box splittet fails
 It seems you are using a non splittable contents
(mdframed)                 on input line 2681.

[311] [312] [313] [314] [315] [316] [317]

Package mdframed Warning: You got a bad break
(mdframed)                because the last box will be empty
(mdframed)                you have to change it manually
(mdframed)                by changing the text, the space
(mdframed)                or something else on input line 3182.

[318] [319] [320]
pdfTeX warning (ext4): destination with the same identifier (name{ALG@line.1}) 
has been already used, duplicate ignored
<to be read again> 
                   \relax 
l.3398         \State
                      $\tilde\rvx_{t_0}\gets\rvx_T$
pdfTeX warning (ext4): destination with the same identifier (name{ALG@line.2}) 
has been already used, duplicate ignored
<to be read again> 
                   \relax 
l.3399         \For
                   {$i\gets 1$ to $M$}
pdfTeX warning (ext4): destination with the same identifier (name{ALG@line.3}) 
has been already used, duplicate ignored
<to be read again> 
                   \relax 
l.3400         \State
                      $h_i \gets \lambda_{t_i}-\lambda_{t_{i-1}}$
pdfTeX warning (ext4): destination with the same identifier (name{ALG@line.4}) 
has been already used, duplicate ignored
<to be read again> 
                   \relax 
l.3401         \State
                      $s_i^{\mathrm{mid}}
pdfTeX warning (ext4): destination with the same identifier (name{ALG@line.5}) 
has been already used, duplicate ignored
<to be read again> 
                   \relax 
l.3406         \State
                     
pdfTeX warning (ext4): destination with the same identifier (name{ALG@line.6}) 
has been already used, duplicate ignored
<to be read again> 
                   \relax 
l.3416         \State
                     
pdfTeX warning (ext4): destination with the same identifier (name{ALG@line.7}) 
has been already used, duplicate ignored
<to be read again> 
                   \relax 
l.3426         \EndFor
                      
pdfTeX warning (ext4): destination with the same identifier (name{ALG@line.8}) 
has been already used, duplicate ignored
<to be read again> 
                   \relax 
l.3427         \State
                      \Return $\tilde\rvx_{t_M}$ [321] [322] [323] [324]
[325] [326] [327]
Overfull \hbox (7.01065pt too wide) detected at line 4059
[]
[328]
pdfTeX warning (ext4): destination with the same identifier (name{ALG@line.1}) 
has been already used, duplicate ignored
<to be read again> 
                   \relax 
l.4165     \State
                  $\tilde\rvx_{t_0}\gets\rvx_T$
pdfTeX warning (ext4): destination with the same identifier (name{ALG@line.2}) 
has been already used, duplicate ignored
<to be read again> 
                   \relax 
l.4166     \State
                  $\lambda_{t_i}\gets\log(\alpha_{t_i}/\sigma_{t_i})$
pdfTeX warning (ext4): destination with the same identifier (name{ALG@line.3}) 
has been already used, duplicate ignored
<to be read again> 
                   \relax 
l.4168     \State
                 
pdfTeX warning (ext4): destination with the same identifier (name{ALG@line.4}) 
has been already used, duplicate ignored
<to be read again> 
                   \relax 
l.4174     \For
               {$i\gets1$ \textbf{to} $M$}
pdfTeX warning (ext4): destination with the same identifier (name{ALG@line.5}) 
has been already used, duplicate ignored
<to be read again> 
                   \relax 
l.4175         \State
                     
pdfTeX warning (ext4): destination with the same identifier (name{ALG@line.6}) 
has been already used, duplicate ignored
<to be read again> 
                   \relax 
l.4180         \State
                     
pdfTeX warning (ext4): destination with the same identifier (name{ALG@line.7}) 
has been already used, duplicate ignored
<to be read again> 
                   \relax 
l.4188         \State
                     
pdfTeX warning (ext4): destination with the same identifier (name{ALG@line.8}) 
has been already used, duplicate ignored
<to be read again> 
                   \relax 
l.4201         \State
                     
pdfTeX warning (ext4): destination with the same identifier (name{ALG@line.9}) 
has been already used, duplicate ignored
<to be read again> 
                   \relax 
l.4208         \State
                     
Underfull \vbox (badness 10000) has occurred while \output is active [329]
[330] [331]
pdfTeX warning (ext4): destination with the same identifier (name{ALG@line.1}) 
has been already used, duplicate ignored
<to be read again> 
                   \relax 
l.4491     \State
                  $\tilde\rvx_{t_0}\gets\rvx_T$
pdfTeX warning (ext4): destination with the same identifier (name{ALG@line.2}) 
has been already used, duplicate ignored
<to be read again> 
                   \relax 
l.4492     \State
                  $\lambda_{t_i}\gets\log(\alpha_{t_i}/\sigma_{t_i})$
pdfTeX warning (ext4): destination with the same identifier (name{ALG@line.3}) 
has been already used, duplicate ignored
<to be read again> 
                   \relax 
l.4494     \State
                 
pdfTeX warning (ext4): destination with the same identifier (name{ALG@line.4}) 
has been already used, duplicate ignored
<to be read again> 
                   \relax 
l.4504     \State
                 
pdfTeX warning (ext4): destination with the same identifier (name{ALG@line.5}) 
has been already used, duplicate ignored
<to be read again> 
                   \relax 
l.4509     \State
                 
pdfTeX warning (ext4): destination with the same identifier (name{ALG@line.6}) 
has been already used, duplicate ignored
<to be read again> 
                   \relax 
l.4522     \If
              {$M>1$}
pdfTeX warning (ext4): destination with the same identifier (name{ALG@line.7}) 
has been already used, duplicate ignored
<to be read again> 
                   \relax 
l.4523         \State
                     
pdfTeX warning (ext4): destination with the same identifier (name{ALG@line.8}) 
has been already used, duplicate ignored
<to be read again> 
                   \relax 
l.4529     \EndIf
                 
pdfTeX warning (ext4): destination with the same identifier (name{ALG@line.9}) 
has been already used, duplicate ignored
<to be read again> 
                   \relax 
l.4534     \For
               {$i\gets2$ \textbf{to} $M$}
pdfTeX warning (ext4): destination with the same identifier (name{ALG@line.10})
 has been already used, duplicate ignored
<to be read again> 
                   \relax 
l.4535         \State
                     
pdfTeX warning (ext4): destination with the same identifier (name{ALG@line.11})
 has been already used, duplicate ignored
<to be read again> 
                   \relax 
l.4540         \State
                     
pdfTeX warning (ext4): destination with the same identifier (name{ALG@line.12})
 has been already used, duplicate ignored
<to be read again> 
                   \relax 
l.4546         \State
                     
pdfTeX warning (ext4): destination with the same identifier (name{ALG@line.13})
 has been already used, duplicate ignored
<to be read again> 
                   \relax 
l.4557         \State
                     
pdfTeX warning (ext4): destination with the same identifier (name{ALG@line.14})
 has been already used, duplicate ignored
<to be read again> 
                   \relax 
l.4569         \If
                  {$i<M$}
Underfull \vbox (badness 10000) has occurred while \output is active [332]
[333] [334]
Overfull \hbox (4.82957pt too wide) in paragraph at lines 4792--4797
[]\T1/lmr/m/n/10.95 (-20) This also high-lights why the con-nec-tion to DEIS is
 spe-cific to DPM-Solver\T1/lmtt/m/n/10.95 ++\T1/lmr/m/n/10.95 (-20) (2M):
[335] [336]
Overfull \hbox (5.70105pt too wide) in paragraph at lines 4932--4933
[]\T1/lmr/m/n/10.95 (-20) In this sec-tion, we turn to the \T1/lmr/m/it/10.95 (
-20) time^^Uparallel \T1/lmr/m/n/10.95 (-20) ap-proach, ex-em-pli-fied by \T1/l
mr/m/it/10.95 (-20) ParaDiGMS\T1/lmr/m/n/10.95 (-20) ,
[337] [338]
Underfull \hbox (badness 1515) in paragraph at lines 5060--5060
\T1/lmr/m/n/9 (+20) ward, based on the er-ror

Overfull \hbox (19.12971pt too wide) in paragraph at lines 5105--5108
[] [] \T1/lmss/bx/n/10.95 (-20) Step 3. Progress Con-trol and Win-dow Ad-vance.
[] \T1/lmr/m/n/10.95 (-20) Hav-ing formed the left^^Uanchored
[339 <./Images/PartC/paradigm-1.pdf> <./Images/PartC/paradigm-2.pdf

pdfTeX warning: pdflatex (file ./Images/PartC/paradigm-2.pdf): PDF inclusion: m
ultiple pdfs with page group included in a single page
> <./Images/PartC/paradigm-3.pdf

pdfTeX warning: pdflatex (file ./Images/PartC/paradigm-3.pdf): PDF inclusion: m
ultiple pdfs with page group included in a single page
>] (/usr/local/texlive/2026/texmf-dist/tex/latex/lm/ot1lmtt.fd)
pdfTeX warning (ext4): destination with the same identifier (name{ALG@line.1}) 
has been already used, duplicate ignored
<to be read again> 
                   \relax 
l.5154     \State
                  $k \gets 0$, $\ell \gets 0$
pdfTeX warning (ext4): destination with the same identifier (name{ALG@line.2}) 
has been already used, duplicate ignored
<to be read again> 
                   \relax 
l.5155     \State
                  Sample $\rvx^{(0)}_0 \sim p_{\mathrm{prior}}$; set $\rvx^{...

pdfTeX warning (ext4): destination with the same identifier (name{ALG@line.3}) 
has been already used, duplicate ignored
<to be read again> 
                   \relax 
l.5156     \While
                 {$\ell < M$}
pdfTeX warning (ext4): destination with the same identifier (name{ALG@line.4}) 
has been already used, duplicate ignored
<to be read again> 
                   \relax 
l.5157       \State
                    $J \gets \min(p,  M-\ell)$   \Comment{current window len...

pdfTeX warning (ext4): destination with the same identifier (name{ALG@line.5}) 
has been already used, duplicate ignored
<to be read again> 
                   \relax 
l.5158       \State
                    \textbfs{Step 1: Parallel}
pdfTeX warning (ext4): destination with the same identifier (name{ALG@line.6}) 
has been already used, duplicate ignored
<to be read again> 
                   \relax 
l.5159       \State
                    For $i=0,\ldots,J-1$: $g_i \gets \rvv_{\bphi^\times} \bi...

pdfTeX warning (ext4): destination with the same identifier (name{ALG@line.7}) 
has been already used, duplicate ignored
<to be read again> 
                   \relax 
l.5161       \State
                    Compute prefix sums $S_j \gets \sum_{i=0}^{j} g_i$ for $...

pdfTeX warning (ext4): destination with the same identifier (name{ALG@line.8}) 
has been already used, duplicate ignored
<to be read again> 
                   \relax 
l.5163       \State
                    \textbfs{Step 2: Cumulative Updates}
pdfTeX warning (ext4): destination with the same identifier (name{ALG@line.9}) 
has been already used, duplicate ignored
<to be read again> 
                   \relax 
l.5164       \State
                    For $j=0,\ldots,J-1$: $\displaystyle \rvx^{(k+1)}_{\ell+...

pdfTeX warning (ext4): destination with the same identifier (name{ALG@line.10})
 has been already used, duplicate ignored
<to be read again> 
                   \relax 
l.5166       \State
                    \textbfs{Step 3: Progress Control and Window Advance}
pdfTeX warning (ext4): destination with the same identifier (name{ALG@line.11})
 has been already used, duplicate ignored
<to be read again> 
                   \relax 
l.5167       \State
                    For $j=1,\ldots,J-1$: $\mathtt{error}_j \gets \big\|\rvx...

pdfTeX warning (ext4): destination with the same identifier (name{ALG@line.12})
 has been already used, duplicate ignored
<to be read again> 
                   \relax 
l.5168       \State
                    $\displaystyle \mathtt{stride} \gets \min \Big(\,\{\,j\i...

pdfTeX warning (ext4): destination with the same identifier (name{ALG@line.13})
 has been already used, duplicate ignored
<to be read again> 
                   \relax 
l.5169       \State
                    \textbfs{Initialize New Nodes}
pdfTeX warning (ext4): destination with the same identifier (name{ALG@line.14})
 has been already used, duplicate ignored
<to be read again> 
                   \relax 
l.5170         \State
                      For $r=1,\ldots,\min\{\mathtt{stride},\,M-\ell-J\}$:
pdfTeX warning (ext4): destination with the same identifier (name{ALG@line.15})
 has been already used, duplicate ignored
<to be read again> 
                   \relax 
l.5175       \State
                    $\ell \gets \ell + \mathtt{stride}$;\quad $k \gets k+1$
pdfTeX warning (ext4): destination with the same identifier (name{ALG@line.16})
 has been already used, duplicate ignored
<to be read again> 
                   \relax 
l.5176     \EndWhile
                    
pdfTeX warning (ext4): destination with the same identifier (name{ALG@line.17})
 has been already used, duplicate ignored
<to be read again> 
                   \relax 
l.5177     \State
                  \Return $\{\rvx^{(k)}_j\}_{j=0}^{M}$ [340{/usr/local/texlive/
2026/texmf-dist/fonts/enc/dvips/lm/lm-rmtt.enc}]
Overfull \hbox (0.29749pt too wide) detected at line 5225
[]
[341] [342] [343]) [344]
(./Chapter-8-Post-Training-Methods-for-Fast-Sampling.tex
Chapter 10.
[345] [346] [347] [348] [349] [350]
Overfull \hbox (3.05292pt too wide) detected at line 318
[]
[351] [352] [353]
Overfull \hbox (9.2261pt too wide) in paragraph at lines 549--550
\T1/lmr/m/n/10.95 (-20) In this sec-tion, we fix DDIM in the $\OT1/lmr/bx/n/10.
95 (-20) x$\T1/lmr/m/n/10.95 (-20) -prediction pa-ram-e-ter-i-za-tion as the ti
me^^Ustepping
[354 <./Images/PartD/PD.pdf>]
Underfull \vbox (badness 10000) has occurred while \output is active [355]
[356] [357] [358] [359] [360])
(./Chapter-9-Learning-Fast-Generator-from-Scratch.tex
Chapter 11.

Underfull \vbox (badness 2846) has occurred while \output is active [361]
[362] [363] [364 <./Images/PartD/flow-map.pdf>] [365]
Underfull \vbox (badness 3158) has occurred while \output is active [366]
[367] [368 <./Images/PartD/semigroup.pdf>] [369] [370] [371]
Underfull \vbox (badness 1990) has occurred while \output is active [372]
[373]
pdfTeX warning (ext4): destination with the same identifier (name{ALG@line.1}) 
has been already used, duplicate ignored
<to be read again> 
                   \relax 
l.695         \If
                 {one-step}
pdfTeX warning (ext4): destination with the same identifier (name{ALG@line.2}) 
has been already used, duplicate ignored
<to be read again> 
                   \relax 
l.696             \State
                         $\rvx \leftarrow \rvf_{\bm{\theta}^\times}(\hat{\rv...

pdfTeX warning (ext4): destination with the same identifier (name{ALG@line.3}) 
has been already used, duplicate ignored
<to be read again> 
                   \relax 
l.697         \Else
                   
pdfTeX warning (ext4): destination with the same identifier (name{ALG@line.4}) 
has been already used, duplicate ignored
<to be read again> 
                   \relax 
l.698             \State
                         $\rvx \leftarrow \rvf_{\bm{\theta}^\times}(\hat{\rv...

pdfTeX warning (ext4): destination with the same identifier (name{ALG@line.5}) 
has been already used, duplicate ignored
<to be read again> 
                   \relax 
l.699             \For
                      {$m=1$ \textbf{to} $M-1$}
pdfTeX warning (ext4): destination with the same identifier (name{ALG@line.6}) 
has been already used, duplicate ignored
<to be read again> 
                   \relax 
l.700                 \State
                             Sample $\bm{\epsilon} \sim \mathcal{N}(\bm{0}, ...

pdfTeX warning (ext4): destination with the same identifier (name{ALG@line.7}) 
has been already used, duplicate ignored
<to be read again> 
                   \relax 
l.701                 \State
                             $\hat{\rvx}_{\tau_m} \leftarrow \alpha_{\tau_m}...

pdfTeX warning (ext4): destination with the same identifier (name{ALG@line.8}) 
has been already used, duplicate ignored
<to be read again> 
                   \relax 
l.702                 \State
                             $\rvx \leftarrow \rvf_{\bm{\theta}^\times}(\hat...

pdfTeX warning (ext4): destination with the same identifier (name{ALG@line.9}) 
has been already used, duplicate ignored
<to be read again> 
                   \relax 
l.703             \EndFor
                         
pdfTeX warning (ext4): destination with the same identifier (name{ALG@line.10})
 has been already used, duplicate ignored
<to be read again> 
                   \relax 
l.704         \EndIf
                     [374] [375] [376]
Overfull \hbox (3.5047pt too wide) in paragraph at lines 921--925
\T1/lmr/m/n/10.95 (-20) We de-note the re-sult-ing ob-jec-tive as $\OMS/lmsy/m/
n/10.95 L[]\OT1/lmr/m/n/10.95 (-20) (\OML/lmm/b/it/10.95 ^^R\OML/lmm/m/it/10.95
 ; \OML/lmm/b/it/10.95 ^^R[]\OT1/lmr/m/n/10.95 (-20) ; \OML/lmm/b/it/10.95 ^^^[
]\OT1/lmr/m/n/10.95 (-20) )$\T1/lmr/m/n/10.95 (-20) . Ac-cord-ingly, Propo-si-t
ion [][]11.3.1[][]
[377] [378] [379] [380] [381]
pdfTeX warning (ext4): destination with the same identifier (name{ALG@line.1}) 
has been already used, duplicate ignored
<to be read again> 
                   \relax 
l.1209 \State
              \textbfs{Init:} $\bm{\theta} \gets \bm{\theta}_{\text{pretrain...

pdfTeX warning (ext4): destination with the same identifier (name{ALG@line.2}) 
has been already used, duplicate ignored
<to be read again> 
                   \relax 
l.1210 \Repeat
              
pdfTeX warning (ext4): destination with the same identifier (name{ALG@line.3}) 
has been already used, duplicate ignored
<to be read again> 
                   \relax 
l.1211     \State
                  $\rvx_0 \sim \mathcal{D}$, $\mathbf{z} \sim \mathcal{N}(\b...

pdfTeX warning (ext4): destination with the same identifier (name{ALG@line.4}) 
has been already used, duplicate ignored
<to be read again> 
                   \relax 
l.1212     \State
                  $\rvx_s \gets \cos(s) \rvx_0 + \sin(s) \mathbf{z}$
pdfTeX warning (ext4): destination with the same identifier (name{ALG@line.5}) 
has been already used, duplicate ignored
<to be read again> 
                   \relax 
l.1213     \If
              {consistency training}
pdfTeX warning (ext4): destination with the same identifier (name{ALG@line.6}) 
has been already used, duplicate ignored
<to be read again> 
                   \relax 
l.1214         \State
                      $\frac{\diff\rvx_s}{\diff s} \gets \cos(s) \mathbf{z} ...

pdfTeX warning (ext4): destination with the same identifier (name{ALG@line.7}) 
has been already used, duplicate ignored
<to be read again> 
                   \relax 
l.1215     \Else
                
pdfTeX warning (ext4): destination with the same identifier (name{ALG@line.8}) 
has been already used, duplicate ignored
<to be read again> 
                   \relax 
l.1216         \State
                      $\frac{\diff\rvx_s}{\diff s} \gets \sigma_{\mathrm{d}}...

pdfTeX warning (ext4): destination with the same identifier (name{ALG@line.9}) 
has been already used, duplicate ignored
<to be read again> 
                   \relax 
l.1217     \EndIf
                 
pdfTeX warning (ext4): destination with the same identifier (name{ALG@line.10})
 has been already used, duplicate ignored
<to be read again> 
                   \relax 
l.1218     \State
                  $r \gets \min\left(1, \frac{\text{Iters}}{H}\right)$ \hfil...

pdfTeX warning (ext4): destination with the same identifier (name{ALG@line.11})
 has been already used, duplicate ignored
<to be read again> 
                   \relax 
l.1219     \State
                  $\rvw \gets - \cos^2(s) (\sigma_{\mathrm{d}} \mathbf{F}_{\...

pdfTeX warning (ext4): destination with the same identifier (name{ALG@line.12})
 has been already used, duplicate ignored
<to be read again> 
                   \relax 
l.1220     \State
                  $\rvw \gets \frac{\rvw}{\|\rvw\| + c}$ \hfill \Comment{ Ta...

pdfTeX warning (ext4): destination with the same identifier (name{ALG@line.13})
 has been already used, duplicate ignored
<to be read again> 
                   \relax 
l.1221     \State
                  $\mathcal{L}_{\text{sCM}}(\bm{\theta}, \boldsymbol{\varphi...

pdfTeX warning (ext4): destination with the same identifier (name{ALG@line.14})
 has been already used, duplicate ignored
<to be read again> 
                   \relax 
l.1223     \State
                  $(\bm{\theta}, \boldsymbol{\varphi}) \gets (\bm{\theta}, \...

pdfTeX warning (ext4): destination with the same identifier (name{ALG@line.15})
 has been already used, duplicate ignored
<to be read again> 
                   \relax 
l.1224     \State
                  Iters $\gets$ Iters + 1
pdfTeX warning (ext4): destination with the same identifier (name{ALG@line.16})
 has been already used, duplicate ignored
<to be read again> 
                   \relax 
l.1225 \Until
             {convergence} [382] [383] [384] [385] [386] [387] [388 <./Images/P
artD/ctm-target.pdf>] [389]
pdfTeX warning (ext4): destination with the same identifier (name{ALG@line.1}) 
has been already used, duplicate ignored
<to be read again> 
                   \relax 
l.1713     \State
                  Start from $\mathbf{x}_{\tau_{0}}\sim p_{\mathrm{prior}}=\...

pdfTeX warning (ext4): destination with the same identifier (name{ALG@line.2}) 
has been already used, duplicate ignored
<to be read again> 
                   \relax 
l.1714         \For
                   {$n=0$ to $M-1$}
pdfTeX warning (ext4): destination with the same identifier (name{ALG@line.3}) 
has been already used, duplicate ignored
<to be read again> 
                   \relax 
l.1715         \State
                      $\tilde{\tau}_{n+1}\leftarrow \sqrt{1-\gamma^{2}}\tau_...

pdfTeX warning (ext4): destination with the same identifier (name{ALG@line.4}) 
has been already used, duplicate ignored
<to be read again> 
                   \relax 
l.1716         \State
                      Denoise $\mathbf{x}_{\tilde{\tau}_{n+1}}\leftarrow \ma...

pdfTeX warning (ext4): destination with the same identifier (name{ALG@line.5}) 
has been already used, duplicate ignored
<to be read again> 
                   \relax 
l.1717         \State
                      Diffuse $\mathbf{x}_{\tau_{n+1}}\leftarrow\mathbf{x}_{...

pdfTeX warning (ext4): destination with the same identifier (name{ALG@line.6}) 
has been already used, duplicate ignored
<to be read again> 
                   \relax 
l.1718         \EndFor
                       [390]
Underfull \vbox (badness 2961) has occurred while \output is active [391 <./Ima
ges/PartD/ctm_gamma.pdf>] [392] [393] [394] [395] [396] [397] [398] [399 <./Ima
ges/PartD/lagrangian-1.pdf> <./Images/PartD/lagrangian-2.pdf

pdfTeX warning: pdflatex (file ./Images/PartD/lagrangian-2.pdf): PDF inclusion:
 multiple pdfs with page group included in a single page
>] [400 <./Images/PartD/eulerian-1.pdf> <./Images/PartD/eulerian-2.pdf

pdfTeX warning: pdflatex (file ./Images/PartD/eulerian-2.pdf): PDF inclusion: m
ultiple pdfs with page group included in a single page
>]
Overfull \hbox (22.80934pt too wide) detected at line 2266
\OT1/lmr/bx/n/10.95 	[]\OT1/lmr/m/n/10.95 (\OT1/lmr/bx/n/10.95 x[]\OT1/lmr/m/n/
10.95 ) = \OT1/lmr/bx/n/10.95 	[]\OT1/lmr/m/n/10.95 (\OT1/lmr/bx/n/10.95 x[]\OT
1/lmr/m/n/10.95 ) \OMS/lmsy/m/n/10.95 ^^@ \OT1/lmr/m/n/10.95 ^^A\OML/lmm/m/it/1
0.95 s []@[]\OT1/lmr/bx/n/10.95 	[][]\OT1/lmr/m/n/10.95 (\OT1/lmr/bx/n/10.95 x[
]\OT1/lmr/m/n/10.95 )\OT1/lmr/bx/n/10.95 v[]\OT1/lmr/m/n/10.95 (\OT1/lmr/bx/n/1
0.95 x[]\OML/lmm/m/it/10.95 ; s\OT1/lmr/m/n/10.95 ) \OMS/lmsy/m/n/10.95 ^^@ \OT
1/lmr/m/n/10.95 ^^A\OML/lmm/m/it/10.95 s @[]\OT1/lmr/bx/n/10.95 	[]\OT1/lmr/m/n
/10.95 (\OT1/lmr/bx/n/10.95 x[]\OT1/lmr/m/n/10.95 ) + \OMS/lmsy/m/n/10.95 O[]\O
T1/lmr/m/n/10.95 (^^A\OML/lmm/m/it/10.95 s\OT1/lmr/m/n/10.95 )[][]\OML/lmm/m/it
/10.95 :
[401] [402]) [403] (./Chapter-10-Epilogue-and-Outlook.tex
Chapter 12.

Underfull \vbox (badness 2662) has occurred while \output is active [404]
[405] [406] [407 <./Images/appendix/vector_field_only.pdf> <./Images/appendix/p
article_cloud.pdf> <./Images/appendix/vector_field_with_density.pdf>] [408]
[409] [410] [411] [412] [413 <./Images/PartE/fig_notation_overview.pdf>]
[414] [415] [416 <./Images/PartE/ctmc_trajectory.pdf>] [417]
Underfull \vbox (badness 3039) has occurred while \output is active [418 <./Ima
ges/PartE/masked_vs_uniform_diffusion.pdf>] [419] [420] [421]
Overfull \hbox (3.32158pt too wide) in paragraph at lines 806--814
[]\T1/lmr/m/n/10.95 (-20) This clean-state parametriza-tion is com-mon in multi
nomial/D3PM-style discrete-
[422]
Overfull \hbox (5.91972pt too wide) in paragraph at lines 870--877
[] [] \T1/lmss/bx/n/10.95 (-20) The Ra-tio as a Dis-crete Ana-logue of the Scor
e.[] \T1/lmr/m/n/10.95 (-20) Now in-spect Equa-tion ([][]12.2.7[][]).
[423] [424] [425]
Underfull \hbox (badness 1742) in paragraph at lines 1007--1008
[]|\T1/lmr/m/n/7 (+20) Transition-matrix prop-a-ga-tion or mas-ter

Overfull \hbox (4.64502pt too wide) in paragraph at lines 988--1040
 [][] 
[426] [427] [428]) [429] (./A_Crash-Course-of-DE.tex [430]
Appendix A.

Underfull \vbox (badness 1609) has occurred while \output is active [431]
[432] [433 <./Images/PartE/discrete_vs_continuous_ode.pdf>] [434] [435]
[436] [437] [438] [439] [440] [441] [442] [443]
Overfull \hbox (1.79828pt too wide) in paragraph at lines 846--847
[] []\T1/lmss/bx/n/10.95 (-20) Stochas-tic Dif-fer-en-tial Equa-tions.[] \T1/lm
r/m/n/10.95 (-20) For-mally, the limit of the dis-crete up-date Equa-
[444] [445] [446]) (./B_Continuity-Equation.tex [447]
Appendix B.

Underfull \vbox (badness 1609) has occurred while \output is active [448]
[449]

Package hyperref Warning: Token not allowed in a PDF string (Unicode):
(hyperref)                removing `\\' on input line 100.

[450]

Package fancyhdr Warning: \headheight is too small (14.4pt): 
(fancyhdr)                Make it at least 26.32425pt, for example:
(fancyhdr)                \setlength{\headheight}{26.32425pt}.
(fancyhdr)                You might also make \topmargin smaller:
(fancyhdr)                \addtolength{\topmargin}{-11.92426pt}.

[451] [452]

Package fancyhdr Warning: \headheight is too small (14.4pt): 
(fancyhdr)                Make it at least 26.32425pt, for example:
(fancyhdr)                \setlength{\headheight}{26.32425pt}.
(fancyhdr)                You might also make \topmargin smaller:
(fancyhdr)                \addtolength{\topmargin}{-11.92426pt}.

[453] [454]

Package fancyhdr Warning: \headheight is too small (14.4pt): 
(fancyhdr)                Make it at least 26.32425pt, for example:
(fancyhdr)                \setlength{\headheight}{26.32425pt}.
(fancyhdr)                You might also make \topmargin smaller:
(fancyhdr)                \addtolength{\topmargin}{-11.92426pt}.

[455] [456]
Overfull \hbox (7.89894pt too wide) detected at line 466
[]

Package fancyhdr Warning: \headheight is too small (14.4pt): 
(fancyhdr)                Make it at least 26.32425pt, for example:
(fancyhdr)                \setlength{\headheight}{26.32425pt}.
(fancyhdr)                You might also make \topmargin smaller:
(fancyhdr)                \addtolength{\topmargin}{-11.92426pt}.

[457] [458] [459] [460] [461]
Overfull \hbox (7.09067pt too wide) in paragraph at lines 751--756
[]\T1/lmr/m/n/10.95 (-20) Throughout this op-tional sec-tion, $\OML/lmm/m/it/10
.95 ^^\$ \T1/lmr/m/n/10.95 (-20) de-notes \T1/lmr/m/it/10.95 (-20) train-ing ti
me\T1/lmr/m/n/10.95 (-20) : an ide-al-ized continuous-
[462] [463] [464] [465] [466] [467]) (./C_SDE-and-Ito.tex
Appendix C.

Package hyperref Warning: Token not allowed in a PDF string (Unicode):
(hyperref)                removing `\\' on input line 1.

[468] [469]

Package fancyhdr Warning: \headheight is too small (14.4pt): 
(fancyhdr)                Make it at least 26.32425pt, for example:
(fancyhdr)                \setlength{\headheight}{26.32425pt}.
(fancyhdr)                You might also make \topmargin smaller:
(fancyhdr)                \addtolength{\topmargin}{-11.92426pt}.

[470] [471]

Package fancyhdr Warning: \headheight is too small (14.4pt): 
(fancyhdr)                Make it at least 26.32425pt, for example:
(fancyhdr)                \setlength{\headheight}{26.32425pt}.
(fancyhdr)                You might also make \topmargin smaller:
(fancyhdr)                \addtolength{\topmargin}{-11.92426pt}.

[472] [473]

Package fancyhdr Warning: \headheight is too small (14.4pt): 
(fancyhdr)                Make it at least 26.32425pt, for example:
(fancyhdr)                \setlength{\headheight}{26.32425pt}.
(fancyhdr)                You might also make \topmargin smaller:
(fancyhdr)                \addtolength{\topmargin}{-11.92426pt}.

[474] [475]

Package fancyhdr Warning: \headheight is too small (14.4pt): 
(fancyhdr)                Make it at least 26.32425pt, for example:
(fancyhdr)                \setlength{\headheight}{26.32425pt}.
(fancyhdr)                You might also make \topmargin smaller:
(fancyhdr)                \addtolength{\topmargin}{-11.92426pt}.

[476] [477]

Package fancyhdr Warning: \headheight is too small (14.4pt): 
(fancyhdr)                Make it at least 26.32425pt, for example:
(fancyhdr)                \setlength{\headheight}{26.32425pt}.
(fancyhdr)                You might also make \topmargin smaller:
(fancyhdr)                \addtolength{\topmargin}{-11.92426pt}.

[478] [479]

Package fancyhdr Warning: \headheight is too small (14.4pt): 
(fancyhdr)                Make it at least 26.32425pt, for example:
(fancyhdr)                \setlength{\headheight}{26.32425pt}.
(fancyhdr)                You might also make \topmargin smaller:
(fancyhdr)                \addtolength{\topmargin}{-11.92426pt}.

[480] [481]) (./D_Proofs.tex

Package fancyhdr Warning: \headheight is too small (14.4pt): 
(fancyhdr)                Make it at least 26.32425pt, for example:
(fancyhdr)                \setlength{\headheight}{26.32425pt}.
(fancyhdr)                You might also make \topmargin smaller:
(fancyhdr)                \addtolength{\topmargin}{-11.92426pt}.

[482] [483]
Appendix D.
[484] [485]
Overfull \hbox (10.24936pt too wide) detected at line 198
[]

Overfull \hbox (15.41023pt too wide) detected at line 212
[]
[486] [487] [488]
Overfull \hbox (10.77867pt too wide) in paragraph at lines 381--384
[] []\T1/lmss/bx/n/10.95 (-20) Tweedie's Iden-tity with Time-De-pen-dent Pa-ram
-e-ters.[] \T1/lmr/m/n/10.95 (-20) Let $\OT1/lmr/bx/n/10.95 (-20) x[]\OMS/lmsy/
m/n/10.95 j\OT1/lmr/bx/n/10.95 (-20) x[] \OMS/lmsy/m/n/10.95 ^^X N[]^^A\OT1/lmr
/m/n/10.95 (-20) ; \OML/lmm/m/it/10.95 []\OT1/lmr/bx/n/10.95 (-20) x[]\OML/lmm
/m/it/10.95 ; ^^[[]\OT1/lmr/bx/n/10.95 (-20) I[]$\T1/lmr/m/n/10.95 (-20) .
[489] [490] [491] [492] [493] [494] [495] [496] [497] [498] [499] [500]
[501] [502] [503] [504] [505] [506] [507] [508]) [509] [510] [511] [512]
[513] [514] [515] [516] [517] [518] [519] [520]
Overfull \hbox (1.82469pt too wide) in paragraph at lines 511--511
[][]\T1/lmr/m/n/10.95 (-20) Sun, H., L. Yu, B. Dai, D. Schu-ur-mans, and H. Dai
. (2023). ^^P  Score-based Continuous-
[521]
Overfull \hbox (7.02348pt too wide) in paragraph at lines 511--511
\T1/lmr/m/n/10.95 (-20) free energy-guided con-di-tional dif-fu-sion model^^Q. 
In: \T1/lmr/m/it/10.95 (-20) Pro-ceed-ings of the IEEE/CVF
[522] 
enddocument/afterlastpage (AED): lastpage setting LastPage.
(build/main_v2.aux)

LaTeX Font Warning: Size substitutions with differences
(Font)              up to 1.0pt have occurred.


LaTeX Font Warning: Some font shapes were not available, defaults substituted.

 )
(see the transcript file for additional information)</usr/local/texlive/2026/te
xmf-dist/fonts/type1/public/lm/lmbsy10.pfb></usr/local/texlive/2026/texmf-dist/
fonts/type1/public/lm/lmbsy5.pfb></usr/local/texlive/2026/texmf-dist/fonts/type
1/public/lm/lmbsy7.pfb></usr/local/texlive/2026/texmf-dist/fonts/type1/public/l
m/lmbx10.pfb></usr/local/texlive/2026/texmf-dist/fonts/type1/public/lm/lmbx12.p
fb></usr/local/texlive/2026/texmf-dist/fonts/type1/public/lm/lmbx5.pfb></usr/lo
cal/texlive/2026/texmf-dist/fonts/type1/public/lm/lmbx6.pfb></usr/local/texlive
/2026/texmf-dist/fonts/type1/public/lm/lmbx7.pfb></usr/local/texlive/2026/texmf
-dist/fonts/type1/public/lm/lmbx8.pfb></usr/local/texlive/2026/texmf-dist/fonts
/type1/public/lm/lmbx9.pfb></usr/local/texlive/2026/texmf-dist/fonts/type1/publ
ic/lm/lmcsc10.pfb></usr/local/texlive/2026/texmf-dist/fonts/type1/public/lm/lme
x10.pfb></usr/local/texlive/2026/texmf-dist/fonts/type1/public/lm/lmmi10.pfb></
usr/local/texlive/2026/texmf-dist/fonts/type1/public/lm/lmmi5.pfb></usr/local/t
exlive/2026/texmf-dist/fonts/type1/public/lm/lmmi6.pfb></usr/local/texlive/2026
/texmf-dist/fonts/type1/public/lm/lmmi7.pfb></usr/local/texlive/2026/texmf-dist
/fonts/type1/public/lm/lmmi8.pfb></usr/local/texlive/2026/texmf-dist/fonts/type
1/public/lm/lmmi9.pfb></usr/local/texlive/2026/texmf-dist/fonts/type1/public/lm
/lmmib10.pfb></usr/local/texlive/2026/texmf-dist/fonts/type1/public/lm/lmmib5.p
fb></usr/local/texlive/2026/texmf-dist/fonts/type1/public/lm/lmmib7.pfb></usr/l
ocal/texlive/2026/texmf-dist/fonts/type1/public/lm/lmr10.pfb></usr/local/texliv
e/2026/texmf-dist/fonts/type1/public/lm/lmr5.pfb></usr/local/texlive/2026/texmf
-dist/fonts/type1/public/lm/lmr6.pfb></usr/local/texlive/2026/texmf-dist/fonts/
type1/public/lm/lmr7.pfb></usr/local/texlive/2026/texmf-dist/fonts/type1/public
/lm/lmr8.pfb></usr/local/texlive/2026/texmf-dist/fonts/type1/public/lm/lmr9.pfb
></usr/local/texlive/2026/texmf-dist/fonts/type1/public/lm/lmri10.pfb></usr/loc
al/texlive/2026/texmf-dist/fonts/type1/public/lm/lmri7.pfb></usr/local/texlive/
2026/texmf-dist/fonts/type1/public/lm/lmri9.pfb></usr/local/texlive/2026/texmf-
dist/fonts/type1/public/lm/lmro10.pfb></usr/local/texlive/2026/texmf-dist/fonts
/type1/public/lm/lmro8.pfb></usr/local/texlive/2026/texmf-dist/fonts/type1/publ
ic/lm/lmss10.pfb></usr/local/texlive/2026/texmf-dist/fonts/type1/public/lm/lmss
12.pfb></usr/local/texlive/2026/texmf-dist/fonts/type1/public/lm/lmssbo10.pfb><
/usr/local/texlive/2026/texmf-dist/fonts/type1/public/lm/lmssbx10.pfb></usr/loc
al/texlive/2026/texmf-dist/fonts/type1/public/lm/lmsso10.pfb></usr/local/texliv
e/2026/texmf-dist/fonts/type1/public/lm/lmsy10.pfb></usr/local/texlive/2026/tex
mf-dist/fonts/type1/public/lm/lmsy5.pfb></usr/local/texlive/2026/texmf-dist/fon
ts/type1/public/lm/lmsy6.pfb></usr/local/texlive/2026/texmf-dist/fonts/type1/pu
blic/lm/lmsy7.pfb></usr/local/texlive/2026/texmf-dist/fonts/type1/public/lm/lms
y8.pfb></usr/local/texlive/2026/texmf-dist/fonts/type1/public/lm/lmsy9.pfb></us
r/local/texlive/2026/texmf-dist/fonts/type1/public/lm/lmtk10.pfb></usr/local/te
xlive/2026/texmf-dist/fonts/type1/public/lm/lmtt10.pfb></usr/local/texlive/2026
/texmf-dist/fonts/type1/public/lm/lmtt9.pfb></usr/local/texlive/2026/texmf-dist
/fonts/type1/public/lm/lmtti10.pfb></usr/local/texlive/2026/texmf-dist/fonts/ty
pe1/public/lm/lmtto10.pfb></usr/local/texlive/2026/texmf-dist/fonts/type1/publi
c/amsfonts/symbols/msam10.pfb></usr/local/texlive/2026/texmf-dist/fonts/type1/p
ublic/amsfonts/symbols/msam5.pfb></usr/local/texlive/2026/texmf-dist/fonts/type
1/public/amsfonts/symbols/msbm10.pfb></usr/local/texlive/2026/texmf-dist/fonts/
type1/public/amsfonts/symbols/msbm7.pfb></usr/local/texlive/2026/texmf-dist/fon
ts/type1/public/stmaryrd/stmary10.pfb>
Output written on build/main_v2.pdf (527 pages, 19811711 bytes).
Transcript written on build/main_v2.log.
Latexmk: Getting log file 'build/main_v2.log'
Latexmk: Examining 'build/main_v2.fls'
Latexmk: Examining 'build/main_v2.log'
Latexmk: Found input bbl file 'build/main_v2.bbl'
Latexmk: Log file says output to 'build/main_v2.pdf'
Latexmk: Using biber to make bibliography file(s).
Latexmk: Bibliography file(s) from .bcf file:
  main_v2.bib
Sources for biber
  main_v2.bib
  build/main_v2.bcf
Latexmk: applying rule 'pdflatex'...
Rule 'pdflatex':  Reasons for rerun
Changed files or newly in use/created:
  build/main_v2.run.xml

------------
Run number 4 of rule 'pdflatex'
------------
------------
Running 'pdflatex  -interaction=nonstopmode -file-line-error -recorder -output-directory="build"  "main_v2.tex"'
------------
This is pdfTeX, Version 3.141592653-2.6-1.40.29 (TeX Live 2026) (preloaded format=pdflatex)
 restricted \write18 enabled.
entering extended mode
(./main_v2.tex
LaTeX2e <2025-11-01>
L3 programming layer <2026-01-19>
(./nowfnt-arxiv.cls

LaTeX Warning: You have requested document class `nowfnt-arxiv',
               but the document class provides `nowfnt'.

Document Class: nowfnt 2021/10/12 v0.95d NOW document class
(/usr/local/texlive/2026/texmf-dist/tex/latex/etoolbox/etoolbox.sty)
(./NOWFnT-data.tex)

Class nowfnt Warning: Unclear state. Remove the class option book or ebook or s
ample on input line 129.

(/usr/local/texlive/2026/texmf-dist/tex/latex/base/book.cls
Document Class: book 2025/01/22 v1.4n Standard LaTeX document class
(/usr/local/texlive/2026/texmf-dist/tex/latex/base/bk11.clo))
(/usr/local/texlive/2026/texmf-dist/tex/latex/lastpage/lastpage.sty
(/usr/local/texlive/2026/texmf-dist/tex/latex/lastpage/lastpage2e.sty
(/usr/local/texlive/2026/texmf-dist/tex/latex/lastpage/lastpagemodern.sty) 
)) (/usr/local/texlive/2026/texmf-dist/tex/latex/tools/multicol.sty)
(/usr/local/texlive/2026/texmf-dist/tex/latex/tools/array.sty)
(/usr/local/texlive/2026/texmf-dist/tex/latex/trimspaces/trimspaces.sty)
(/usr/local/texlive/2026/texmf-dist/tex/latex/footmisc/footmisc.sty)
(/usr/local/texlive/2026/texmf-dist/tex/latex/pdfpages/pdfpages.sty
(/usr/local/texlive/2026/texmf-dist/tex/latex/base/ifthen.sty)
(/usr/local/texlive/2026/texmf-dist/tex/latex/tools/calc.sty)
(/usr/local/texlive/2026/texmf-dist/tex/latex/eso-pic/eso-pic.sty
(/usr/local/texlive/2026/texmf-dist/tex/latex/graphics/keyval.sty)
(/usr/local/texlive/2026/texmf-dist/tex/latex/xcolor/xcolor.sty
(/usr/local/texlive/2026/texmf-dist/tex/latex/graphics-cfg/color.cfg)
(/usr/local/texlive/2026/texmf-dist/tex/latex/graphics-def/pdftex.def)
(/usr/local/texlive/2026/texmf-dist/tex/latex/graphics/mathcolor.ltx))
(/usr/local/texlive/2026/texmf-dist/tex/latex/graphics/dvipsnam.def))
(/usr/local/texlive/2026/texmf-dist/tex/latex/graphics/graphicx.sty
(/usr/local/texlive/2026/texmf-dist/tex/latex/graphics/graphics.sty
(/usr/local/texlive/2026/texmf-dist/tex/latex/graphics/trig.sty)
(/usr/local/texlive/2026/texmf-dist/tex/latex/graphics-cfg/graphics.cfg)))
(/usr/local/texlive/2026/texmf-dist/tex/latex/pdfpages/pppdftex.def))
(/usr/local/texlive/2026/texmf-dist/tex/latex/tools/xr.sty)
(/usr/local/texlive/2026/texmf-dist/tex/latex/microtype/microtype.sty
(/usr/local/texlive/2026/texmf-dist/tex/latex/microtype/microtype-pdftex.def)
(/usr/local/texlive/2026/texmf-dist/tex/latex/microtype/microtype.cfg))
(/usr/local/texlive/2026/texmf-dist/tex/latex/fancyhdr/fancyhdr.sty)
(/usr/local/texlive/2026/texmf-dist/tex/latex/titlesec/titlesec.sty)
(/usr/local/texlive/2026/texmf-dist/tex/latex/caption/caption.sty
(/usr/local/texlive/2026/texmf-dist/tex/latex/caption/caption3.sty))
(/usr/local/texlive/2026/texmf-dist/tex/latex/emptypage/emptypage.sty)
(/usr/local/texlive/2026/texmf-dist/tex/latex/url/url.sty)
(/usr/local/texlive/2026/texmf-dist/tex/latex/lm/lmodern.sty)
(/usr/local/texlive/2026/texmf-dist/tex/latex/base/fontenc.sty
(/usr/local/texlive/2026/texmf-dist/tex/latex/lm/t1lmr.fd))
(./nowfnt-biblatex.sty
(/usr/local/texlive/2026/texmf-dist/tex/latex/biblatex/biblatex.sty
(/usr/local/texlive/2026/texmf-dist/tex/generic/pdftexcmds/pdftexcmds.sty
(/usr/local/texlive/2026/texmf-dist/tex/generic/infwarerr/infwarerr.sty)
(/usr/local/texlive/2026/texmf-dist/tex/generic/iftex/iftex.sty)
(/usr/local/texlive/2026/texmf-dist/tex/generic/ltxcmds/ltxcmds.sty))
(/usr/local/texlive/2026/texmf-dist/tex/latex/kvoptions/kvoptions.sty
(/usr/local/texlive/2026/texmf-dist/tex/latex/kvsetkeys/kvsetkeys.sty))
(/usr/local/texlive/2026/texmf-dist/tex/latex/logreq/logreq.sty
(/usr/local/texlive/2026/texmf-dist/tex/latex/logreq/logreq.def))
(/usr/local/texlive/2026/texmf-dist/tex/latex/biblatex/blx-dm.def)
(/usr/local/texlive/2026/texmf-dist/tex/latex/biblatex/blx-compat.def)
(/usr/local/texlive/2026/texmf-dist/tex/latex/biblatex/biblatex.def)
(/usr/local/texlive/2026/texmf-dist/tex/latex/biblatex/blx-natbib.def)
(/usr/local/texlive/2026/texmf-dist/tex/latex/biblatex/bbx/authoryear.bbx
(/usr/local/texlive/2026/texmf-dist/tex/latex/biblatex/bbx/standard.bbx))
(/usr/local/texlive/2026/texmf-dist/tex/latex/biblatex/cbx/authoryear.cbx)
(/usr/local/texlive/2026/texmf-dist/tex/latex/biblatex/biblatex.cfg)
(/usr/local/texlive/2026/texmf-dist/tex/latex/l3kernel/expl3.sty
(/usr/local/texlive/2026/texmf-dist/tex/latex/l3backend/l3backend-pdftex.def))
(/usr/local/texlive/2026/texmf-dist/tex/latex/biblatex/blx-case-expl3.sty
(/usr/local/texlive/2026/texmf-dist/tex/latex/l3packages/xparse/xparse.sty)))
(/usr/local/texlive/2026/texmf-dist/tex/latex/csquotes/csquotes.sty
(/usr/local/texlive/2026/texmf-dist/tex/latex/csquotes/csquotes.def)
(/usr/local/texlive/2026/texmf-dist/tex/latex/csquotes/csquotes.cfg)))
(/usr/local/texlive/2026/texmf-dist/tex/latex/amscls/amsthm.sty)
(/usr/local/texlive/2026/texmf-dist/tex/latex/geometry/geometry.sty
(/usr/local/texlive/2026/texmf-dist/tex/generic/iftex/ifvtex.sty))
(/usr/local/texlive/2026/texmf-dist/tex/latex/hyperref/hyperref.sty
(/usr/local/texlive/2026/texmf-dist/tex/generic/kvdefinekeys/kvdefinekeys.sty)
(/usr/local/texlive/2026/texmf-dist/tex/generic/pdfescape/pdfescape.sty)
(/usr/local/texlive/2026/texmf-dist/tex/latex/hycolor/hycolor.sty)
(/usr/local/texlive/2026/texmf-dist/tex/latex/hyperref/nameref.sty
(/usr/local/texlive/2026/texmf-dist/tex/latex/refcount/refcount.sty)
(/usr/local/texlive/2026/texmf-dist/tex/generic/gettitlestring/gettitlestring.s
ty)) (/usr/local/texlive/2026/texmf-dist/tex/generic/stringenc/stringenc.sty)
(/usr/local/texlive/2026/texmf-dist/tex/latex/hyperref/pd1enc.def)
(/usr/local/texlive/2026/texmf-dist/tex/generic/intcalc/intcalc.sty)
(/usr/local/texlive/2026/texmf-dist/tex/latex/hyperref/puenc.def)
(/usr/local/texlive/2026/texmf-dist/tex/generic/bitset/bitset.sty
(/usr/local/texlive/2026/texmf-dist/tex/generic/bigintcalc/bigintcalc.sty)))
(/usr/local/texlive/2026/texmf-dist/tex/latex/hyperref/hpdftex.def
(/usr/local/texlive/2026/texmf-dist/tex/latex/rerunfilecheck/rerunfilecheck.sty

(/usr/local/texlive/2026/texmf-dist/tex/generic/uniquecounter/uniquecounter.sty
))) (/usr/local/texlive/2026/texmf-dist/tex/latex/bookmark/bookmark.sty
(/usr/local/texlive/2026/texmf-dist/tex/latex/bookmark/bkm-pdftex.def)))
(/usr/local/texlive/2026/texmf-dist/tex/latex/pgf/frontendlayer/tikz.sty
(/usr/local/texlive/2026/texmf-dist/tex/latex/pgf/basiclayer/pgf.sty
(/usr/local/texlive/2026/texmf-dist/tex/latex/pgf/utilities/pgfrcs.sty
(/usr/local/texlive/2026/texmf-dist/tex/generic/pgf/utilities/pgfutil-common.te
x)
(/usr/local/texlive/2026/texmf-dist/tex/generic/pgf/utilities/pgfutil-latex.def
) (/usr/local/texlive/2026/texmf-dist/tex/generic/pgf/utilities/pgfrcs.code.tex
(/usr/local/texlive/2026/texmf-dist/tex/generic/pgf/pgf.revision.tex)))
(/usr/local/texlive/2026/texmf-dist/tex/latex/pgf/basiclayer/pgfcore.sty
(/usr/local/texlive/2026/texmf-dist/tex/latex/pgf/systemlayer/pgfsys.sty
(/usr/local/texlive/2026/texmf-dist/tex/generic/pgf/systemlayer/pgfsys.code.tex
(/usr/local/texlive/2026/texmf-dist/tex/generic/pgf/utilities/pgfkeys.code.tex
(/usr/local/texlive/2026/texmf-dist/tex/generic/pgf/utilities/pgfkeyslibraryfil
tered.code.tex))
(/usr/local/texlive/2026/texmf-dist/tex/generic/pgf/systemlayer/pgf.cfg)
(/usr/local/texlive/2026/texmf-dist/tex/generic/pgf/systemlayer/pgfsys-pdftex.d
ef
(/usr/local/texlive/2026/texmf-dist/tex/generic/pgf/systemlayer/pgfsys-common-p
df.def)))
(/usr/local/texlive/2026/texmf-dist/tex/generic/pgf/systemlayer/pgfsyssoftpath.
code.tex)
(/usr/local/texlive/2026/texmf-dist/tex/generic/pgf/systemlayer/pgfsysprotocol.
code.tex))
(/usr/local/texlive/2026/texmf-dist/tex/generic/pgf/basiclayer/pgfcore.code.tex
(/usr/local/texlive/2026/texmf-dist/tex/generic/pgf/math/pgfmath.code.tex
(/usr/local/texlive/2026/texmf-dist/tex/generic/pgf/math/pgfmathutil.code.tex)
(/usr/local/texlive/2026/texmf-dist/tex/generic/pgf/math/pgfmathparser.code.tex
)
(/usr/local/texlive/2026/texmf-dist/tex/generic/pgf/math/pgfmathfunctions.code.
tex)
(/usr/local/texlive/2026/texmf-dist/tex/generic/pgf/math/pgfmathfunctions.basic
.code.tex)
(/usr/local/texlive/2026/texmf-dist/tex/generic/pgf/math/pgfmathfunctions.trigo
nometric.code.tex)
(/usr/local/texlive/2026/texmf-dist/tex/generic/pgf/math/pgfmathfunctions.rando
m.code.tex)
(/usr/local/texlive/2026/texmf-dist/tex/generic/pgf/math/pgfmathfunctions.compa
rison.code.tex)
(/usr/local/texlive/2026/texmf-dist/tex/generic/pgf/math/pgfmathfunctions.base.
code.tex)
(/usr/local/texlive/2026/texmf-dist/tex/generic/pgf/math/pgfmathfunctions.round
.code.tex)
(/usr/local/texlive/2026/texmf-dist/tex/generic/pgf/math/pgfmathfunctions.misc.
code.tex)
(/usr/local/texlive/2026/texmf-dist/tex/generic/pgf/math/pgfmathfunctions.integ
erarithmetics.code.tex)
(/usr/local/texlive/2026/texmf-dist/tex/generic/pgf/math/pgfmathcalc.code.tex)
(/usr/local/texlive/2026/texmf-dist/tex/generic/pgf/math/pgfmathfloat.code.tex)
) (/usr/local/texlive/2026/texmf-dist/tex/generic/pgf/math/pgfint.code.tex)
(/usr/local/texlive/2026/texmf-dist/tex/generic/pgf/basiclayer/pgfcorepoints.co
de.tex)
(/usr/local/texlive/2026/texmf-dist/tex/generic/pgf/basiclayer/pgfcorepathconst
ruct.code.tex)
(/usr/local/texlive/2026/texmf-dist/tex/generic/pgf/basiclayer/pgfcorepathusage
.code.tex)
(/usr/local/texlive/2026/texmf-dist/tex/generic/pgf/basiclayer/pgfcorescopes.co
de.tex)
(/usr/local/texlive/2026/texmf-dist/tex/generic/pgf/basiclayer/pgfcoregraphicst
ate.code.tex)
(/usr/local/texlive/2026/texmf-dist/tex/generic/pgf/basiclayer/pgfcoretransform
ations.code.tex)
(/usr/local/texlive/2026/texmf-dist/tex/generic/pgf/basiclayer/pgfcorequick.cod
e.tex)
(/usr/local/texlive/2026/texmf-dist/tex/generic/pgf/basiclayer/pgfcoreobjects.c
ode.tex)
(/usr/local/texlive/2026/texmf-dist/tex/generic/pgf/basiclayer/pgfcorepathproce
ssing.code.tex)
(/usr/local/texlive/2026/texmf-dist/tex/generic/pgf/basiclayer/pgfcorearrows.co
de.tex)
(/usr/local/texlive/2026/texmf-dist/tex/generic/pgf/basiclayer/pgfcoreshade.cod
e.tex)
(/usr/local/texlive/2026/texmf-dist/tex/generic/pgf/basiclayer/pgfcoreimage.cod
e.tex)
(/usr/local/texlive/2026/texmf-dist/tex/generic/pgf/basiclayer/pgfcoreexternal.
code.tex)
(/usr/local/texlive/2026/texmf-dist/tex/generic/pgf/basiclayer/pgfcorelayers.co
de.tex)
(/usr/local/texlive/2026/texmf-dist/tex/generic/pgf/basiclayer/pgfcoretranspare
ncy.code.tex)
(/usr/local/texlive/2026/texmf-dist/tex/generic/pgf/basiclayer/pgfcorepatterns.
code.tex)
(/usr/local/texlive/2026/texmf-dist/tex/generic/pgf/basiclayer/pgfcorerdf.code.
tex)))
(/usr/local/texlive/2026/texmf-dist/tex/generic/pgf/modules/pgfmoduleshapes.cod
e.tex)
(/usr/local/texlive/2026/texmf-dist/tex/generic/pgf/modules/pgfmoduleplot.code.
tex)
(/usr/local/texlive/2026/texmf-dist/tex/latex/pgf/compatibility/pgfcomp-version
-0-65.sty)
(/usr/local/texlive/2026/texmf-dist/tex/latex/pgf/compatibility/pgfcomp-version
-1-18.sty))
(/usr/local/texlive/2026/texmf-dist/tex/latex/pgf/utilities/pgffor.sty
(/usr/local/texlive/2026/texmf-dist/tex/latex/pgf/utilities/pgfkeys.sty
(/usr/local/texlive/2026/texmf-dist/tex/generic/pgf/utilities/pgfkeys.code.tex)
) (/usr/local/texlive/2026/texmf-dist/tex/latex/pgf/math/pgfmath.sty
(/usr/local/texlive/2026/texmf-dist/tex/generic/pgf/math/pgfmath.code.tex))
(/usr/local/texlive/2026/texmf-dist/tex/generic/pgf/utilities/pgffor.code.tex))

(/usr/local/texlive/2026/texmf-dist/tex/generic/pgf/frontendlayer/tikz/tikz.cod
e.tex
(/usr/local/texlive/2026/texmf-dist/tex/generic/pgf/libraries/pgflibraryplothan
dlers.code.tex)
(/usr/local/texlive/2026/texmf-dist/tex/generic/pgf/modules/pgfmodulematrix.cod
e.tex)
(/usr/local/texlive/2026/texmf-dist/tex/generic/pgf/frontendlayer/tikz/librarie
s/tikzlibrarytopaths.code.tex)))
(/usr/local/texlive/2026/texmf-dist/tex/generic/pgf/libraries/pgflibraryarrows.
meta.code.tex)
(/usr/local/texlive/2026/texmf-dist/tex/generic/pgf/frontendlayer/tikz/librarie
s/tikzlibrarycalc.code.tex)
(/usr/local/texlive/2026/texmf-dist/tex/generic/pgf/frontendlayer/tikz/librarie
s/tikzlibrarypositioning.code.tex)
(/usr/local/texlive/2026/texmf-dist/tex/generic/pgf/frontendlayer/tikz/librarie
s/tikzlibraryshapes.geometric.code.tex
(/usr/local/texlive/2026/texmf-dist/tex/generic/pgf/libraries/shapes/pgflibrary
shapes.geometric.code.tex))
(/usr/local/texlive/2026/texmf-dist/tex/latex/caption/subcaption.sty)
(/usr/local/texlive/2026/texmf-dist/tex/latex/jknapltx/mathrsfs.sty)
(/usr/local/texlive/2026/texmf-dist/tex/latex/tcolorbox/tcolorbox.sty
(/usr/local/texlive/2026/texmf-dist/tex/latex/tools/verbatim.sty)
(/usr/local/texlive/2026/texmf-dist/tex/latex/environ/environ.sty))
(/usr/local/texlive/2026/texmf-dist/tex/latex/booktabs/booktabs.sty)
(/usr/local/texlive/2026/texmf-dist/tex/generic/pgf/frontendlayer/tikz/librarie
s/tikzlibraryshapes.code.tex
(/usr/local/texlive/2026/texmf-dist/tex/generic/pgf/frontendlayer/tikz/librarie
s/tikzlibraryshapes.misc.code.tex
(/usr/local/texlive/2026/texmf-dist/tex/generic/pgf/libraries/shapes/pgflibrary
shapes.misc.code.tex))
(/usr/local/texlive/2026/texmf-dist/tex/generic/pgf/frontendlayer/tikz/librarie
s/tikzlibraryshapes.symbols.code.tex
(/usr/local/texlive/2026/texmf-dist/tex/generic/pgf/libraries/shapes/pgflibrary
shapes.symbols.code.tex))
(/usr/local/texlive/2026/texmf-dist/tex/generic/pgf/frontendlayer/tikz/librarie
s/tikzlibraryshapes.arrows.code.tex
(/usr/local/texlive/2026/texmf-dist/tex/generic/pgf/libraries/shapes/pgflibrary
shapes.arrows.code.tex))
(/usr/local/texlive/2026/texmf-dist/tex/generic/pgf/frontendlayer/tikz/librarie
s/tikzlibraryshapes.callouts.code.tex
(/usr/local/texlive/2026/texmf-dist/tex/generic/pgf/libraries/shapes/pgflibrary
shapes.callouts.code.tex))
(/usr/local/texlive/2026/texmf-dist/tex/generic/pgf/frontendlayer/tikz/librarie
s/tikzlibraryshapes.multipart.code.tex
(/usr/local/texlive/2026/texmf-dist/tex/generic/pgf/libraries/shapes/pgflibrary
shapes.multipart.code.tex)))
(/usr/local/texlive/2026/texmf-dist/tex/generic/pgf/frontendlayer/tikz/librarie
s/tikzlibraryarrows.code.tex
(/usr/local/texlive/2026/texmf-dist/tex/generic/pgf/libraries/pgflibraryarrows.
code.tex))
(/usr/local/texlive/2026/texmf-dist/tex/generic/pgf/frontendlayer/tikz/librarie
s/tikzlibrarybackgrounds.code.tex)
(/usr/local/texlive/2026/texmf-dist/tex/generic/pgf/frontendlayer/tikz/librarie
s/tikzlibraryshadows.code.tex
(/usr/local/texlive/2026/texmf-dist/tex/generic/pgf/frontendlayer/tikz/librarie
s/tikzlibraryfadings.code.tex
(/usr/local/texlive/2026/texmf-dist/tex/generic/pgf/libraries/pgflibraryfadings
.code.tex)))
(/usr/local/texlive/2026/texmf-dist/tex/latex/stmaryrd/stmaryrd.sty)
(/usr/local/texlive/2026/texmf-dist/tex/latex/placeins/placeins.sty)
(/usr/local/texlive/2026/texmf-dist/tex/latex/cancel/cancel.sty)
(/usr/local/texlive/2026/texmf-dist/tex/latex/tools/tabularx.sty)
(/usr/local/texlive/2026/texmf-dist/tex/latex/mathtools/mathtools.sty
(/usr/local/texlive/2026/texmf-dist/tex/latex/mathtools/mhsetup.sty)
(/usr/local/texlive/2026/texmf-dist/tex/latex/amsmath/amsmath.sty
For additional information on amsmath, use the `?' option.
(/usr/local/texlive/2026/texmf-dist/tex/latex/amsmath/amstext.sty
(/usr/local/texlive/2026/texmf-dist/tex/latex/amsmath/amsgen.sty))
(/usr/local/texlive/2026/texmf-dist/tex/latex/amsmath/amsbsy.sty)
(/usr/local/texlive/2026/texmf-dist/tex/latex/amsmath/amsopn.sty)))
(/usr/local/texlive/2026/texmf-dist/tex/latex/fancybox/fancybox.sty
Style option: `fancybox' v1.4 <2010/05/15> (tvz)
) (/usr/local/texlive/2026/texmf-dist/tex/latex/colortbl/colortbl.sty)
(/usr/local/texlive/2026/texmf-dist/tex/latex/amsfonts/amssymb.sty
(/usr/local/texlive/2026/texmf-dist/tex/latex/amsfonts/amsfonts.sty))
(/usr/local/texlive/2026/texmf-dist/tex/latex/setspace/setspace.sty)
(/usr/local/texlive/2026/texmf-dist/tex/latex/float/float.sty)
(/usr/local/texlive/2026/texmf-dist/tex/latex/base/inputenc.sty)
(/usr/local/texlive/2026/texmf-dist/tex/generic/babel/babel.sty
(/usr/local/texlive/2026/texmf-dist/tex/generic/babel/txtbabel.def)
(/usr/local/texlive/2026/texmf-dist/tex/generic/babel/locale/en/babel-english.t
ex) (/usr/local/texlive/2026/texmf-dist/tex/generic/babel-english/english.ldf))
 (/usr/local/texlive/2026/texmf-dist/tex/latex/mwe/mwe.sty
(/usr/local/texlive/2026/texmf-dist/tex/latex/lipsum/lipsum.sty
(/usr/local/texlive/2026/texmf-dist/tex/latex/l3packages/l3keys2e/l3keys2e.sty)
(/usr/local/texlive/2026/texmf-dist/tex/latex/lipsum/lipsum.ltd.tex))
(/usr/local/texlive/2026/texmf-dist/tex/latex/blindtext/blindtext.sty
(/usr/local/texlive/2026/texmf-dist/tex/latex/tools/xspace.sty)))
(/usr/local/texlive/2026/texmf-dist/tex/latex/adjustbox/adjustbox.sty
(/usr/local/texlive/2026/texmf-dist/tex/latex/xkeyval/xkeyval.sty
(/usr/local/texlive/2026/texmf-dist/tex/generic/xkeyval/xkeyval.tex
(/usr/local/texlive/2026/texmf-dist/tex/generic/xkeyval/xkvutils.tex)))
(/usr/local/texlive/2026/texmf-dist/tex/latex/adjustbox/adjcalc.sty)
(/usr/local/texlive/2026/texmf-dist/tex/latex/adjustbox/trimclip.sty
(/usr/local/texlive/2026/texmf-dist/tex/latex/collectbox/collectbox.sty)
(/usr/local/texlive/2026/texmf-dist/tex/latex/adjustbox/tc-pdftex.def))
(/usr/local/texlive/2026/texmf-dist/tex/latex/ifoddpage/ifoddpage.sty)
(/usr/local/texlive/2026/texmf-dist/tex/latex/varwidth/varwidth.sty)
==> First Aid for varwidth.sty applied!
) (/usr/local/texlive/2026/texmf-dist/tex/latex/multirow/multirow.sty)
(/usr/local/texlive/2026/texmf-dist/tex/latex/makecell/makecell.sty)
(./annotate_eqs.sty

LaTeX Warning: You have requested package `annotate_eqs',
               but the package provides `annotate-equations'.

(/usr/local/texlive/2026/texmf-dist/tex/generic/iftex/ifluatex.sty)
(/usr/local/texlive/2026/texmf-dist/tex/latex/tikzmark/tikzlibrarytikzmark.code
.tex)
(/usr/local/texlive/2026/texmf-dist/tex/generic/pgf/frontendlayer/tikz/librarie
s/tikzlibrarybabel.code.tex))
(/usr/local/texlive/2026/texmf-dist/tex/generic/pgf/frontendlayer/tikz/librarie
s/tikzlibraryfit.code.tex)
(/usr/local/texlive/2026/texmf-dist/tex/latex/epigraph/epigraph.sty
(/usr/local/texlive/2026/texmf-dist/tex/latex/nextpage/nextpage.sty))
(/usr/local/texlive/2026/texmf-dist/tex/latex/thmbox/thmbox.sty)
(/usr/local/texlive/2026/texmf-dist/tex/latex/tcolorbox/tcbtheorems.code.tex
Library (tcolorbox): 'tcbtheorems.code.tex' version '6.9.0'
) (/usr/local/texlive/2026/texmf-dist/tex/latex/tcolorbox/tcbskins.code.tex
Library (tcolorbox): 'tcbskins.code.tex' version '6.9.0'
(/usr/local/texlive/2026/texmf-dist/tex/latex/tikzfill/tikzfill.image.sty
(/usr/local/texlive/2026/texmf-dist/tex/latex/tikzfill/tikzfill-common.sty)
(/usr/local/texlive/2026/texmf-dist/tex/latex/tikzfill/tikzlibraryfill.image.co
de.tex))
(/usr/local/texlive/2026/texmf-dist/tex/latex/tcolorbox/tcbskinsjigsaw.code.tex
Library (tcolorbox): 'tcbskinsjigsaw.code.tex' version '6.9.0'
))
(/usr/local/texlive/2026/texmf-dist/tex/latex/tcolorbox/tcbbreakable.code.tex
Library (tcolorbox): 'tcbbreakable.code.tex' version '6.9.0'
(/usr/local/texlive/2026/texmf-dist/tex/latex/pdfcol/pdfcol.sty))
(/usr/local/texlive/2026/texmf-dist/tex/latex/algorithms/algorithm.sty)
(/usr/local/texlive/2026/texmf-dist/tex/latex/algorithmicx/algpseudocode.sty
(/usr/local/texlive/2026/texmf-dist/tex/latex/algorithmicx/algorithmicx.sty
Document Style algorithmicx 1.2 - a greatly improved `algorithmic' style
)
Document Style - pseudocode environments for use with the `algorithmicx' style
) (/usr/local/texlive/2026/texmf-dist/tex/latex/cleveref/cleveref.sty)
==> First Aid for cleveref.sty applied!
(/usr/local/texlive/2026/texmf-dist/tex/latex/mdframed/mdframed.sty
(/usr/local/texlive/2026/texmf-dist/tex/latex/zref/zref-abspage.sty
(/usr/local/texlive/2026/texmf-dist/tex/latex/zref/zref-base.sty
(/usr/local/texlive/2026/texmf-dist/tex/generic/etexcmds/etexcmds.sty)
(/usr/local/texlive/2026/texmf-dist/tex/latex/auxhook/auxhook.sty)))
(/usr/local/texlive/2026/texmf-dist/tex/latex/needspace/needspace.sty)
(/usr/local/texlive/2026/texmf-dist/tex/latex/mdframed/md-frame-1.mdf))
(./math_commands.tex (/usr/local/texlive/2026/texmf-dist/tex/latex/tools/bm.sty
) (/usr/local/texlive/2026/texmf-dist/tex/latex/enumitem/enumitem.sty)
(/usr/local/texlive/2026/texmf-dist/tex/generic/soul/soul.sty
(/usr/local/texlive/2026/texmf-dist/tex/generic/soul/soul-ori.sty)))
(./theorems.tex
(/usr/local/texlive/2026/texmf-dist/tex/latex/tcolorbox/tcbhooks.code.tex
Library (tcolorbox): 'tcbhooks.code.tex' version '6.9.0'
)) (./scaffolding.tex)
(/usr/local/texlive/2026/texmf-dist/tex/latex/psnfss/pifont.sty
(/usr/local/texlive/2026/texmf-dist/tex/latex/psnfss/upzd.fd)
(/usr/local/texlive/2026/texmf-dist/tex/latex/psnfss/upsy.fd))
(/usr/local/texlive/2026/texmf-dist/tex/latex/pstricks/pstricks.sty
(/usr/local/texlive/2026/texmf-dist/tex/generic/xkeyval/pst-xkey.tex)
(/usr/local/texlive/2026/texmf-dist/tex/generic/pstricks/pstricks.tex
(/usr/local/texlive/2026/texmf-dist/tex/generic/pstricks/pst-fp.tex
`pst-fp' v0.06, 2020/11/20 (hv))
`PSTricks' v3.22A  <2025/12/13> (tvz,hv)
--- We are running latex or xelatex ---
(/usr/local/texlive/2026/texmf-dist/tex/generic/pstricks/pstricks.con)
(/usr/local/texlive/2026/texmf-dist/tex/generic/pstricks/pstricks-color.tex)
(/usr/local/texlive/2026/texmf-dist/tex/generic/pstricks/pstricks-arrows.tex)
(/usr/local/texlive/2026/texmf-dist/tex/generic/pstricks/pstricks-dots.tex)
(/usr/local/texlive/2026/texmf-dist/tex/generic/pstricks/pst-code-grid.tex)
(/usr/local/texlive/2026/texmf-dist/tex/generic/pstricks/pst-code-box.tex)
(/usr/local/texlive/2026/texmf-dist/tex/generic/pstricks/pst-code-arc.tex)
(/usr/local/texlive/2026/texmf-dist/tex/generic/pstricks/pst-code-circle_ellips
e.tex)
(/usr/local/texlive/2026/texmf-dist/tex/generic/pstricks/pst-code-ref_rot.tex)
(/usr/local/texlive/2026/texmf-dist/tex/generic/pstricks/pst-code-put.tex)
(/usr/local/texlive/2026/texmf-dist/tex/generic/pstricks/pst-code-pspicture.tex
) (/usr/local/texlive/2026/texmf-dist/tex/generic/pstricks/pstricks.con))
(/usr/local/texlive/2026/texmf-dist/tex/generic/pstricks/pst-fp.tex
`pst-fp' v0.06, 2020/11/20 (hv)))
(/usr/local/texlive/2026/texmf-dist/tex/latex/pstricks-add/pstricks-add.sty
(/usr/local/texlive/2026/texmf-dist/tex/latex/pst-plot/pst-plot.sty
(/usr/local/texlive/2026/texmf-dist/tex/latex/xkeyval/pst-xkey.sty)
(/usr/local/texlive/2026/texmf-dist/tex/latex/multido/multido.sty
(/usr/local/texlive/2026/texmf-dist/tex/generic/multido/multido.tex
 v1.42, 2010/05/14 <tvz>))
(/usr/local/texlive/2026/texmf-dist/tex/generic/pst-plot/pst-plot.tex
(/usr/local/texlive/2026/texmf-dist/tex/generic/pst-tools/pst-tools.tex
`PST-tools' v0.12, 2021/09/23 (hv))
(/usr/local/texlive/2026/texmf-dist/tex/generic/pstricks-add/pstricks-add.tex
(/usr/local/texlive/2026/texmf-dist/tex/generic/pst-node/pst-node.tex
 v1.45, 2024/07/10)
(/usr/local/texlive/2026/texmf-dist/tex/generic/pst-arrow/pst-arrow.tex
`pst-arrow' v0.05, 2021/11/16 (dr,hv))
(/usr/local/texlive/2026/texmf-dist/tex/generic/pst-3d/pst-3d.tex
`PST-3d' v1.11, 2010/02/14 (tvz))
(/usr/local/texlive/2026/texmf-dist/tex/generic/pst-math/pst-math.tex
`pst-math' v0.67 , (CJ,hv)) `pstricks-add' v3.94, 2023/04/17 (dr,hv))
 v1.94, 2022/11/21 (tvz,hv)))
(/usr/local/texlive/2026/texmf-dist/tex/latex/pst-node/pst-node.sty
(/usr/local/texlive/2026/texmf-dist/tex/generic/pst-node/pst-node.tex))
(/usr/local/texlive/2026/texmf-dist/tex/latex/pst-3d/pst-3d.sty
(/usr/local/texlive/2026/texmf-dist/tex/generic/pst-3d/pst-3d.tex))
(/usr/local/texlive/2026/texmf-dist/tex/latex/pst-math/pst-math.sty
(/usr/local/texlive/2026/texmf-dist/tex/latex/pst-calculate/pst-calculate.sty
(/usr/local/texlive/2026/texmf-dist/tex/latex/siunitx/siunitx.sty
(/usr/local/texlive/2026/texmf-dist/tex/latex/translations/translations.sty)))
(/usr/local/texlive/2026/texmf-dist/tex/generic/xstring/xstring.sty
(/usr/local/texlive/2026/texmf-dist/tex/generic/xstring/xstring.tex))
(/usr/local/texlive/2026/texmf-dist/tex/generic/pst-math/pst-math.tex))
(/usr/local/texlive/2026/texmf-dist/tex/generic/pstricks-add/pstricks-add.tex))
 (/usr/local/texlive/2026/texmf-dist/tex/latex/cjk-ko/kotex.sty
(/usr/local/texlive/2026/texmf-dist/tex/latex/kotex-utf/kotex.cfg)
(/usr/local/texlive/2026/texmf-dist/tex/latex/kotex-utf/kotexutf.sty
(/usr/local/texlive/2026/texmf-dist/tex/plain/kotex-plain/kotexutf-core.tex)
(/usr/local/texlive/2026/texmf-dist/tex/latex/kotex-utf/lucenc.dfu)
(/usr/local/texlive/2026/texmf-dist/tex/latex/cjk-ko/kolabels-utf.sty)))
First name missing
First name missing
First name missing
First name missing
First name missing

Package biblatex Warning: Load 'inputenc' before biblatex.


Package csquotes Warning: Load 'inputenc' before 'csquotes' on input line 423.

(build/main_v2.aux)
(/usr/local/texlive/2026/texmf-dist/tex/latex/nanumtype1/lucnanummj.fd)
(/usr/local/texlive/2026/texmf-dist/tex/context/base/mkii/supp-pdf.mkii
[Loading MPS to PDF converter (version 2006.09.02).]
) (/usr/local/texlive/2026/texmf-dist/tex/latex/epstopdf-pkg/epstopdf-base.sty
(/usr/local/texlive/2026/texmf-dist/tex/latex/latexconfig/epstopdf-sys.cfg))
(/usr/local/texlive/2026/texmf-dist/tex/latex/pdflscape/pdflscape.sty
(/usr/local/texlive/2026/texmf-dist/tex/latex/pdflscape/pdflscape-nometadata.st
y (/usr/local/texlive/2026/texmf-dist/tex/latex/graphics/lscape.sty)))

Package microtype Warning: Command \pickup@font is not defined as expected.
(microtype)                Patching it anyway. Some things may break.
(microtype)                Double-check whether micro-typography is indeed
(microtype)                applied to the document.
(microtype)                (Hint: Turn on `verbose' mode).

(/usr/local/texlive/2026/texmf-dist/tex/latex/microtype/mt-cmr.cfg)
(/usr/local/texlive/2026/texmf-dist/tex/latex/biblatex/lbx/english.lbx)
(build/main_v2.bbl)
*geometry* driver: auto-detecting
*geometry* detected driver: pdftex

(/usr/local/texlive/2026/texmf-dist/tex/latex/translations/translations-basic-d
ictionary-english.trsl)
(/usr/local/texlive/2026/texmf-dist/tex/latex/lm/t1lmss.fd)
(/usr/local/texlive/2026/texmf-dist/tex/latex/lm/ot1lmr.fd)
(/usr/local/texlive/2026/texmf-dist/tex/latex/lm/omllmm.fd)
(/usr/local/texlive/2026/texmf-dist/tex/latex/lm/omslmsy.fd)
(/usr/local/texlive/2026/texmf-dist/tex/latex/lm/omxlmex.fd)
(/usr/local/texlive/2026/texmf-dist/tex/latex/jknapltx/ursfs.fd)
(/usr/local/texlive/2026/texmf-dist/tex/latex/stmaryrd/Ustmry.fd)
(/usr/local/texlive/2026/texmf-dist/tex/latex/amsfonts/umsa.fd)
(/usr/local/texlive/2026/texmf-dist/tex/latex/microtype/mt-msa.cfg)
(/usr/local/texlive/2026/texmf-dist/tex/latex/amsfonts/umsb.fd)
(/usr/local/texlive/2026/texmf-dist/tex/latex/microtype/mt-msb.cfg)

LaTeX Font Warning: Font shape `U/stmry/b/n' undefined
(Font)              using `U/stmry/m/n' instead on input line 423.


LaTeX Font Warning: Font shape `U/rsfs/m/n' in size <13> not available
(Font)              size <12> substituted on input line 423.


LaTeX Font Warning: Font shape `U/rsfs/m/n' in size <6.5> not available
(Font)              size <6> substituted on input line 423.


LaTeX Font Warning: Font shape `U/stmry/m/n' in size <13> not available
(Font)              size <12> substituted on input line 423.


LaTeX Font Warning: Font shape `U/stmry/m/n' in size <6.5> not available
(Font)              size <6> substituted on input line 423.


LaTeX Font Warning: Font shape `U/stmry/b/n' in size <13> not available
(Font)              size <12> substituted on input line 423.


LaTeX Font Warning: Font shape `U/stmry/b/n' in size <6.5> not available
(Font)              size <6> substituted on input line 423.

[1
Non-PDF special ignored!
<special> header=pstricks.pro
Non-PDF special ignored!
<special> header=pst-algparser.pro
Non-PDF special ignored!
<special> header=pst-tools.pro
Non-PDF special ignored!
<special> header=pst-dots.pro
Non-PDF special ignored!
<special> header=pst-node.pro
Non-PDF special ignored!
<special> header=pst-3d.pro
Non-PDF special ignored!
<special> header=pst-math.pro
Non-PDF special ignored!
<special> header=pstricks-add.pro
Non-PDF special ignored!
<special> ps: /pssetRGBcolor /setrgbcolor load def /pssetCMYKcolor /setcmyk...
Non-PDF special ignored!
<special> ps:tx@Dict begin  gsave STV CP T /ps@rot 0 def grestore  end
Non-PDF special ignored!
<special> ps:tx@Dict begin  gsave STV CP T /ps@refangle 0.  def grestore  e...
Non-PDF special ignored!
<special> ps:tx@Dict begin  gsave STV CP T /ps@rot 0 def grestore  end
{/usr/local/texlive/2026/texmf-var/fonts/map/pdftex/updmap/pdftex.map}{/usr/loc
al/texlive/2026/texmf-dist/fonts/enc/dvips/lm/lm-ec.enc}] (build/main_v2.toc
[2] [3] (/usr/local/texlive/2026/texmf-dist/tex/latex/lm/t1lmtt.fd) [4])
[5] (./fnfix.tex) (/usr/local/texlive/2026/texmf-dist/tex/latex/lm/ts1lmr.fd)
[1{/usr/local/texlive/2026/texmf-dist/fonts/enc/dvips/lm/lm-ts1.enc}] [2]
(./Preface.tex [3] [4] [5] [6 <./Images/PartA/diffusion_forward_vs_reverse.pdf>
] [7] [8{/usr/local/texlive/2026/texmf-dist/fonts/enc/dvips/lm/lm-mathsy.enc}]
[9] [10]) (./notations.tex [11]
Underfull \vbox (badness 10000) has occurred while \output is active [12{/usr/l
ocal/texlive/2026/texmf-dist/fonts/enc/dvips/lm/lm-mathit.enc}{/usr/local/texli
ve/2026/texmf-dist/fonts/enc/dvips/lm/lm-rm.enc}]
Overfull \hbox (23.66492pt too wide) in paragraph at lines 86--86
[]$\U/msb/m/n/10.95 E[]\OT1/lmr/bx/n/10.95 (-20) f\OT1/lmr/m/n/10.95 (-20) (\OT
1/lmr/bx/n/10.95 (-20) x\OT1/lmr/m/n/10.95 (-20) ) \OMS/lmsy/m/n/10.95 j \OT1/l
mr/bx/n/10.95 (-20) z[]$\T1/lmr/m/n/10.95 (-20) ,  

Overfull \hbox (42.28333pt too wide) in paragraph at lines 86--86
\U/msb/m/n/10.95 E[][]\OT1/lmr/bx/n/10.95 (-20) f\OT1/lmr/m/n/10.95 (-20) (\OT1
/lmr/bx/n/10.95 (-20) x\OT1/lmr/m/n/10.95 (-20) )[]$  

Underfull \vbox (badness 1603) has occurred while \output is active [13{/usr/lo
cal/texlive/2026/texmf-dist/fonts/enc/dvips/lm/lm-mathex.enc}]) [14] [15]
(./Prologue-Deep-Generative-Modeling.tex
Chapter 1.
[16] [17] [18 <./Images/PartB/dgm-learning.pdf>] [19]
Overfull \hbox (1.45654pt too wide) in paragraph at lines 385--394
\T1/lmr/m/n/10.95 (-20) It mea-sures the dis-crep-ancy be-tween the \T1/lmr/m/i
t/10.95 (-20) score func-tions $\OMS/lmsy/m/n/10.95 r[] [] \OML/lmm/m/it/10.95 
p\OT1/lmr/m/n/10.95 (-20) (\OT1/lmr/bx/n/10.95 (-20) x\OT1/lmr/m/n/10.95 (-20) 
)$ \T1/lmr/m/n/10.95 (-20) and $\OMS/lmsy/m/n/10.95 r[] [] \OML/lmm/m/it/10.95 
q\OT1/lmr/m/n/10.95 (-20) (\OT1/lmr/bx/n/10.95 (-20) x\OT1/lmr/m/n/10.95 (-20) 
)$\T1/lmr/m/n/10.95 (-20) ,
[20] [21] [22]

LaTeX Warning: Float too large for page by 23.41594pt on input line 681.

[23] [24] [25] [26] [27]) [28] [29] [30] (./Part-B-diagram.tex)
(./Chapter-0-Diffusion-High-Level.tex [31] [32] [33 <./Images/PartA/intro_forwa
rd.pdf>] [34] [35 <./Images/PartA/intro-diffusion-reverse.pdf>])
(./Chapter-1-Varational-Perspective-From-VAE-to-DDPM.tex [36]
Chapter 2.

Underfull \vbox (badness 1874) has occurred while \output is active [37]
[38] [39]
Underfull \vbox (badness 6477) has occurred while \output is active [40]
[41] [42] [43] [44] [45] [46] [47] [48] [49] [50 <./Images/PartB/vdm-forward.pd
f>] [51 <./Images/PartB/vdm-backward.pdf>] [52 <./Images/PartB/ddpm_conditional
_trick.pdf>]
Underfull \vbox (badness 10000) has occurred while \output is active [53]
[54] [55] [56] [57] [58] [59] [60 <./Images/PartB/diffusion-clean.pdf>]
[61]) (./Chapter-2-Score-Based-Perspective-From-EBMs-to-NCSN.tex [62]
Chapter 3.

Underfull \vbox (badness 4886) has occurred while \output is active [63]
[64] [65 <./Images/PartB/ebm-graph.pdf>] [66] [67 <./Images/PartB/score_functio
n_plot.pdf>] [68 <./Images/PartB/langevin_sampling.png>] [69] [70]

Package mdframed Warning: You got a bad break
(mdframed)                because the last box will be empty
(mdframed)                you have to change it manually
(mdframed)                by changing the text, the space
(mdframed)                or something else on input line 501.


Overfull \vbox (16.57092pt too high) detected at line 501

Overfull \vbox (17.57092pt too high) detected at line 501

Overfull \vbox (18.57092pt too high) detected at line 501

Overfull \vbox (19.57092pt too high) detected at line 501

Overfull \vbox (20.57092pt too high) detected at line 501

Overfull \vbox (21.57092pt too high) detected at line 501

Overfull \vbox (22.57092pt too high) detected at line 501

Overfull \vbox (23.57092pt too high) detected at line 501

Overfull \vbox (24.57092pt too high) detected at line 501

Overfull \vbox (25.57092pt too high) detected at line 501

Overfull \vbox (26.57092pt too high) detected at line 501

Overfull \vbox (27.57092pt too high) detected at line 501

Overfull \vbox (28.57092pt too high) detected at line 501

Overfull \vbox (29.57092pt too high) detected at line 501

Overfull \vbox (30.57092pt too high) detected at line 501

Overfull \vbox (31.57092pt too high) detected at line 501

Overfull \vbox (32.57092pt too high) detected at line 501

Overfull \vbox (33.57092pt too high) detected at line 501

Overfull \vbox (34.57092pt too high) detected at line 501

Overfull \vbox (35.57092pt too high) detected at line 501

Overfull \vbox (36.57092pt too high) detected at line 501

Overfull \vbox (37.57092pt too high) detected at line 501

Overfull \vbox (38.57092pt too high) detected at line 501

Overfull \vbox (39.57092pt too high) detected at line 501

Overfull \vbox (40.57092pt too high) detected at line 501

Overfull \vbox (41.57092pt too high) detected at line 501

Overfull \vbox (42.57092pt too high) detected at line 501

Overfull \vbox (43.57092pt too high) detected at line 501

Overfull \vbox (44.57092pt too high) detected at line 501

Overfull \vbox (45.57092pt too high) detected at line 501

Overfull \vbox (46.57092pt too high) detected at line 501

Overfull \vbox (47.57092pt too high) detected at line 501

Overfull \vbox (48.57092pt too high) detected at line 501

Overfull \vbox (49.57092pt too high) detected at line 501

Overfull \vbox (50.57092pt too high) detected at line 501

Overfull \vbox (51.57092pt too high) detected at line 501

Overfull \vbox (52.57092pt too high) detected at line 501

Overfull \vbox (53.57092pt too high) detected at line 501

Overfull \vbox (54.57092pt too high) detected at line 501

Overfull \vbox (55.57092pt too high) detected at line 501

Overfull \vbox (56.57092pt too high) detected at line 501

Overfull \vbox (57.57092pt too high) detected at line 501

Overfull \vbox (58.57092pt too high) detected at line 501

Overfull \vbox (59.57092pt too high) detected at line 501

Overfull \vbox (60.57092pt too high) detected at line 501

Overfull \vbox (61.57092pt too high) detected at line 501

Overfull \vbox (62.57092pt too high) detected at line 501

Overfull \vbox (63.57092pt too high) detected at line 501

Overfull \vbox (64.57092pt too high) detected at line 501

Overfull \vbox (65.57092pt too high) detected at line 501

Overfull \vbox (66.57092pt too high) detected at line 501

Overfull \vbox (67.57092pt too high) detected at line 501

Overfull \vbox (68.57092pt too high) detected at line 501

Overfull \vbox (69.57092pt too high) detected at line 501

Overfull \vbox (70.57092pt too high) detected at line 501

Overfull \vbox (71.57092pt too high) detected at line 501

Overfull \vbox (72.57092pt too high) detected at line 501

Overfull \vbox (73.57092pt too high) detected at line 501

Overfull \vbox (74.57092pt too high) detected at line 501

Overfull \vbox (75.57092pt too high) detected at line 501

Overfull \vbox (76.57092pt too high) detected at line 501

Overfull \vbox (77.57092pt too high) detected at line 501

Overfull \vbox (78.57092pt too high) detected at line 501

Overfull \vbox (79.57092pt too high) detected at line 501

Overfull \vbox (80.57092pt too high) detected at line 501

Overfull \vbox (81.57092pt too high) detected at line 501

Overfull \vbox (82.57092pt too high) detected at line 501

Overfull \vbox (83.57092pt too high) detected at line 501

Overfull \vbox (84.57092pt too high) detected at line 501

Overfull \vbox (85.57092pt too high) detected at line 501

Overfull \vbox (86.57092pt too high) detected at line 501

Overfull \vbox (87.57092pt too high) detected at line 501

Overfull \vbox (88.57092pt too high) detected at line 501

Overfull \vbox (89.57092pt too high) detected at line 501

Overfull \vbox (90.57092pt too high) detected at line 501

Overfull \vbox (91.57092pt too high) detected at line 501

Overfull \vbox (92.57092pt too high) detected at line 501

Overfull \vbox (93.57092pt too high) detected at line 501

Overfull \vbox (94.57092pt too high) detected at line 501

Overfull \vbox (95.57092pt too high) detected at line 501

Overfull \vbox (96.57092pt too high) detected at line 501

Overfull \vbox (97.57092pt too high) detected at line 501

Overfull \vbox (98.57092pt too high) detected at line 501

Overfull \vbox (99.57092pt too high) detected at line 501

Overfull \vbox (100.57092pt too high) detected at line 501

Overfull \vbox (101.57092pt too high) detected at line 501

Overfull \vbox (102.57092pt too high) detected at line 501

Overfull \vbox (103.57092pt too high) detected at line 501

Overfull \vbox (104.57092pt too high) detected at line 501

Overfull \vbox (105.57092pt too high) detected at line 501

Overfull \vbox (106.57092pt too high) detected at line 501

Overfull \vbox (107.57092pt too high) detected at line 501

Overfull \vbox (108.57092pt too high) detected at line 501

Overfull \vbox (109.57092pt too high) detected at line 501

Overfull \vbox (110.57092pt too high) detected at line 501

Overfull \vbox (111.57092pt too high) detected at line 501

Overfull \vbox (112.57092pt too high) detected at line 501

Overfull \vbox (113.57092pt too high) detected at line 501

Overfull \vbox (114.57092pt too high) detected at line 501

Overfull \vbox (115.57092pt too high) detected at line 501

Overfull \vbox (116.57092pt too high) detected at line 501

Overfull \vbox (117.57092pt too high) detected at line 501

Package mdframed Warning: correct box splittet fails
 It seems you are using a non splittable contents
(mdframed)                 on input line 501.

[71 <./Images/PartB/score_function_approximation.pdf>] [72] [73] [74] [75]
[76] [77] [78 <./Images/PartB/dsm-graph.pdf>] [79] [80] [81]
Overfull \hbox (13.39633pt too wide) in paragraph at lines 935--936
[] []\T1/lmss/bx/n/10.95 (-20) Link to Tweedie's For-mula and Bayes Op-ti-mal-i
ty.[] \T1/lmr/m/n/10.95 (-20) Let $\OML/lmm/m/it/10.95 p[]\OT1/lmr/m/n/10.95 (-
20) ([]) = []\OML/lmm/m/it/10.95 p[] \OMS/lmsy/m/n/10.95 ^^C N\OT1/lmr/m/n/10.9
5 (-20) (\OT1/lmr/bx/n/10.95 (-20) 0\OML/lmm/m/it/10.95 ; ^^[[]\OT1/lmr/bx/n/10
.95 (-20) I\OT1/lmr/m/n/10.95 (-20) )[]([])$

Overfull \hbox (12.46419pt too wide) in paragraph at lines 943--947
\T1/lmr/m/n/10.95 (-20) Hence min-i-miz-ing the ex-pected SURE equals min-i-miz
-ing the Bayes risk $\U/msb/m/n/10.95 E[][]\OMS/lmsy/m/n/10.95 k\OT1/lmr/bx/n/1
0.95 (-20) D\OT1/lmr/m/n/10.95 (-20) ([]) \OMS/lmsy/m/n/10.95 ^^@
[82] [83] [84] [85] [86 <./Images/PartB/score_function_acc.pdf>] [87 <./Images/
PartB/ncsn-graph.pdf>] [88] [89] [90] [91])
(./Chapter-3-Diffusion-Models-Today-Score-SDE-Framework.tex [92]
Chapter 4.
[93] [94] [95 <./Images/PartB/score_landscape_2d.pdf>] [96] [97 <./Images/PartB
/sde-forward-noise.pdf>]
Overfull \hbox (11.15501pt too wide) in paragraph at lines 300--302
[]\T1/lmr/m/n/10.95 (-20) With this for-mu-la-tion, ear-lier meth-ods based on 
dis-crete time, such as NCSN ([]Song
[98 <./Images/PartB/forward_sde_ode_trajectories.pdf>] [99] [100 <./Images/Part
B/reverse_sde_and_ode_trajectories.pdf>] [101] [102] [103] [104]
Underfull \vbox (badness 10000) has occurred while \output is active [105]

LaTeX Warning: Text page 106 contains only floats.


Overfull \vbox (3.91937pt too high) has occurred while \output is active
[106 <./Images/PartB/score_sde_three_dynamics.pdf>]
Underfull \vbox (badness 10000) has occurred while \output is active [107]
[108] [109] [110] [111] [112] [113 <./Images/PartB/denoising_score_matching.pdf
>] [114] [115 <./Images/PartB/sde_ode_trajectories.pdf>] [116] [117] [118]
[119] [120] [121] [122 <./Images/PartB/vdm-sde.pdf>]
Underfull \vbox (badness 10000) has occurred while \output is active [123]
[124] [125] [126] [127]

Package hyperref Warning: Token not allowed in a PDF string (Unicode):
(hyperref)                removing `\\' on input line 1692.

[128]

Package fancyhdr Warning: \headheight is too small (14.4pt): 
(fancyhdr)                Make it at least 26.78468pt, for example:
(fancyhdr)                \setlength{\headheight}{26.78468pt}.
(fancyhdr)                You might also make \topmargin smaller:
(fancyhdr)                \addtolength{\topmargin}{-12.38469pt}.

[129]
Overfull \hbox (0.69289pt too wide) in paragraph at lines 1814--1815
[] []\T1/lmss/bx/n/10.95 (-20) Sub-sti-tut-ing into the Re-verse Tran-si-tion.[
] \T1/lmr/m/n/10.95 (-20) Sub-sti-tut-ing equa-tions Equa-tion ([][]4.1.2[][])
[130]
Overfull \hbox (1.01869pt too wide) in paragraph at lines 1846--1848
\T1/lmr/m/n/10.95 (-20) The ad-di-tional term $\OMS/lmsy/m/n/10.95 k\OML/lmm/m/
it/10.95 g[]\OT1/lmr/m/n/10.95 (-20) (\OML/lmm/m/it/10.95 t\OT1/lmr/m/n/10.95 (
-20) )^^A\OML/lmm/m/it/10.95 t\OMS/lmsy/m/n/10.95 r[] [] \OML/lmm/m/it/10.95 p[
]\OT1/lmr/m/n/10.95 (-20) (\OT1/lmr/bx/n/10.95 (-20) x[]\OT1/lmr/m/n/10.95 (-20
) )\OMS/lmsy/m/n/10.95 k[]$ \T1/lmr/m/n/10.95 (-20) from com-plet-ing the squar
e is $\OMS/lmsy/m/n/10.95 O\OT1/lmr/m/n/10.95 (-20) ((^^A\OML/lmm/m/it/10.95 t\
OT1/lmr/m/n/10.95 (-20) )[])$

Package fancyhdr Warning: \headheight is too small (14.4pt): 
(fancyhdr)                Make it at least 26.78468pt, for example:
(fancyhdr)                \setlength{\headheight}{26.78468pt}.
(fancyhdr)                You might also make \topmargin smaller:
(fancyhdr)                \addtolength{\topmargin}{-12.38469pt}.

[131]) (./Chapter-4-Flow-Based-Perspective-From-NFs-to-Flow-Matching.tex
[132]
Chapter 5.
[133] [134] [135]
Underfull \vbox (badness 10000) has occurred while \output is active [136 <./Im
ages/PartB/flow_density.pdf>] [137] [138] [139 <./Images/PartB/discrete_vs_cont
inuous_side_by_side_white.pdf>] [140 <./Images/PartB/cov_2d_layers.pdf>]
[141] [142] [143] [144] [145 <./Images/PartB/data_vs_prior_cone_with_oval.pdf>]
[146] [147 <./Images/PartB/four_panel_simple.pdf>] [148] [149] [150]
Underfull \vbox (badness 1092) has occurred while \output is active [151 <./Ima
ges/PartB/flow_matching_conditional.pdf>]
Underfull \vbox (badness 10000) has occurred while \output is active [152]
[153] [154] [155] [156] [157]
Underfull \vbox (badness 3525) has occurred while \output is active [158]
[159] [160 <./Images/PartB/triptych_gray_cones_final.pdf>] [161] [162]
Underfull \vbox (badness 1168) has occurred while \output is active [163]
[164]
Overfull \hbox (4.95784pt too wide) in paragraph at lines 1793--1794
[] [] \T1/lmss/bx/n/10.95 (-20) Two-Sided Con-di-tion-ing ($\OT1/lmr/bx/n/10.95
 (-20) z = (x[]\OML/lmm/b/it/10.95 ; \OT1/lmr/bx/n/10.95 (-20) x[])$\T1/lmss/bx
/n/10.95 (-20) ).[] \T1/lmr/m/n/10.95 (-20) The same tem-plate with $\OML/lmm/b
/it/10.95 ^^V[]\OT1/lmr/m/n/10.95 (-20) (\OT1/lmr/bx/n/10.95 (-20) x[]\OML/lmm/
m/it/10.95 ; \OT1/lmr/bx/n/10.95 (-20) x[]\OT1/lmr/m/n/10.95 (-20) ) =
[165]
Underfull \hbox (badness 4872) in paragraph at lines 1919--1921
[]|\T1/lmr/m/n/7 (+20) Convenient when $\OML/lmm/m/it/7 p[]\OT1/lmr/m/n/7 (+20)
 (\OMS/lmsy/m/n/7 ^^Aj\OT1/lmr/bx/n/7 (+20) z\OT1/lmr/m/n/7 (+20) )$ \T1/lmr/m/
n/7 (+20) is Gaus-sian /

Underfull \hbox (badness 10000) in paragraph at lines 1933--1939
[]|\T1/lmr/m/n/7 (+20) Given $\OT1/lmr/bx/n/7 (+20) 	[]\OT1/lmr/m/n/7 (+20) (\O
MS/lmsy/m/n/7 ^^Aj\OT1/lmr/bx/n/7 (+20) z\OT1/lmr/m/n/7 (+20) )$\T1/lmr/m/n/7 (
+20) , both $\OML/lmm/m/it/7 p[]\OT1/lmr/m/n/7 (+20) (\OMS/lmsy/m/n/7 ^^Aj\OT1/
lmr/bx/n/7 (+20) z\OT1/lmr/m/n/7 (+20) ) =

Underfull \hbox (badness 5331) in paragraph at lines 1933--1939
\OT1/lmr/m/n/7 (+20) (\OT1/lmr/bx/n/7 (+20) 	[]\OT1/lmr/m/n/7 (+20) (\OMS/lmsy/
m/n/7 ^^Aj\OT1/lmr/bx/n/7 (+20) z\OT1/lmr/m/n/7 (+20) ))[]\OML/lmm/m/it/7 p[]$ 
\T1/lmr/m/n/7 (+20) and the par-ti-cle tra-jec-

Underfull \hbox (badness 10000) in paragraph at lines 1989--1993
\T1/lmr/m/n/7 (+20) easy bound-ary con-trol; ac-com-mo-dates

Overfull \hbox (4.65683pt too wide) in paragraph at lines 1855--1997
 [][] 
[166] [167] [168] [169 <./Images/PartB/straightness_counterexample.pdf>]
pdfTeX warning (ext4): destination with the same identifier (name{ALG@line.1}) 
has been already used, duplicate ignored
<to be read again> 
                   \relax 
l.2203 \State
              \textbfs{Pre-Train Diffusion.} Fit $\rvv_{\bphi^\times}$ on th...

pdfTeX warning (ext4): destination with the same identifier (name{ALG@line.2}) 
has been already used, duplicate ignored
<to be read again> 
                   \relax 
l.2208 \State
              \textbfs{Rectify.} Sample $\rvz_0 \sim p_{\text{src}}$ and int...
[170] [171] [172] [173] [174 <./Images/PartB/rectified_flow_trained.pdf>]
[175]) (./Chapter-5-They-Are-All-Equivalent.tex [176]
Chapter 6.
[177] [178] [179] [180] [181] [182] [183] [184]
Overfull \hbox (7.82498pt too wide) in paragraph at lines 366--367
[]\T1/lmr/m/n/10.95 (-20) Prediction types of $[][]$ and their as-so-ci-ated re
-gres-sion tar-gets $[][]$; 
[185] [186] [187] [188] [189] [190] [191] [192] [193] [194] [195] [196]
[197] [198] [199] [200] [201] [202] [203] [204] [205] [206])
(./Chapter-4-plus-OT-and-Diffusion-Model.tex [207] [208]
Chapter 7.

Overfull \hbox (7.4983pt too wide) in paragraph at lines 13--24
\T1/lmr/m/n/10.95 (-20) trans-port, and Schrödinger bridges as for-mu-la-tions 
of the dis-tri-bu-tion^^Uto^^Udistribution

Underfull \vbox (badness 3138) has occurred while \output is active [209]
[210]
Underfull \vbox (badness 10000) detected at line 69
[211] [212] [213 <./Images/PartB/ot_2d_coupling_comparison.pdf>] [214] [215]
[216 <./Images/PartB/ot_illustration.pdf>] [217] [218] [219]
Overfull \hbox (13.29091pt too wide) detected at line 441
[]
[220 <./Images/PartB/sb_illustration.pdf>] [221] [222] [223] [224] [225 <./Imag
es/PartB/eot_epsilon_interpolation.pdf>] [226] [227] [228] [229] [230] [231]
[232] [233] [234] [235 <./Images/PartB/pfode_vs_ot_2d.pdf>] [236] [237]
[238]
Underfull \vbox (badness 10000) has occurred while \output is active [239]
[240] [241] [242] [243]) [244] (./Part-C-D-diagram.tex)
(./Chapter-6-Guidance.tex [245]
Chapter 8.

Underfull \vbox (badness 2503) has occurred while \output is active [246]
[247] [248 <./Images/PartC/guidance.pdf>] [249] [250] [251] [252] [253]
[254] [255 <./Images/PartB/classifier_guidance_v2.pdf>]
pdfTeX warning (ext4): destination with the same identifier (name{ALG@line.1}) 
has been already used, duplicate ignored
<to be read again> 
                   \relax 
l.613       \Repeat
                   
pdfTeX warning (ext4): destination with the same identifier (name{ALG@line.2}) 
has been already used, duplicate ignored
<to be read again> 
                   \relax 
l.614         \State
                     $\rvx \sim p_{\text{data}}(\rvx)$
pdfTeX warning (ext4): destination with the same identifier (name{ALG@line.3}) 
has been already used, duplicate ignored
<to be read again> 
                   \relax 
l.615         \State
                     $t \sim \mathcal{U}[0, T]$
pdfTeX warning (ext4): destination with the same identifier (name{ALG@line.4}) 
has been already used, duplicate ignored
<to be read again> 
                   \relax 
l.616         \State
                     $\bm{\epsilon} \sim \mathcal{N}(\mathbf{0}, \mathbf{I})$
pdfTeX warning (ext4): destination with the same identifier (name{ALG@line.5}) 
has been already used, duplicate ignored
<to be read again> 
                   \relax 
l.617         \State
                     $\rvx_t = \alpha_t \rvx + \sigma_t \bm{\epsilon}$
pdfTeX warning (ext4): destination with the same identifier (name{ALG@line.6}) 
has been already used, duplicate ignored
<to be read again> 
                   \relax 
l.618         \State
                     Take gradient step on:
pdfTeX warning (ext4): destination with the same identifier (name{ALG@line.7}) 
has been already used, duplicate ignored
<to be read again> 
                   \relax 
l.620       \Until
                  {converged}
Underfull \hbox (badness 4479) in paragraph at lines 631--632
[][]$\OML/lmm/m/it/10 p[]$\T1/lmr/m/n/10 (+20) : prob. of un-con-di-tional

pdfTeX warning (ext4): destination with the same identifier (name{ALG@line.1}) 
has been already used, duplicate ignored
<to be read again> 
                   \relax 
l.632       \Repeat
                   
pdfTeX warning (ext4): destination with the same identifier (name{ALG@line.2}) 
has been already used, duplicate ignored
<to be read again> 
                   \relax 
l.633         \State
                     \textcolor{orange}{$(\rvx, \rvc) \sim p_{\text{data}}(\...

pdfTeX warning (ext4): destination with the same identifier (name{ALG@line.3}) 
has been already used, duplicate ignored
<to be read again> 
                   \relax 
l.634         \State
                     \textcolor{orange}{$\rvc \gets \emptyset$ with prob. $p...

pdfTeX warning (ext4): destination with the same identifier (name{ALG@line.4}) 
has been already used, duplicate ignored
<to be read again> 
                   \relax 
l.635         \State
                     $t \sim \mathcal{U}[0, T]$
pdfTeX warning (ext4): destination with the same identifier (name{ALG@line.5}) 
has been already used, duplicate ignored
<to be read again> 
                   \relax 
l.636         \State
                     $\bm{\epsilon} \sim \mathcal{N}(\mathbf{0}, \mathbf{I})$
pdfTeX warning (ext4): destination with the same identifier (name{ALG@line.6}) 
has been already used, duplicate ignored
<to be read again> 
                   \relax 
l.637         \State
                     $\rvx_t = \alpha_t \rvx + \sigma_t \bm{\epsilon}$
pdfTeX warning (ext4): destination with the same identifier (name{ALG@line.7}) 
has been already used, duplicate ignored
<to be read again> 
                   \relax 
l.638         \State
                     Take gradient step on:
pdfTeX warning (ext4): destination with the same identifier (name{ALG@line.8}) 
has been already used, duplicate ignored
<to be read again> 
                   \relax 
l.640       \Until
                  {converged} [256] [257] [258] [259] [260]
Overfull \hbox (6.26526pt too wide) in paragraph at lines 962--965
[]\T1/lmr/m/n/10.95 (-20) The com-pat-i-bil-ity con-di-tion can be checked di-r
ectly. Sub-sti-tut-ing Equa-tion ([][]8.4.3[][])
[261] [262] [263] [264] [265] [266]

Package fancyhdr Warning: \headheight is too small (14.4pt): 
(fancyhdr)                Make it at least 26.32425pt, for example:
(fancyhdr)                \setlength{\headheight}{26.32425pt}.
(fancyhdr)                You might also make \topmargin smaller:
(fancyhdr)                \addtolength{\topmargin}{-11.92426pt}.

[267] [268]

Package fancyhdr Warning: \headheight is too small (14.4pt): 
(fancyhdr)                Make it at least 26.32425pt, for example:
(fancyhdr)                \setlength{\headheight}{26.32425pt}.
(fancyhdr)                You might also make \topmargin smaller:
(fancyhdr)                \addtolength{\topmargin}{-11.92426pt}.

[269] [270]
Overfull \hbox (13.97963pt too wide) in paragraph at lines 1568--1570
\T1/lmr/m/n/10.95 (-20) where $\OML/lmm/m/it/10.95 ^^Y[]\OT1/lmr/m/n/10.95 (-20
) (\OT1/lmr/bx/n/10.95 (-20) x\OMS/lmsy/m/n/10.95 j\OT1/lmr/bx/n/10.95 (-20) c\
OT1/lmr/m/n/10.95 (-20) ) := \OML/lmm/m/it/10.95 p[]\OT1/lmr/m/n/10.95 (-20) (\
OT1/lmr/bx/n/10.95 (-20) x\OMS/lmsy/m/n/10.95 j\OT1/lmr/bx/n/10.95 (-20) c\OT1/
lmr/m/n/10.95 (-20) )$\T1/lmr/m/n/10.95 (-20) , and $\OML/lmm/m/it/10.95 Z\OT1/
lmr/m/n/10.95 (-20) (\OT1/lmr/bx/n/10.95 (-20) c\OT1/lmr/m/n/10.95 (-20) )$ \T1
/lmr/m/n/10.95 (-20) is the par-ti-tion func-tion en-sur-ing $[] \OML/lmm/m/it/
10.95 ^^Y[]\OT1/lmr/m/n/10.95 (-20) (\OT1/lmr/bx/n/10.95 (-20) x\OMS/lmsy/m/n/1
0.95 j\OT1/lmr/bx/n/10.95 (-20) c\OT1/lmr/m/n/10.95 (-20) ) []  d\OT1/lmr/bx/n/
10.95 (-20) x \OT1/lmr/m/n/10.95 (-20) =

Package fancyhdr Warning: \headheight is too small (14.4pt): 
(fancyhdr)                Make it at least 26.32425pt, for example:
(fancyhdr)                \setlength{\headheight}{26.32425pt}.
(fancyhdr)                You might also make \topmargin smaller:
(fancyhdr)                \addtolength{\topmargin}{-11.92426pt}.

[271] [272]

Package fancyhdr Warning: \headheight is too small (14.4pt): 
(fancyhdr)                Make it at least 26.32425pt, for example:
(fancyhdr)                \setlength{\headheight}{26.32425pt}.
(fancyhdr)                You might also make \topmargin smaller:
(fancyhdr)                \addtolength{\topmargin}{-11.92426pt}.

[273]
Overfull \hbox (22.7138pt too wide) detected at line 1761
[]
[274]
Overfull \hbox (7.46802pt too wide) detected at line 1904
[]

Package fancyhdr Warning: \headheight is too small (14.4pt): 
(fancyhdr)                Make it at least 26.32425pt, for example:
(fancyhdr)                \setlength{\headheight}{26.32425pt}.
(fancyhdr)                You might also make \topmargin smaller:
(fancyhdr)                \addtolength{\topmargin}{-11.92426pt}.

[275] [276]) (./Chapter-7-Sophisticated-Solvers-for-Fast-Sampling.tex [277]
Chapter 9.
[278] [279] [280] [281] [282] [283] [284] [285] [286] [287] [288] [289]
[290]
Underfull \vbox (badness 10000) has occurred while \output is active [291]
[292] [293 <./Images/PartB/Euler.pdf>] [294] [295] [296] [297] [298] [299]
[300] [301] [302] [303] [304] [305] [306] [307] [308] [309 <./Images/PartC/DEIS
.pdf>] [310]
Overfull \hbox (26.71896pt too wide) in paragraph at lines 2623--2627
\T1/lmr/m/n/10.95 (-20) where $\OML/lmm/m/it/10.95 `[]$ \T1/lmr/m/n/10.95 (-20)
 is the La-grange ba-sis of de-gree $\OML/lmm/m/it/10.95 i[]\OT1/lmr/m/n/10.95 
(-20) 1$ \T1/lmr/m/n/10.95 (-20) built on the nodes at time $\OMS/lmsy/m/n/10.9
5 f\OML/lmm/m/it/10.95 t[]; t[]; [] ; t[]\OMS/lmsy/m/n/10.95 g$\T1/lmr/m/n/10.9
5 (-20) .

Overfull \vbox (0.57817pt too high) detected at line 2681

Overfull \vbox (1.57817pt too high) detected at line 2681

Overfull \vbox (2.57817pt too high) detected at line 2681

Overfull \vbox (3.57817pt too high) detected at line 2681

Overfull \vbox (4.57817pt too high) detected at line 2681

Overfull \vbox (5.57817pt too high) detected at line 2681

Overfull \vbox (6.57817pt too high) detected at line 2681

Overfull \vbox (7.57817pt too high) detected at line 2681

Overfull \vbox (8.57817pt too high) detected at line 2681

Overfull \vbox (9.57817pt too high) detected at line 2681

Overfull \vbox (10.57817pt too high) detected at line 2681

Overfull \vbox (11.57817pt too high) detected at line 2681

Overfull \vbox (12.57817pt too high) detected at line 2681

Overfull \vbox (13.57817pt too high) detected at line 2681

Overfull \vbox (14.57817pt too high) detected at line 2681

Overfull \vbox (15.57817pt too high) detected at line 2681

Overfull \vbox (16.57817pt too high) detected at line 2681

Overfull \vbox (17.57817pt too high) detected at line 2681

Overfull \vbox (18.57817pt too high) detected at line 2681

Overfull \vbox (19.57817pt too high) detected at line 2681

Overfull \vbox (20.57817pt too high) detected at line 2681

Overfull \vbox (21.57817pt too high) detected at line 2681

Overfull \vbox (22.57817pt too high) detected at line 2681

Overfull \vbox (23.57817pt too high) detected at line 2681

Overfull \vbox (24.57817pt too high) detected at line 2681

Overfull \vbox (25.57817pt too high) detected at line 2681

Overfull \vbox (26.57817pt too high) detected at line 2681

Overfull \vbox (27.57817pt too high) detected at line 2681

Overfull \vbox (28.57817pt too high) detected at line 2681

Overfull \vbox (29.57817pt too high) detected at line 2681

Overfull \vbox (30.57817pt too high) detected at line 2681

Overfull \vbox (31.57817pt too high) detected at line 2681

Overfull \vbox (32.57817pt too high) detected at line 2681

Overfull \vbox (33.57817pt too high) detected at line 2681

Overfull \vbox (34.57817pt too high) detected at line 2681

Overfull \vbox (35.57817pt too high) detected at line 2681

Overfull \vbox (36.57817pt too high) detected at line 2681

Overfull \vbox (37.57817pt too high) detected at line 2681

Overfull \vbox (38.57817pt too high) detected at line 2681

Overfull \vbox (39.57817pt too high) detected at line 2681

Overfull \vbox (40.57817pt too high) detected at line 2681

Overfull \vbox (41.57817pt too high) detected at line 2681

Overfull \vbox (42.57817pt too high) detected at line 2681

Overfull \vbox (43.57817pt too high) detected at line 2681

Overfull \vbox (44.57817pt too high) detected at line 2681

Overfull \vbox (45.57817pt too high) detected at line 2681

Overfull \vbox (46.57817pt too high) detected at line 2681

Overfull \vbox (47.57817pt too high) detected at line 2681

Overfull \vbox (48.57817pt too high) detected at line 2681

Overfull \vbox (49.57817pt too high) detected at line 2681

Overfull \vbox (50.57817pt too high) detected at line 2681

Overfull \vbox (51.57817pt too high) detected at line 2681

Overfull \vbox (52.57817pt too high) detected at line 2681

Overfull \vbox (53.57817pt too high) detected at line 2681

Overfull \vbox (54.57817pt too high) detected at line 2681

Overfull \vbox (55.57817pt too high) detected at line 2681

Overfull \vbox (56.57817pt too high) detected at line 2681

Overfull \vbox (57.57817pt too high) detected at line 2681

Overfull \vbox (58.57817pt too high) detected at line 2681

Overfull \vbox (59.57817pt too high) detected at line 2681

Overfull \vbox (60.57817pt too high) detected at line 2681

Overfull \vbox (61.57817pt too high) detected at line 2681

Overfull \vbox (62.57817pt too high) detected at line 2681

Overfull \vbox (63.57817pt too high) detected at line 2681

Overfull \vbox (64.57817pt too high) detected at line 2681

Overfull \vbox (65.57817pt too high) detected at line 2681

Overfull \vbox (66.57817pt too high) detected at line 2681

Overfull \vbox (67.57817pt too high) detected at line 2681

Overfull \vbox (68.57817pt too high) detected at line 2681

Overfull \vbox (69.57817pt too high) detected at line 2681

Overfull \vbox (70.57817pt too high) detected at line 2681

Overfull \vbox (71.57817pt too high) detected at line 2681

Overfull \vbox (72.57817pt too high) detected at line 2681

Overfull \vbox (73.57817pt too high) detected at line 2681

Overfull \vbox (74.57817pt too high) detected at line 2681

Overfull \vbox (75.57817pt too high) detected at line 2681

Overfull \vbox (76.57817pt too high) detected at line 2681

Overfull \vbox (77.57817pt too high) detected at line 2681

Overfull \vbox (78.57817pt too high) detected at line 2681

Overfull \vbox (79.57817pt too high) detected at line 2681

Overfull \vbox (80.57817pt too high) detected at line 2681

Overfull \vbox (81.57817pt too high) detected at line 2681

Overfull \vbox (82.57817pt too high) detected at line 2681

Overfull \vbox (83.57817pt too high) detected at line 2681

Overfull \vbox (84.57817pt too high) detected at line 2681

Overfull \vbox (85.57817pt too high) detected at line 2681

Overfull \vbox (86.57817pt too high) detected at line 2681

Overfull \vbox (87.57817pt too high) detected at line 2681

Overfull \vbox (88.57817pt too high) detected at line 2681

Overfull \vbox (89.57817pt too high) detected at line 2681

Overfull \vbox (90.57817pt too high) detected at line 2681

Overfull \vbox (91.57817pt too high) detected at line 2681

Overfull \vbox (92.57817pt too high) detected at line 2681

Overfull \vbox (93.57817pt too high) detected at line 2681

Overfull \vbox (94.57817pt too high) detected at line 2681

Overfull \vbox (95.57817pt too high) detected at line 2681

Overfull \vbox (96.57817pt too high) detected at line 2681

Package mdframed Warning: correct box splittet fails
 It seems you are using a non splittable contents
(mdframed)                 on input line 2681.

[311] [312] [313] [314] [315] [316] [317]

Package mdframed Warning: You got a bad break
(mdframed)                because the last box will be empty
(mdframed)                you have to change it manually
(mdframed)                by changing the text, the space
(mdframed)                or something else on input line 3182.

[318] [319] [320]
pdfTeX warning (ext4): destination with the same identifier (name{ALG@line.1}) 
has been already used, duplicate ignored
<to be read again> 
                   \relax 
l.3398         \State
                      $\tilde\rvx_{t_0}\gets\rvx_T$
pdfTeX warning (ext4): destination with the same identifier (name{ALG@line.2}) 
has been already used, duplicate ignored
<to be read again> 
                   \relax 
l.3399         \For
                   {$i\gets 1$ to $M$}
pdfTeX warning (ext4): destination with the same identifier (name{ALG@line.3}) 
has been already used, duplicate ignored
<to be read again> 
                   \relax 
l.3400         \State
                      $h_i \gets \lambda_{t_i}-\lambda_{t_{i-1}}$
pdfTeX warning (ext4): destination with the same identifier (name{ALG@line.4}) 
has been already used, duplicate ignored
<to be read again> 
                   \relax 
l.3401         \State
                      $s_i^{\mathrm{mid}}
pdfTeX warning (ext4): destination with the same identifier (name{ALG@line.5}) 
has been already used, duplicate ignored
<to be read again> 
                   \relax 
l.3406         \State
                     
pdfTeX warning (ext4): destination with the same identifier (name{ALG@line.6}) 
has been already used, duplicate ignored
<to be read again> 
                   \relax 
l.3416         \State
                     
pdfTeX warning (ext4): destination with the same identifier (name{ALG@line.7}) 
has been already used, duplicate ignored
<to be read again> 
                   \relax 
l.3426         \EndFor
                      
pdfTeX warning (ext4): destination with the same identifier (name{ALG@line.8}) 
has been already used, duplicate ignored
<to be read again> 
                   \relax 
l.3427         \State
                      \Return $\tilde\rvx_{t_M}$ [321] [322] [323] [324]
[325] [326] [327]
Overfull \hbox (7.01065pt too wide) detected at line 4059
[]
[328]
pdfTeX warning (ext4): destination with the same identifier (name{ALG@line.1}) 
has been already used, duplicate ignored
<to be read again> 
                   \relax 
l.4165     \State
                  $\tilde\rvx_{t_0}\gets\rvx_T$
pdfTeX warning (ext4): destination with the same identifier (name{ALG@line.2}) 
has been already used, duplicate ignored
<to be read again> 
                   \relax 
l.4166     \State
                  $\lambda_{t_i}\gets\log(\alpha_{t_i}/\sigma_{t_i})$
pdfTeX warning (ext4): destination with the same identifier (name{ALG@line.3}) 
has been already used, duplicate ignored
<to be read again> 
                   \relax 
l.4168     \State
                 
pdfTeX warning (ext4): destination with the same identifier (name{ALG@line.4}) 
has been already used, duplicate ignored
<to be read again> 
                   \relax 
l.4174     \For
               {$i\gets1$ \textbf{to} $M$}
pdfTeX warning (ext4): destination with the same identifier (name{ALG@line.5}) 
has been already used, duplicate ignored
<to be read again> 
                   \relax 
l.4175         \State
                     
pdfTeX warning (ext4): destination with the same identifier (name{ALG@line.6}) 
has been already used, duplicate ignored
<to be read again> 
                   \relax 
l.4180         \State
                     
pdfTeX warning (ext4): destination with the same identifier (name{ALG@line.7}) 
has been already used, duplicate ignored
<to be read again> 
                   \relax 
l.4188         \State
                     
pdfTeX warning (ext4): destination with the same identifier (name{ALG@line.8}) 
has been already used, duplicate ignored
<to be read again> 
                   \relax 
l.4201         \State
                     
pdfTeX warning (ext4): destination with the same identifier (name{ALG@line.9}) 
has been already used, duplicate ignored
<to be read again> 
                   \relax 
l.4208         \State
                     
Underfull \vbox (badness 10000) has occurred while \output is active [329]
[330] [331]
pdfTeX warning (ext4): destination with the same identifier (name{ALG@line.1}) 
has been already used, duplicate ignored
<to be read again> 
                   \relax 
l.4491     \State
                  $\tilde\rvx_{t_0}\gets\rvx_T$
pdfTeX warning (ext4): destination with the same identifier (name{ALG@line.2}) 
has been already used, duplicate ignored
<to be read again> 
                   \relax 
l.4492     \State
                  $\lambda_{t_i}\gets\log(\alpha_{t_i}/\sigma_{t_i})$
pdfTeX warning (ext4): destination with the same identifier (name{ALG@line.3}) 
has been already used, duplicate ignored
<to be read again> 
                   \relax 
l.4494     \State
                 
pdfTeX warning (ext4): destination with the same identifier (name{ALG@line.4}) 
has been already used, duplicate ignored
<to be read again> 
                   \relax 
l.4504     \State
                 
pdfTeX warning (ext4): destination with the same identifier (name{ALG@line.5}) 
has been already used, duplicate ignored
<to be read again> 
                   \relax 
l.4509     \State
                 
pdfTeX warning (ext4): destination with the same identifier (name{ALG@line.6}) 
has been already used, duplicate ignored
<to be read again> 
                   \relax 
l.4522     \If
              {$M>1$}
pdfTeX warning (ext4): destination with the same identifier (name{ALG@line.7}) 
has been already used, duplicate ignored
<to be read again> 
                   \relax 
l.4523         \State
                     
pdfTeX warning (ext4): destination with the same identifier (name{ALG@line.8}) 
has been already used, duplicate ignored
<to be read again> 
                   \relax 
l.4529     \EndIf
                 
pdfTeX warning (ext4): destination with the same identifier (name{ALG@line.9}) 
has been already used, duplicate ignored
<to be read again> 
                   \relax 
l.4534     \For
               {$i\gets2$ \textbf{to} $M$}
pdfTeX warning (ext4): destination with the same identifier (name{ALG@line.10})
 has been already used, duplicate ignored
<to be read again> 
                   \relax 
l.4535         \State
                     
pdfTeX warning (ext4): destination with the same identifier (name{ALG@line.11})
 has been already used, duplicate ignored
<to be read again> 
                   \relax 
l.4540         \State
                     
pdfTeX warning (ext4): destination with the same identifier (name{ALG@line.12})
 has been already used, duplicate ignored
<to be read again> 
                   \relax 
l.4546         \State
                     
pdfTeX warning (ext4): destination with the same identifier (name{ALG@line.13})
 has been already used, duplicate ignored
<to be read again> 
                   \relax 
l.4557         \State
                     
pdfTeX warning (ext4): destination with the same identifier (name{ALG@line.14})
 has been already used, duplicate ignored
<to be read again> 
                   \relax 
l.4569         \If
                  {$i<M$}
Underfull \vbox (badness 10000) has occurred while \output is active [332]
[333] [334]
Overfull \hbox (4.82957pt too wide) in paragraph at lines 4792--4797
[]\T1/lmr/m/n/10.95 (-20) This also high-lights why the con-nec-tion to DEIS is
 spe-cific to DPM-Solver\T1/lmtt/m/n/10.95 ++\T1/lmr/m/n/10.95 (-20) (2M):
[335] [336]
Overfull \hbox (5.70105pt too wide) in paragraph at lines 4932--4933
[]\T1/lmr/m/n/10.95 (-20) In this sec-tion, we turn to the \T1/lmr/m/it/10.95 (
-20) time^^Uparallel \T1/lmr/m/n/10.95 (-20) ap-proach, ex-em-pli-fied by \T1/l
mr/m/it/10.95 (-20) ParaDiGMS\T1/lmr/m/n/10.95 (-20) ,
[337] [338]
Underfull \hbox (badness 1515) in paragraph at lines 5060--5060
\T1/lmr/m/n/9 (+20) ward, based on the er-ror

Overfull \hbox (19.12971pt too wide) in paragraph at lines 5105--5108
[] [] \T1/lmss/bx/n/10.95 (-20) Step 3. Progress Con-trol and Win-dow Ad-vance.
[] \T1/lmr/m/n/10.95 (-20) Hav-ing formed the left^^Uanchored
[339 <./Images/PartC/paradigm-1.pdf> <./Images/PartC/paradigm-2.pdf

pdfTeX warning: pdflatex (file ./Images/PartC/paradigm-2.pdf): PDF inclusion: m
ultiple pdfs with page group included in a single page
> <./Images/PartC/paradigm-3.pdf

pdfTeX warning: pdflatex (file ./Images/PartC/paradigm-3.pdf): PDF inclusion: m
ultiple pdfs with page group included in a single page
>] (/usr/local/texlive/2026/texmf-dist/tex/latex/lm/ot1lmtt.fd)
pdfTeX warning (ext4): destination with the same identifier (name{ALG@line.1}) 
has been already used, duplicate ignored
<to be read again> 
                   \relax 
l.5154     \State
                  $k \gets 0$, $\ell \gets 0$
pdfTeX warning (ext4): destination with the same identifier (name{ALG@line.2}) 
has been already used, duplicate ignored
<to be read again> 
                   \relax 
l.5155     \State
                  Sample $\rvx^{(0)}_0 \sim p_{\mathrm{prior}}$; set $\rvx^{...

pdfTeX warning (ext4): destination with the same identifier (name{ALG@line.3}) 
has been already used, duplicate ignored
<to be read again> 
                   \relax 
l.5156     \While
                 {$\ell < M$}
pdfTeX warning (ext4): destination with the same identifier (name{ALG@line.4}) 
has been already used, duplicate ignored
<to be read again> 
                   \relax 
l.5157       \State
                    $J \gets \min(p,  M-\ell)$   \Comment{current window len...

pdfTeX warning (ext4): destination with the same identifier (name{ALG@line.5}) 
has been already used, duplicate ignored
<to be read again> 
                   \relax 
l.5158       \State
                    \textbfs{Step 1: Parallel}
pdfTeX warning (ext4): destination with the same identifier (name{ALG@line.6}) 
has been already used, duplicate ignored
<to be read again> 
                   \relax 
l.5159       \State
                    For $i=0,\ldots,J-1$: $g_i \gets \rvv_{\bphi^\times} \bi...

pdfTeX warning (ext4): destination with the same identifier (name{ALG@line.7}) 
has been already used, duplicate ignored
<to be read again> 
                   \relax 
l.5161       \State
                    Compute prefix sums $S_j \gets \sum_{i=0}^{j} g_i$ for $...

pdfTeX warning (ext4): destination with the same identifier (name{ALG@line.8}) 
has been already used, duplicate ignored
<to be read again> 
                   \relax 
l.5163       \State
                    \textbfs{Step 2: Cumulative Updates}
pdfTeX warning (ext4): destination with the same identifier (name{ALG@line.9}) 
has been already used, duplicate ignored
<to be read again> 
                   \relax 
l.5164       \State
                    For $j=0,\ldots,J-1$: $\displaystyle \rvx^{(k+1)}_{\ell+...

pdfTeX warning (ext4): destination with the same identifier (name{ALG@line.10})
 has been already used, duplicate ignored
<to be read again> 
                   \relax 
l.5166       \State
                    \textbfs{Step 3: Progress Control and Window Advance}
pdfTeX warning (ext4): destination with the same identifier (name{ALG@line.11})
 has been already used, duplicate ignored
<to be read again> 
                   \relax 
l.5167       \State
                    For $j=1,\ldots,J-1$: $\mathtt{error}_j \gets \big\|\rvx...

pdfTeX warning (ext4): destination with the same identifier (name{ALG@line.12})
 has been already used, duplicate ignored
<to be read again> 
                   \relax 
l.5168       \State
                    $\displaystyle \mathtt{stride} \gets \min \Big(\,\{\,j\i...

pdfTeX warning (ext4): destination with the same identifier (name{ALG@line.13})
 has been already used, duplicate ignored
<to be read again> 
                   \relax 
l.5169       \State
                    \textbfs{Initialize New Nodes}
pdfTeX warning (ext4): destination with the same identifier (name{ALG@line.14})
 has been already used, duplicate ignored
<to be read again> 
                   \relax 
l.5170         \State
                      For $r=1,\ldots,\min\{\mathtt{stride},\,M-\ell-J\}$:
pdfTeX warning (ext4): destination with the same identifier (name{ALG@line.15})
 has been already used, duplicate ignored
<to be read again> 
                   \relax 
l.5175       \State
                    $\ell \gets \ell + \mathtt{stride}$;\quad $k \gets k+1$
pdfTeX warning (ext4): destination with the same identifier (name{ALG@line.16})
 has been already used, duplicate ignored
<to be read again> 
                   \relax 
l.5176     \EndWhile
                    
pdfTeX warning (ext4): destination with the same identifier (name{ALG@line.17})
 has been already used, duplicate ignored
<to be read again> 
                   \relax 
l.5177     \State
                  \Return $\{\rvx^{(k)}_j\}_{j=0}^{M}$ [340{/usr/local/texlive/
2026/texmf-dist/fonts/enc/dvips/lm/lm-rmtt.enc}]
Overfull \hbox (0.29749pt too wide) detected at line 5225
[]
[341] [342] [343]) [344]
(./Chapter-8-Post-Training-Methods-for-Fast-Sampling.tex
Chapter 10.
[345] [346] [347] [348] [349] [350]
Overfull \hbox (3.05292pt too wide) detected at line 318
[]
[351] [352] [353]
Overfull \hbox (9.2261pt too wide) in paragraph at lines 549--550
\T1/lmr/m/n/10.95 (-20) In this sec-tion, we fix DDIM in the $\OT1/lmr/bx/n/10.
95 (-20) x$\T1/lmr/m/n/10.95 (-20) -prediction pa-ram-e-ter-i-za-tion as the ti
me^^Ustepping
[354 <./Images/PartD/PD.pdf>]
Underfull \vbox (badness 10000) has occurred while \output is active [355]
[356] [357] [358] [359] [360])
(./Chapter-9-Learning-Fast-Generator-from-Scratch.tex
Chapter 11.

Underfull \vbox (badness 2846) has occurred while \output is active [361]
[362] [363] [364 <./Images/PartD/flow-map.pdf>] [365]
Underfull \vbox (badness 3158) has occurred while \output is active [366]
[367] [368 <./Images/PartD/semigroup.pdf>] [369] [370] [371]
Underfull \vbox (badness 1990) has occurred while \output is active [372]
[373]
pdfTeX warning (ext4): destination with the same identifier (name{ALG@line.1}) 
has been already used, duplicate ignored
<to be read again> 
                   \relax 
l.695         \If
                 {one-step}
pdfTeX warning (ext4): destination with the same identifier (name{ALG@line.2}) 
has been already used, duplicate ignored
<to be read again> 
                   \relax 
l.696             \State
                         $\rvx \leftarrow \rvf_{\bm{\theta}^\times}(\hat{\rv...

pdfTeX warning (ext4): destination with the same identifier (name{ALG@line.3}) 
has been already used, duplicate ignored
<to be read again> 
                   \relax 
l.697         \Else
                   
pdfTeX warning (ext4): destination with the same identifier (name{ALG@line.4}) 
has been already used, duplicate ignored
<to be read again> 
                   \relax 
l.698             \State
                         $\rvx \leftarrow \rvf_{\bm{\theta}^\times}(\hat{\rv...

pdfTeX warning (ext4): destination with the same identifier (name{ALG@line.5}) 
has been already used, duplicate ignored
<to be read again> 
                   \relax 
l.699             \For
                      {$m=1$ \textbf{to} $M-1$}
pdfTeX warning (ext4): destination with the same identifier (name{ALG@line.6}) 
has been already used, duplicate ignored
<to be read again> 
                   \relax 
l.700                 \State
                             Sample $\bm{\epsilon} \sim \mathcal{N}(\bm{0}, ...

pdfTeX warning (ext4): destination with the same identifier (name{ALG@line.7}) 
has been already used, duplicate ignored
<to be read again> 
                   \relax 
l.701                 \State
                             $\hat{\rvx}_{\tau_m} \leftarrow \alpha_{\tau_m}...

pdfTeX warning (ext4): destination with the same identifier (name{ALG@line.8}) 
has been already used, duplicate ignored
<to be read again> 
                   \relax 
l.702                 \State
                             $\rvx \leftarrow \rvf_{\bm{\theta}^\times}(\hat...

pdfTeX warning (ext4): destination with the same identifier (name{ALG@line.9}) 
has been already used, duplicate ignored
<to be read again> 
                   \relax 
l.703             \EndFor
                         
pdfTeX warning (ext4): destination with the same identifier (name{ALG@line.10})
 has been already used, duplicate ignored
<to be read again> 
                   \relax 
l.704         \EndIf
                     [374] [375] [376]
Overfull \hbox (3.5047pt too wide) in paragraph at lines 921--925
\T1/lmr/m/n/10.95 (-20) We de-note the re-sult-ing ob-jec-tive as $\OMS/lmsy/m/
n/10.95 L[]\OT1/lmr/m/n/10.95 (-20) (\OML/lmm/b/it/10.95 ^^R\OML/lmm/m/it/10.95
 ; \OML/lmm/b/it/10.95 ^^R[]\OT1/lmr/m/n/10.95 (-20) ; \OML/lmm/b/it/10.95 ^^^[
]\OT1/lmr/m/n/10.95 (-20) )$\T1/lmr/m/n/10.95 (-20) . Ac-cord-ingly, Propo-si-t
ion [][]11.3.1[][]
[377] [378] [379] [380] [381]
pdfTeX warning (ext4): destination with the same identifier (name{ALG@line.1}) 
has been already used, duplicate ignored
<to be read again> 
                   \relax 
l.1209 \State
              \textbfs{Init:} $\bm{\theta} \gets \bm{\theta}_{\text{pretrain...

pdfTeX warning (ext4): destination with the same identifier (name{ALG@line.2}) 
has been already used, duplicate ignored
<to be read again> 
                   \relax 
l.1210 \Repeat
              
pdfTeX warning (ext4): destination with the same identifier (name{ALG@line.3}) 
has been already used, duplicate ignored
<to be read again> 
                   \relax 
l.1211     \State
                  $\rvx_0 \sim \mathcal{D}$, $\mathbf{z} \sim \mathcal{N}(\b...

pdfTeX warning (ext4): destination with the same identifier (name{ALG@line.4}) 
has been already used, duplicate ignored
<to be read again> 
                   \relax 
l.1212     \State
                  $\rvx_s \gets \cos(s) \rvx_0 + \sin(s) \mathbf{z}$
pdfTeX warning (ext4): destination with the same identifier (name{ALG@line.5}) 
has been already used, duplicate ignored
<to be read again> 
                   \relax 
l.1213     \If
              {consistency training}
pdfTeX warning (ext4): destination with the same identifier (name{ALG@line.6}) 
has been already used, duplicate ignored
<to be read again> 
                   \relax 
l.1214         \State
                      $\frac{\diff\rvx_s}{\diff s} \gets \cos(s) \mathbf{z} ...

pdfTeX warning (ext4): destination with the same identifier (name{ALG@line.7}) 
has been already used, duplicate ignored
<to be read again> 
                   \relax 
l.1215     \Else
                
pdfTeX warning (ext4): destination with the same identifier (name{ALG@line.8}) 
has been already used, duplicate ignored
<to be read again> 
                   \relax 
l.1216         \State
                      $\frac{\diff\rvx_s}{\diff s} \gets \sigma_{\mathrm{d}}...

pdfTeX warning (ext4): destination with the same identifier (name{ALG@line.9}) 
has been already used, duplicate ignored
<to be read again> 
                   \relax 
l.1217     \EndIf
                 
pdfTeX warning (ext4): destination with the same identifier (name{ALG@line.10})
 has been already used, duplicate ignored
<to be read again> 
                   \relax 
l.1218     \State
                  $r \gets \min\left(1, \frac{\text{Iters}}{H}\right)$ \hfil...

pdfTeX warning (ext4): destination with the same identifier (name{ALG@line.11})
 has been already used, duplicate ignored
<to be read again> 
                   \relax 
l.1219     \State
                  $\rvw \gets - \cos^2(s) (\sigma_{\mathrm{d}} \mathbf{F}_{\...

pdfTeX warning (ext4): destination with the same identifier (name{ALG@line.12})
 has been already used, duplicate ignored
<to be read again> 
                   \relax 
l.1220     \State
                  $\rvw \gets \frac{\rvw}{\|\rvw\| + c}$ \hfill \Comment{ Ta...

pdfTeX warning (ext4): destination with the same identifier (name{ALG@line.13})
 has been already used, duplicate ignored
<to be read again> 
                   \relax 
l.1221     \State
                  $\mathcal{L}_{\text{sCM}}(\bm{\theta}, \boldsymbol{\varphi...

pdfTeX warning (ext4): destination with the same identifier (name{ALG@line.14})
 has been already used, duplicate ignored
<to be read again> 
                   \relax 
l.1223     \State
                  $(\bm{\theta}, \boldsymbol{\varphi}) \gets (\bm{\theta}, \...

pdfTeX warning (ext4): destination with the same identifier (name{ALG@line.15})
 has been already used, duplicate ignored
<to be read again> 
                   \relax 
l.1224     \State
                  Iters $\gets$ Iters + 1
pdfTeX warning (ext4): destination with the same identifier (name{ALG@line.16})
 has been already used, duplicate ignored
<to be read again> 
                   \relax 
l.1225 \Until
             {convergence} [382] [383] [384] [385] [386] [387] [388 <./Images/P
artD/ctm-target.pdf>] [389]
pdfTeX warning (ext4): destination with the same identifier (name{ALG@line.1}) 
has been already used, duplicate ignored
<to be read again> 
                   \relax 
l.1713     \State
                  Start from $\mathbf{x}_{\tau_{0}}\sim p_{\mathrm{prior}}=\...

pdfTeX warning (ext4): destination with the same identifier (name{ALG@line.2}) 
has been already used, duplicate ignored
<to be read again> 
                   \relax 
l.1714         \For
                   {$n=0$ to $M-1$}
pdfTeX warning (ext4): destination with the same identifier (name{ALG@line.3}) 
has been already used, duplicate ignored
<to be read again> 
                   \relax 
l.1715         \State
                      $\tilde{\tau}_{n+1}\leftarrow \sqrt{1-\gamma^{2}}\tau_...

pdfTeX warning (ext4): destination with the same identifier (name{ALG@line.4}) 
has been already used, duplicate ignored
<to be read again> 
                   \relax 
l.1716         \State
                      Denoise $\mathbf{x}_{\tilde{\tau}_{n+1}}\leftarrow \ma...

pdfTeX warning (ext4): destination with the same identifier (name{ALG@line.5}) 
has been already used, duplicate ignored
<to be read again> 
                   \relax 
l.1717         \State
                      Diffuse $\mathbf{x}_{\tau_{n+1}}\leftarrow\mathbf{x}_{...

pdfTeX warning (ext4): destination with the same identifier (name{ALG@line.6}) 
has been already used, duplicate ignored
<to be read again> 
                   \relax 
l.1718         \EndFor
                       [390]
Underfull \vbox (badness 2961) has occurred while \output is active [391 <./Ima
ges/PartD/ctm_gamma.pdf>] [392] [393] [394] [395] [396] [397] [398] [399 <./Ima
ges/PartD/lagrangian-1.pdf> <./Images/PartD/lagrangian-2.pdf

pdfTeX warning: pdflatex (file ./Images/PartD/lagrangian-2.pdf): PDF inclusion:
 multiple pdfs with page group included in a single page
>] [400 <./Images/PartD/eulerian-1.pdf> <./Images/PartD/eulerian-2.pdf

pdfTeX warning: pdflatex (file ./Images/PartD/eulerian-2.pdf): PDF inclusion: m
ultiple pdfs with page group included in a single page
>]
Overfull \hbox (22.80934pt too wide) detected at line 2266
\OT1/lmr/bx/n/10.95 	[]\OT1/lmr/m/n/10.95 (\OT1/lmr/bx/n/10.95 x[]\OT1/lmr/m/n/
10.95 ) = \OT1/lmr/bx/n/10.95 	[]\OT1/lmr/m/n/10.95 (\OT1/lmr/bx/n/10.95 x[]\OT
1/lmr/m/n/10.95 ) \OMS/lmsy/m/n/10.95 ^^@ \OT1/lmr/m/n/10.95 ^^A\OML/lmm/m/it/1
0.95 s []@[]\OT1/lmr/bx/n/10.95 	[][]\OT1/lmr/m/n/10.95 (\OT1/lmr/bx/n/10.95 x[
]\OT1/lmr/m/n/10.95 )\OT1/lmr/bx/n/10.95 v[]\OT1/lmr/m/n/10.95 (\OT1/lmr/bx/n/1
0.95 x[]\OML/lmm/m/it/10.95 ; s\OT1/lmr/m/n/10.95 ) \OMS/lmsy/m/n/10.95 ^^@ \OT
1/lmr/m/n/10.95 ^^A\OML/lmm/m/it/10.95 s @[]\OT1/lmr/bx/n/10.95 	[]\OT1/lmr/m/n
/10.95 (\OT1/lmr/bx/n/10.95 x[]\OT1/lmr/m/n/10.95 ) + \OMS/lmsy/m/n/10.95 O[]\O
T1/lmr/m/n/10.95 (^^A\OML/lmm/m/it/10.95 s\OT1/lmr/m/n/10.95 )[][]\OML/lmm/m/it
/10.95 :
[401] [402]) [403] (./Chapter-10-Epilogue-and-Outlook.tex
Chapter 12.

Underfull \vbox (badness 2662) has occurred while \output is active [404]
[405] [406] [407 <./Images/appendix/vector_field_only.pdf> <./Images/appendix/p
article_cloud.pdf> <./Images/appendix/vector_field_with_density.pdf>] [408]
[409] [410] [411] [412] [413 <./Images/PartE/fig_notation_overview.pdf>]
[414] [415] [416 <./Images/PartE/ctmc_trajectory.pdf>] [417]
Underfull \vbox (badness 3039) has occurred while \output is active [418 <./Ima
ges/PartE/masked_vs_uniform_diffusion.pdf>] [419] [420] [421]
Overfull \hbox (3.32158pt too wide) in paragraph at lines 806--814
[]\T1/lmr/m/n/10.95 (-20) This clean-state parametriza-tion is com-mon in multi
nomial/D3PM-style discrete-
[422]
Overfull \hbox (5.91972pt too wide) in paragraph at lines 870--877
[] [] \T1/lmss/bx/n/10.95 (-20) The Ra-tio as a Dis-crete Ana-logue of the Scor
e.[] \T1/lmr/m/n/10.95 (-20) Now in-spect Equa-tion ([][]12.2.7[][]).
[423] [424] [425]
Underfull \hbox (badness 1742) in paragraph at lines 1007--1008
[]|\T1/lmr/m/n/7 (+20) Transition-matrix prop-a-ga-tion or mas-ter

Overfull \hbox (4.64502pt too wide) in paragraph at lines 988--1040
 [][] 
[426] [427] [428]) [429] (./A_Crash-Course-of-DE.tex [430]
Appendix A.

Underfull \vbox (badness 1609) has occurred while \output is active [431]
[432] [433 <./Images/PartE/discrete_vs_continuous_ode.pdf>] [434] [435]
[436] [437] [438] [439] [440] [441] [442] [443]
Overfull \hbox (1.79828pt too wide) in paragraph at lines 846--847
[] []\T1/lmss/bx/n/10.95 (-20) Stochas-tic Dif-fer-en-tial Equa-tions.[] \T1/lm
r/m/n/10.95 (-20) For-mally, the limit of the dis-crete up-date Equa-
[444] [445] [446]) (./B_Continuity-Equation.tex [447]
Appendix B.

Underfull \vbox (badness 1609) has occurred while \output is active [448]
[449]

Package hyperref Warning: Token not allowed in a PDF string (Unicode):
(hyperref)                removing `\\' on input line 100.

[450]

Package fancyhdr Warning: \headheight is too small (14.4pt): 
(fancyhdr)                Make it at least 26.32425pt, for example:
(fancyhdr)                \setlength{\headheight}{26.32425pt}.
(fancyhdr)                You might also make \topmargin smaller:
(fancyhdr)                \addtolength{\topmargin}{-11.92426pt}.

[451] [452]

Package fancyhdr Warning: \headheight is too small (14.4pt): 
(fancyhdr)                Make it at least 26.32425pt, for example:
(fancyhdr)                \setlength{\headheight}{26.32425pt}.
(fancyhdr)                You might also make \topmargin smaller:
(fancyhdr)                \addtolength{\topmargin}{-11.92426pt}.

[453] [454]

Package fancyhdr Warning: \headheight is too small (14.4pt): 
(fancyhdr)                Make it at least 26.32425pt, for example:
(fancyhdr)                \setlength{\headheight}{26.32425pt}.
(fancyhdr)                You might also make \topmargin smaller:
(fancyhdr)                \addtolength{\topmargin}{-11.92426pt}.

[455] [456]
Overfull \hbox (7.89894pt too wide) detected at line 466
[]

Package fancyhdr Warning: \headheight is too small (14.4pt): 
(fancyhdr)                Make it at least 26.32425pt, for example:
(fancyhdr)                \setlength{\headheight}{26.32425pt}.
(fancyhdr)                You might also make \topmargin smaller:
(fancyhdr)                \addtolength{\topmargin}{-11.92426pt}.

[457] [458] [459] [460] [461]
Overfull \hbox (7.09067pt too wide) in paragraph at lines 751--756
[]\T1/lmr/m/n/10.95 (-20) Throughout this op-tional sec-tion, $\OML/lmm/m/it/10
.95 ^^\$ \T1/lmr/m/n/10.95 (-20) de-notes \T1/lmr/m/it/10.95 (-20) train-ing ti
me\T1/lmr/m/n/10.95 (-20) : an ide-al-ized continuous-
[462] [463] [464] [465] [466] [467]) (./C_SDE-and-Ito.tex
Appendix C.

Package hyperref Warning: Token not allowed in a PDF string (Unicode):
(hyperref)                removing `\\' on input line 1.

[468] [469]

Package fancyhdr Warning: \headheight is too small (14.4pt): 
(fancyhdr)                Make it at least 26.32425pt, for example:
(fancyhdr)                \setlength{\headheight}{26.32425pt}.
(fancyhdr)                You might also make \topmargin smaller:
(fancyhdr)                \addtolength{\topmargin}{-11.92426pt}.

[470] [471]

Package fancyhdr Warning: \headheight is too small (14.4pt): 
(fancyhdr)                Make it at least 26.32425pt, for example:
(fancyhdr)                \setlength{\headheight}{26.32425pt}.
(fancyhdr)                You might also make \topmargin smaller:
(fancyhdr)                \addtolength{\topmargin}{-11.92426pt}.

[472] [473]

Package fancyhdr Warning: \headheight is too small (14.4pt): 
(fancyhdr)                Make it at least 26.32425pt, for example:
(fancyhdr)                \setlength{\headheight}{26.32425pt}.
(fancyhdr)                You might also make \topmargin smaller:
(fancyhdr)                \addtolength{\topmargin}{-11.92426pt}.

[474] [475]

Package fancyhdr Warning: \headheight is too small (14.4pt): 
(fancyhdr)                Make it at least 26.32425pt, for example:
(fancyhdr)                \setlength{\headheight}{26.32425pt}.
(fancyhdr)                You might also make \topmargin smaller:
(fancyhdr)                \addtolength{\topmargin}{-11.92426pt}.

[476] [477]

Package fancyhdr Warning: \headheight is too small (14.4pt): 
(fancyhdr)                Make it at least 26.32425pt, for example:
(fancyhdr)                \setlength{\headheight}{26.32425pt}.
(fancyhdr)                You might also make \topmargin smaller:
(fancyhdr)                \addtolength{\topmargin}{-11.92426pt}.

[478] [479]

Package fancyhdr Warning: \headheight is too small (14.4pt): 
(fancyhdr)                Make it at least 26.32425pt, for example:
(fancyhdr)                \setlength{\headheight}{26.32425pt}.
(fancyhdr)                You might also make \topmargin smaller:
(fancyhdr)                \addtolength{\topmargin}{-11.92426pt}.

[480] [481]) (./D_Proofs.tex

Package fancyhdr Warning: \headheight is too small (14.4pt): 
(fancyhdr)                Make it at least 26.32425pt, for example:
(fancyhdr)                \setlength{\headheight}{26.32425pt}.
(fancyhdr)                You might also make \topmargin smaller:
(fancyhdr)                \addtolength{\topmargin}{-11.92426pt}.

[482] [483]
Appendix D.
[484] [485]
Overfull \hbox (10.24936pt too wide) detected at line 198
[]

Overfull \hbox (15.41023pt too wide) detected at line 212
[]
[486] [487] [488]
Overfull \hbox (10.77867pt too wide) in paragraph at lines 381--384
[] []\T1/lmss/bx/n/10.95 (-20) Tweedie's Iden-tity with Time-De-pen-dent Pa-ram
-e-ters.[] \T1/lmr/m/n/10.95 (-20) Let $\OT1/lmr/bx/n/10.95 (-20) x[]\OMS/lmsy/
m/n/10.95 j\OT1/lmr/bx/n/10.95 (-20) x[] \OMS/lmsy/m/n/10.95 ^^X N[]^^A\OT1/lmr
/m/n/10.95 (-20) ; \OML/lmm/m/it/10.95 []\OT1/lmr/bx/n/10.95 (-20) x[]\OML/lmm
/m/it/10.95 ; ^^[[]\OT1/lmr/bx/n/10.95 (-20) I[]$\T1/lmr/m/n/10.95 (-20) .
[489] [490] [491] [492] [493] [494] [495] [496] [497] [498] [499] [500]
[501] [502] [503] [504] [505] [506] [507] [508]) [509] [510] [511] [512]
[513] [514] [515] [516] [517] [518] [519] [520]
Overfull \hbox (1.82469pt too wide) in paragraph at lines 511--511
[][]\T1/lmr/m/n/10.95 (-20) Sun, H., L. Yu, B. Dai, D. Schu-ur-mans, and H. Dai
. (2023). ^^P  Score-based Continuous-
[521]
Overfull \hbox (7.02348pt too wide) in paragraph at lines 511--511
\T1/lmr/m/n/10.95 (-20) free energy-guided con-di-tional dif-fu-sion model^^Q. 
In: \T1/lmr/m/it/10.95 (-20) Pro-ceed-ings of the IEEE/CVF
[522] 
enddocument/afterlastpage (AED): lastpage setting LastPage.
(build/main_v2.aux)

LaTeX Font Warning: Size substitutions with differences
(Font)              up to 1.0pt have occurred.


LaTeX Font Warning: Some font shapes were not available, defaults substituted.

 )
(see the transcript file for additional information)</usr/local/texlive/2026/te
xmf-dist/fonts/type1/public/lm/lmbsy10.pfb></usr/local/texlive/2026/texmf-dist/
fonts/type1/public/lm/lmbsy5.pfb></usr/local/texlive/2026/texmf-dist/fonts/type
1/public/lm/lmbsy7.pfb></usr/local/texlive/2026/texmf-dist/fonts/type1/public/l
m/lmbx10.pfb></usr/local/texlive/2026/texmf-dist/fonts/type1/public/lm/lmbx12.p
fb></usr/local/texlive/2026/texmf-dist/fonts/type1/public/lm/lmbx5.pfb></usr/lo
cal/texlive/2026/texmf-dist/fonts/type1/public/lm/lmbx6.pfb></usr/local/texlive
/2026/texmf-dist/fonts/type1/public/lm/lmbx7.pfb></usr/local/texlive/2026/texmf
-dist/fonts/type1/public/lm/lmbx8.pfb></usr/local/texlive/2026/texmf-dist/fonts
/type1/public/lm/lmbx9.pfb></usr/local/texlive/2026/texmf-dist/fonts/type1/publ
ic/lm/lmcsc10.pfb></usr/local/texlive/2026/texmf-dist/fonts/type1/public/lm/lme
x10.pfb></usr/local/texlive/2026/texmf-dist/fonts/type1/public/lm/lmmi10.pfb></
usr/local/texlive/2026/texmf-dist/fonts/type1/public/lm/lmmi5.pfb></usr/local/t
exlive/2026/texmf-dist/fonts/type1/public/lm/lmmi6.pfb></usr/local/texlive/2026
/texmf-dist/fonts/type1/public/lm/lmmi7.pfb></usr/local/texlive/2026/texmf-dist
/fonts/type1/public/lm/lmmi8.pfb></usr/local/texlive/2026/texmf-dist/fonts/type
1/public/lm/lmmi9.pfb></usr/local/texlive/2026/texmf-dist/fonts/type1/public/lm
/lmmib10.pfb></usr/local/texlive/2026/texmf-dist/fonts/type1/public/lm/lmmib5.p
fb></usr/local/texlive/2026/texmf-dist/fonts/type1/public/lm/lmmib7.pfb></usr/l
ocal/texlive/2026/texmf-dist/fonts/type1/public/lm/lmr10.pfb></usr/local/texliv
e/2026/texmf-dist/fonts/type1/public/lm/lmr5.pfb></usr/local/texlive/2026/texmf
-dist/fonts/type1/public/lm/lmr6.pfb></usr/local/texlive/2026/texmf-dist/fonts/
type1/public/lm/lmr7.pfb></usr/local/texlive/2026/texmf-dist/fonts/type1/public
/lm/lmr8.pfb></usr/local/texlive/2026/texmf-dist/fonts/type1/public/lm/lmr9.pfb
></usr/local/texlive/2026/texmf-dist/fonts/type1/public/lm/lmri10.pfb></usr/loc
al/texlive/2026/texmf-dist/fonts/type1/public/lm/lmri7.pfb></usr/local/texlive/
2026/texmf-dist/fonts/type1/public/lm/lmri9.pfb></usr/local/texlive/2026/texmf-
dist/fonts/type1/public/lm/lmro10.pfb></usr/local/texlive/2026/texmf-dist/fonts
/type1/public/lm/lmro8.pfb></usr/local/texlive/2026/texmf-dist/fonts/type1/publ
ic/lm/lmss10.pfb></usr/local/texlive/2026/texmf-dist/fonts/type1/public/lm/lmss
12.pfb></usr/local/texlive/2026/texmf-dist/fonts/type1/public/lm/lmssbo10.pfb><
/usr/local/texlive/2026/texmf-dist/fonts/type1/public/lm/lmssbx10.pfb></usr/loc
al/texlive/2026/texmf-dist/fonts/type1/public/lm/lmsso10.pfb></usr/local/texliv
e/2026/texmf-dist/fonts/type1/public/lm/lmsy10.pfb></usr/local/texlive/2026/tex
mf-dist/fonts/type1/public/lm/lmsy5.pfb></usr/local/texlive/2026/texmf-dist/fon
ts/type1/public/lm/lmsy6.pfb></usr/local/texlive/2026/texmf-dist/fonts/type1/pu
blic/lm/lmsy7.pfb></usr/local/texlive/2026/texmf-dist/fonts/type1/public/lm/lms
y8.pfb></usr/local/texlive/2026/texmf-dist/fonts/type1/public/lm/lmsy9.pfb></us
r/local/texlive/2026/texmf-dist/fonts/type1/public/lm/lmtk10.pfb></usr/local/te
xlive/2026/texmf-dist/fonts/type1/public/lm/lmtt10.pfb></usr/local/texlive/2026
/texmf-dist/fonts/type1/public/lm/lmtt9.pfb></usr/local/texlive/2026/texmf-dist
/fonts/type1/public/lm/lmtti10.pfb></usr/local/texlive/2026/texmf-dist/fonts/ty
pe1/public/lm/lmtto10.pfb></usr/local/texlive/2026/texmf-dist/fonts/type1/publi
c/amsfonts/symbols/msam10.pfb></usr/local/texlive/2026/texmf-dist/fonts/type1/p
ublic/amsfonts/symbols/msam5.pfb></usr/local/texlive/2026/texmf-dist/fonts/type
1/public/amsfonts/symbols/msbm10.pfb></usr/local/texlive/2026/texmf-dist/fonts/
type1/public/amsfonts/symbols/msbm7.pfb></usr/local/texlive/2026/texmf-dist/fon
ts/type1/public/stmaryrd/stmary10.pfb>
Output written on build/main_v2.pdf (527 pages, 19811711 bytes).
Transcript written on build/main_v2.log.
Latexmk: Getting log file 'build/main_v2.log'
Latexmk: Examining 'build/main_v2.fls'
Latexmk: Examining 'build/main_v2.log'
Latexmk: Found input bbl file 'build/main_v2.bbl'
Latexmk: Log file says output to 'build/main_v2.pdf'
Latexmk: Using biber to make bibliography file(s).
Latexmk: Bibliography file(s) from .bcf file:
  main_v2.bib
Sources for biber
  main_v2.bib
  build/main_v2.bcf
Latexmk: All targets (build/main_v2.pdf) are up-to-date

