Rc files read (in order):
  NONE
Latexmk: This is Latexmk, John Collins, 9 March 2026. Version 4.88.
No existing .aux file, so I'll make a simple one, and require run of *latex.
Latexmk: applying rule 'pdflatex'...
Rule 'pdflatex':  Reasons for rerun
Category 'other':
  Rerun of 'pdflatex' forced or previously required:
    Reason or flag: 'Initial setup'

------------
Run number 1 of rule 'pdflatex'
------------
------------
Running 'pdflatex  -interaction=nonstopmode -file-line-error -recorder -output-directory="build"  "main_v2.tex"'
------------
This is pdfTeX, Version 3.141592653-2.6-1.40.29 (TeX Live 2026) (preloaded format=pdflatex)
 restricted \write18 enabled.
entering extended mode
(./main_v2.tex
LaTeX2e <2025-11-01>
L3 programming layer <2026-01-19>
(./nowfnt-arxiv.cls

LaTeX Warning: You have requested document class `nowfnt-arxiv',
               but the document class provides `nowfnt'.

Document Class: nowfnt 2021/10/12 v0.95d NOW document class
(/usr/local/texlive/2026/texmf-dist/tex/latex/etoolbox/etoolbox.sty)
(./NOWFnT-data.tex)

Class nowfnt Warning: Unclear state. Remove the class option book or ebook or s
ample on input line 129.

(/usr/local/texlive/2026/texmf-dist/tex/latex/base/book.cls
Document Class: book 2025/01/22 v1.4n Standard LaTeX document class
(/usr/local/texlive/2026/texmf-dist/tex/latex/base/bk11.clo))
(/usr/local/texlive/2026/texmf-dist/tex/latex/lastpage/lastpage.sty
(/usr/local/texlive/2026/texmf-dist/tex/latex/lastpage/lastpage2e.sty
(/usr/local/texlive/2026/texmf-dist/tex/latex/lastpage/lastpagemodern.sty) 
)) (/usr/local/texlive/2026/texmf-dist/tex/latex/tools/multicol.sty)
(/usr/local/texlive/2026/texmf-dist/tex/latex/tools/array.sty)
(/usr/local/texlive/2026/texmf-dist/tex/latex/trimspaces/trimspaces.sty)
(/usr/local/texlive/2026/texmf-dist/tex/latex/footmisc/footmisc.sty)
(/usr/local/texlive/2026/texmf-dist/tex/latex/pdfpages/pdfpages.sty
(/usr/local/texlive/2026/texmf-dist/tex/latex/base/ifthen.sty)
(/usr/local/texlive/2026/texmf-dist/tex/latex/tools/calc.sty)
(/usr/local/texlive/2026/texmf-dist/tex/latex/eso-pic/eso-pic.sty
(/usr/local/texlive/2026/texmf-dist/tex/latex/graphics/keyval.sty)
(/usr/local/texlive/2026/texmf-dist/tex/latex/xcolor/xcolor.sty
(/usr/local/texlive/2026/texmf-dist/tex/latex/graphics-cfg/color.cfg)
(/usr/local/texlive/2026/texmf-dist/tex/latex/graphics-def/pdftex.def)
(/usr/local/texlive/2026/texmf-dist/tex/latex/graphics/mathcolor.ltx))
(/usr/local/texlive/2026/texmf-dist/tex/latex/graphics/dvipsnam.def))
(/usr/local/texlive/2026/texmf-dist/tex/latex/graphics/graphicx.sty
(/usr/local/texlive/2026/texmf-dist/tex/latex/graphics/graphics.sty
(/usr/local/texlive/2026/texmf-dist/tex/latex/graphics/trig.sty)
(/usr/local/texlive/2026/texmf-dist/tex/latex/graphics-cfg/graphics.cfg)))
(/usr/local/texlive/2026/texmf-dist/tex/latex/pdfpages/pppdftex.def))
(/usr/local/texlive/2026/texmf-dist/tex/latex/tools/xr.sty)
(/usr/local/texlive/2026/texmf-dist/tex/latex/microtype/microtype.sty
(/usr/local/texlive/2026/texmf-dist/tex/latex/microtype/microtype-pdftex.def)
(/usr/local/texlive/2026/texmf-dist/tex/latex/microtype/microtype.cfg))
(/usr/local/texlive/2026/texmf-dist/tex/latex/fancyhdr/fancyhdr.sty)
(/usr/local/texlive/2026/texmf-dist/tex/latex/titlesec/titlesec.sty)
(/usr/local/texlive/2026/texmf-dist/tex/latex/caption/caption.sty
(/usr/local/texlive/2026/texmf-dist/tex/latex/caption/caption3.sty))
(/usr/local/texlive/2026/texmf-dist/tex/latex/emptypage/emptypage.sty)
(/usr/local/texlive/2026/texmf-dist/tex/latex/url/url.sty)
(/usr/local/texlive/2026/texmf-dist/tex/latex/lm/lmodern.sty)
(/usr/local/texlive/2026/texmf-dist/tex/latex/base/fontenc.sty
(/usr/local/texlive/2026/texmf-dist/tex/latex/lm/t1lmr.fd))
(./nowfnt-biblatex.sty
(/usr/local/texlive/2026/texmf-dist/tex/latex/biblatex/biblatex.sty
(/usr/local/texlive/2026/texmf-dist/tex/generic/pdftexcmds/pdftexcmds.sty
(/usr/local/texlive/2026/texmf-dist/tex/generic/infwarerr/infwarerr.sty)
(/usr/local/texlive/2026/texmf-dist/tex/generic/iftex/iftex.sty)
(/usr/local/texlive/2026/texmf-dist/tex/generic/ltxcmds/ltxcmds.sty))
(/usr/local/texlive/2026/texmf-dist/tex/latex/kvoptions/kvoptions.sty
(/usr/local/texlive/2026/texmf-dist/tex/latex/kvsetkeys/kvsetkeys.sty))
(/usr/local/texlive/2026/texmf-dist/tex/latex/logreq/logreq.sty
(/usr/local/texlive/2026/texmf-dist/tex/latex/logreq/logreq.def))
(/usr/local/texlive/2026/texmf-dist/tex/latex/biblatex/blx-dm.def)
(/usr/local/texlive/2026/texmf-dist/tex/latex/biblatex/blx-compat.def)
(/usr/local/texlive/2026/texmf-dist/tex/latex/biblatex/biblatex.def)
(/usr/local/texlive/2026/texmf-dist/tex/latex/biblatex/blx-natbib.def)
(/usr/local/texlive/2026/texmf-dist/tex/latex/biblatex/bbx/authoryear.bbx
(/usr/local/texlive/2026/texmf-dist/tex/latex/biblatex/bbx/standard.bbx))
(/usr/local/texlive/2026/texmf-dist/tex/latex/biblatex/cbx/authoryear.cbx)
(/usr/local/texlive/2026/texmf-dist/tex/latex/biblatex/biblatex.cfg)
(/usr/local/texlive/2026/texmf-dist/tex/latex/l3kernel/expl3.sty
(/usr/local/texlive/2026/texmf-dist/tex/latex/l3backend/l3backend-pdftex.def))
(/usr/local/texlive/2026/texmf-dist/tex/latex/biblatex/blx-case-expl3.sty
(/usr/local/texlive/2026/texmf-dist/tex/latex/l3packages/xparse/xparse.sty)))
(/usr/local/texlive/2026/texmf-dist/tex/latex/csquotes/csquotes.sty
(/usr/local/texlive/2026/texmf-dist/tex/latex/csquotes/csquotes.def)
(/usr/local/texlive/2026/texmf-dist/tex/latex/csquotes/csquotes.cfg)))
(/usr/local/texlive/2026/texmf-dist/tex/latex/amscls/amsthm.sty)
(/usr/local/texlive/2026/texmf-dist/tex/latex/geometry/geometry.sty
(/usr/local/texlive/2026/texmf-dist/tex/generic/iftex/ifvtex.sty))
(/usr/local/texlive/2026/texmf-dist/tex/latex/hyperref/hyperref.sty
(/usr/local/texlive/2026/texmf-dist/tex/generic/kvdefinekeys/kvdefinekeys.sty)
(/usr/local/texlive/2026/texmf-dist/tex/generic/pdfescape/pdfescape.sty)
(/usr/local/texlive/2026/texmf-dist/tex/latex/hycolor/hycolor.sty)
(/usr/local/texlive/2026/texmf-dist/tex/latex/hyperref/nameref.sty
(/usr/local/texlive/2026/texmf-dist/tex/latex/refcount/refcount.sty)
(/usr/local/texlive/2026/texmf-dist/tex/generic/gettitlestring/gettitlestring.s
ty)) (/usr/local/texlive/2026/texmf-dist/tex/generic/stringenc/stringenc.sty)
(/usr/local/texlive/2026/texmf-dist/tex/latex/hyperref/pd1enc.def)
(/usr/local/texlive/2026/texmf-dist/tex/generic/intcalc/intcalc.sty)
(/usr/local/texlive/2026/texmf-dist/tex/latex/hyperref/puenc.def)
(/usr/local/texlive/2026/texmf-dist/tex/generic/bitset/bitset.sty
(/usr/local/texlive/2026/texmf-dist/tex/generic/bigintcalc/bigintcalc.sty)))
(/usr/local/texlive/2026/texmf-dist/tex/latex/hyperref/hpdftex.def
(/usr/local/texlive/2026/texmf-dist/tex/latex/rerunfilecheck/rerunfilecheck.sty

(/usr/local/texlive/2026/texmf-dist/tex/generic/uniquecounter/uniquecounter.sty
))) (/usr/local/texlive/2026/texmf-dist/tex/latex/bookmark/bookmark.sty
(/usr/local/texlive/2026/texmf-dist/tex/latex/bookmark/bkm-pdftex.def)))
(/usr/local/texlive/2026/texmf-dist/tex/latex/pgf/frontendlayer/tikz.sty
(/usr/local/texlive/2026/texmf-dist/tex/latex/pgf/basiclayer/pgf.sty
(/usr/local/texlive/2026/texmf-dist/tex/latex/pgf/utilities/pgfrcs.sty
(/usr/local/texlive/2026/texmf-dist/tex/generic/pgf/utilities/pgfutil-common.te
x)
(/usr/local/texlive/2026/texmf-dist/tex/generic/pgf/utilities/pgfutil-latex.def
) (/usr/local/texlive/2026/texmf-dist/tex/generic/pgf/utilities/pgfrcs.code.tex
(/usr/local/texlive/2026/texmf-dist/tex/generic/pgf/pgf.revision.tex)))
(/usr/local/texlive/2026/texmf-dist/tex/latex/pgf/basiclayer/pgfcore.sty
(/usr/local/texlive/2026/texmf-dist/tex/latex/pgf/systemlayer/pgfsys.sty
(/usr/local/texlive/2026/texmf-dist/tex/generic/pgf/systemlayer/pgfsys.code.tex
(/usr/local/texlive/2026/texmf-dist/tex/generic/pgf/utilities/pgfkeys.code.tex
(/usr/local/texlive/2026/texmf-dist/tex/generic/pgf/utilities/pgfkeyslibraryfil
tered.code.tex))
(/usr/local/texlive/2026/texmf-dist/tex/generic/pgf/systemlayer/pgf.cfg)
(/usr/local/texlive/2026/texmf-dist/tex/generic/pgf/systemlayer/pgfsys-pdftex.d
ef
(/usr/local/texlive/2026/texmf-dist/tex/generic/pgf/systemlayer/pgfsys-common-p
df.def)))
(/usr/local/texlive/2026/texmf-dist/tex/generic/pgf/systemlayer/pgfsyssoftpath.
code.tex)
(/usr/local/texlive/2026/texmf-dist/tex/generic/pgf/systemlayer/pgfsysprotocol.
code.tex))
(/usr/local/texlive/2026/texmf-dist/tex/generic/pgf/basiclayer/pgfcore.code.tex
(/usr/local/texlive/2026/texmf-dist/tex/generic/pgf/math/pgfmath.code.tex
(/usr/local/texlive/2026/texmf-dist/tex/generic/pgf/math/pgfmathutil.code.tex)
(/usr/local/texlive/2026/texmf-dist/tex/generic/pgf/math/pgfmathparser.code.tex
)
(/usr/local/texlive/2026/texmf-dist/tex/generic/pgf/math/pgfmathfunctions.code.
tex)
(/usr/local/texlive/2026/texmf-dist/tex/generic/pgf/math/pgfmathfunctions.basic
.code.tex)
(/usr/local/texlive/2026/texmf-dist/tex/generic/pgf/math/pgfmathfunctions.trigo
nometric.code.tex)
(/usr/local/texlive/2026/texmf-dist/tex/generic/pgf/math/pgfmathfunctions.rando
m.code.tex)
(/usr/local/texlive/2026/texmf-dist/tex/generic/pgf/math/pgfmathfunctions.compa
rison.code.tex)
(/usr/local/texlive/2026/texmf-dist/tex/generic/pgf/math/pgfmathfunctions.base.
code.tex)
(/usr/local/texlive/2026/texmf-dist/tex/generic/pgf/math/pgfmathfunctions.round
.code.tex)
(/usr/local/texlive/2026/texmf-dist/tex/generic/pgf/math/pgfmathfunctions.misc.
code.tex)
(/usr/local/texlive/2026/texmf-dist/tex/generic/pgf/math/pgfmathfunctions.integ
erarithmetics.code.tex)
(/usr/local/texlive/2026/texmf-dist/tex/generic/pgf/math/pgfmathcalc.code.tex)
(/usr/local/texlive/2026/texmf-dist/tex/generic/pgf/math/pgfmathfloat.code.tex)
) (/usr/local/texlive/2026/texmf-dist/tex/generic/pgf/math/pgfint.code.tex)
(/usr/local/texlive/2026/texmf-dist/tex/generic/pgf/basiclayer/pgfcorepoints.co
de.tex)
(/usr/local/texlive/2026/texmf-dist/tex/generic/pgf/basiclayer/pgfcorepathconst
ruct.code.tex)
(/usr/local/texlive/2026/texmf-dist/tex/generic/pgf/basiclayer/pgfcorepathusage
.code.tex)
(/usr/local/texlive/2026/texmf-dist/tex/generic/pgf/basiclayer/pgfcorescopes.co
de.tex)
(/usr/local/texlive/2026/texmf-dist/tex/generic/pgf/basiclayer/pgfcoregraphicst
ate.code.tex)
(/usr/local/texlive/2026/texmf-dist/tex/generic/pgf/basiclayer/pgfcoretransform
ations.code.tex)
(/usr/local/texlive/2026/texmf-dist/tex/generic/pgf/basiclayer/pgfcorequick.cod
e.tex)
(/usr/local/texlive/2026/texmf-dist/tex/generic/pgf/basiclayer/pgfcoreobjects.c
ode.tex)
(/usr/local/texlive/2026/texmf-dist/tex/generic/pgf/basiclayer/pgfcorepathproce
ssing.code.tex)
(/usr/local/texlive/2026/texmf-dist/tex/generic/pgf/basiclayer/pgfcorearrows.co
de.tex)
(/usr/local/texlive/2026/texmf-dist/tex/generic/pgf/basiclayer/pgfcoreshade.cod
e.tex)
(/usr/local/texlive/2026/texmf-dist/tex/generic/pgf/basiclayer/pgfcoreimage.cod
e.tex)
(/usr/local/texlive/2026/texmf-dist/tex/generic/pgf/basiclayer/pgfcoreexternal.
code.tex)
(/usr/local/texlive/2026/texmf-dist/tex/generic/pgf/basiclayer/pgfcorelayers.co
de.tex)
(/usr/local/texlive/2026/texmf-dist/tex/generic/pgf/basiclayer/pgfcoretranspare
ncy.code.tex)
(/usr/local/texlive/2026/texmf-dist/tex/generic/pgf/basiclayer/pgfcorepatterns.
code.tex)
(/usr/local/texlive/2026/texmf-dist/tex/generic/pgf/basiclayer/pgfcorerdf.code.
tex)))
(/usr/local/texlive/2026/texmf-dist/tex/generic/pgf/modules/pgfmoduleshapes.cod
e.tex)
(/usr/local/texlive/2026/texmf-dist/tex/generic/pgf/modules/pgfmoduleplot.code.
tex)
(/usr/local/texlive/2026/texmf-dist/tex/latex/pgf/compatibility/pgfcomp-version
-0-65.sty)
(/usr/local/texlive/2026/texmf-dist/tex/latex/pgf/compatibility/pgfcomp-version
-1-18.sty))
(/usr/local/texlive/2026/texmf-dist/tex/latex/pgf/utilities/pgffor.sty
(/usr/local/texlive/2026/texmf-dist/tex/latex/pgf/utilities/pgfkeys.sty
(/usr/local/texlive/2026/texmf-dist/tex/generic/pgf/utilities/pgfkeys.code.tex)
) (/usr/local/texlive/2026/texmf-dist/tex/latex/pgf/math/pgfmath.sty
(/usr/local/texlive/2026/texmf-dist/tex/generic/pgf/math/pgfmath.code.tex))
(/usr/local/texlive/2026/texmf-dist/tex/generic/pgf/utilities/pgffor.code.tex))

(/usr/local/texlive/2026/texmf-dist/tex/generic/pgf/frontendlayer/tikz/tikz.cod
e.tex
(/usr/local/texlive/2026/texmf-dist/tex/generic/pgf/libraries/pgflibraryplothan
dlers.code.tex)
(/usr/local/texlive/2026/texmf-dist/tex/generic/pgf/modules/pgfmodulematrix.cod
e.tex)
(/usr/local/texlive/2026/texmf-dist/tex/generic/pgf/frontendlayer/tikz/librarie
s/tikzlibrarytopaths.code.tex)))
(/usr/local/texlive/2026/texmf-dist/tex/generic/pgf/libraries/pgflibraryarrows.
meta.code.tex)
(/usr/local/texlive/2026/texmf-dist/tex/generic/pgf/frontendlayer/tikz/librarie
s/tikzlibrarycalc.code.tex)
(/usr/local/texlive/2026/texmf-dist/tex/generic/pgf/frontendlayer/tikz/librarie
s/tikzlibrarypositioning.code.tex)
(/usr/local/texlive/2026/texmf-dist/tex/generic/pgf/frontendlayer/tikz/librarie
s/tikzlibraryshapes.geometric.code.tex
(/usr/local/texlive/2026/texmf-dist/tex/generic/pgf/libraries/shapes/pgflibrary
shapes.geometric.code.tex))
(/usr/local/texlive/2026/texmf-dist/tex/latex/caption/subcaption.sty)
(/usr/local/texlive/2026/texmf-dist/tex/latex/jknapltx/mathrsfs.sty)
(/usr/local/texlive/2026/texmf-dist/tex/latex/tcolorbox/tcolorbox.sty
(/usr/local/texlive/2026/texmf-dist/tex/latex/tools/verbatim.sty)
(/usr/local/texlive/2026/texmf-dist/tex/latex/environ/environ.sty))
(/usr/local/texlive/2026/texmf-dist/tex/latex/booktabs/booktabs.sty)
(/usr/local/texlive/2026/texmf-dist/tex/generic/pgf/frontendlayer/tikz/librarie
s/tikzlibraryshapes.code.tex
(/usr/local/texlive/2026/texmf-dist/tex/generic/pgf/frontendlayer/tikz/librarie
s/tikzlibraryshapes.misc.code.tex
(/usr/local/texlive/2026/texmf-dist/tex/generic/pgf/libraries/shapes/pgflibrary
shapes.misc.code.tex))
(/usr/local/texlive/2026/texmf-dist/tex/generic/pgf/frontendlayer/tikz/librarie
s/tikzlibraryshapes.symbols.code.tex
(/usr/local/texlive/2026/texmf-dist/tex/generic/pgf/libraries/shapes/pgflibrary
shapes.symbols.code.tex))
(/usr/local/texlive/2026/texmf-dist/tex/generic/pgf/frontendlayer/tikz/librarie
s/tikzlibraryshapes.arrows.code.tex
(/usr/local/texlive/2026/texmf-dist/tex/generic/pgf/libraries/shapes/pgflibrary
shapes.arrows.code.tex))
(/usr/local/texlive/2026/texmf-dist/tex/generic/pgf/frontendlayer/tikz/librarie
s/tikzlibraryshapes.callouts.code.tex
(/usr/local/texlive/2026/texmf-dist/tex/generic/pgf/libraries/shapes/pgflibrary
shapes.callouts.code.tex))
(/usr/local/texlive/2026/texmf-dist/tex/generic/pgf/frontendlayer/tikz/librarie
s/tikzlibraryshapes.multipart.code.tex
(/usr/local/texlive/2026/texmf-dist/tex/generic/pgf/libraries/shapes/pgflibrary
shapes.multipart.code.tex)))
(/usr/local/texlive/2026/texmf-dist/tex/generic/pgf/frontendlayer/tikz/librarie
s/tikzlibraryarrows.code.tex
(/usr/local/texlive/2026/texmf-dist/tex/generic/pgf/libraries/pgflibraryarrows.
code.tex))
(/usr/local/texlive/2026/texmf-dist/tex/generic/pgf/frontendlayer/tikz/librarie
s/tikzlibrarybackgrounds.code.tex)
(/usr/local/texlive/2026/texmf-dist/tex/generic/pgf/frontendlayer/tikz/librarie
s/tikzlibraryshadows.code.tex
(/usr/local/texlive/2026/texmf-dist/tex/generic/pgf/frontendlayer/tikz/librarie
s/tikzlibraryfadings.code.tex
(/usr/local/texlive/2026/texmf-dist/tex/generic/pgf/libraries/pgflibraryfadings
.code.tex)))
(/usr/local/texlive/2026/texmf-dist/tex/latex/stmaryrd/stmaryrd.sty)
(/usr/local/texlive/2026/texmf-dist/tex/latex/placeins/placeins.sty)
(/usr/local/texlive/2026/texmf-dist/tex/latex/cancel/cancel.sty)
(/usr/local/texlive/2026/texmf-dist/tex/latex/mathtools/mathtools.sty
(/usr/local/texlive/2026/texmf-dist/tex/latex/mathtools/mhsetup.sty)
(/usr/local/texlive/2026/texmf-dist/tex/latex/amsmath/amsmath.sty
For additional information on amsmath, use the `?' option.
(/usr/local/texlive/2026/texmf-dist/tex/latex/amsmath/amstext.sty
(/usr/local/texlive/2026/texmf-dist/tex/latex/amsmath/amsgen.sty))
(/usr/local/texlive/2026/texmf-dist/tex/latex/amsmath/amsbsy.sty)
(/usr/local/texlive/2026/texmf-dist/tex/latex/amsmath/amsopn.sty)))
(/usr/local/texlive/2026/texmf-dist/tex/latex/fancybox/fancybox.sty
Style option: `fancybox' v1.4 <2010/05/15> (tvz)
) (/usr/local/texlive/2026/texmf-dist/tex/latex/colortbl/colortbl.sty)
(/usr/local/texlive/2026/texmf-dist/tex/latex/amsfonts/amssymb.sty
(/usr/local/texlive/2026/texmf-dist/tex/latex/amsfonts/amsfonts.sty))
(/usr/local/texlive/2026/texmf-dist/tex/latex/setspace/setspace.sty)
(/usr/local/texlive/2026/texmf-dist/tex/latex/float/float.sty)
(/usr/local/texlive/2026/texmf-dist/tex/latex/base/inputenc.sty)
(/usr/local/texlive/2026/texmf-dist/tex/generic/babel/babel.sty
(/usr/local/texlive/2026/texmf-dist/tex/generic/babel/txtbabel.def)
(/usr/local/texlive/2026/texmf-dist/tex/generic/babel/locale/en/babel-english.t
ex) (/usr/local/texlive/2026/texmf-dist/tex/generic/babel-english/english.ldf))
 (/usr/local/texlive/2026/texmf-dist/tex/latex/mwe/mwe.sty
(/usr/local/texlive/2026/texmf-dist/tex/latex/lipsum/lipsum.sty
(/usr/local/texlive/2026/texmf-dist/tex/latex/l3packages/l3keys2e/l3keys2e.sty)
(/usr/local/texlive/2026/texmf-dist/tex/latex/lipsum/lipsum.ltd.tex))
(/usr/local/texlive/2026/texmf-dist/tex/latex/blindtext/blindtext.sty
(/usr/local/texlive/2026/texmf-dist/tex/latex/tools/xspace.sty)))
(/usr/local/texlive/2026/texmf-dist/tex/latex/adjustbox/adjustbox.sty
(/usr/local/texlive/2026/texmf-dist/tex/latex/xkeyval/xkeyval.sty
(/usr/local/texlive/2026/texmf-dist/tex/generic/xkeyval/xkeyval.tex
(/usr/local/texlive/2026/texmf-dist/tex/generic/xkeyval/xkvutils.tex)))
(/usr/local/texlive/2026/texmf-dist/tex/latex/adjustbox/adjcalc.sty)
(/usr/local/texlive/2026/texmf-dist/tex/latex/adjustbox/trimclip.sty
(/usr/local/texlive/2026/texmf-dist/tex/latex/collectbox/collectbox.sty)
(/usr/local/texlive/2026/texmf-dist/tex/latex/adjustbox/tc-pdftex.def))
(/usr/local/texlive/2026/texmf-dist/tex/latex/ifoddpage/ifoddpage.sty)
(/usr/local/texlive/2026/texmf-dist/tex/latex/varwidth/varwidth.sty)
==> First Aid for varwidth.sty applied!
) (/usr/local/texlive/2026/texmf-dist/tex/latex/multirow/multirow.sty)
(/usr/local/texlive/2026/texmf-dist/tex/latex/makecell/makecell.sty)
(./annotate_eqs.sty

LaTeX Warning: You have requested package `annotate_eqs',
               but the package provides `annotate-equations'.

(/usr/local/texlive/2026/texmf-dist/tex/generic/iftex/ifluatex.sty)
(/usr/local/texlive/2026/texmf-dist/tex/latex/tikzmark/tikzlibrarytikzmark.code
.tex)
(/usr/local/texlive/2026/texmf-dist/tex/generic/pgf/frontendlayer/tikz/librarie
s/tikzlibrarybabel.code.tex))
(/usr/local/texlive/2026/texmf-dist/tex/generic/pgf/frontendlayer/tikz/librarie
s/tikzlibraryfit.code.tex)
(/usr/local/texlive/2026/texmf-dist/tex/latex/epigraph/epigraph.sty
(/usr/local/texlive/2026/texmf-dist/tex/latex/nextpage/nextpage.sty))
(/usr/local/texlive/2026/texmf-dist/tex/latex/thmbox/thmbox.sty)
(/usr/local/texlive/2026/texmf-dist/tex/latex/tcolorbox/tcbtheorems.code.tex
Library (tcolorbox): 'tcbtheorems.code.tex' version '6.9.0'
) (/usr/local/texlive/2026/texmf-dist/tex/latex/tcolorbox/tcbskins.code.tex
Library (tcolorbox): 'tcbskins.code.tex' version '6.9.0'
(/usr/local/texlive/2026/texmf-dist/tex/latex/tikzfill/tikzfill.image.sty
(/usr/local/texlive/2026/texmf-dist/tex/latex/tikzfill/tikzfill-common.sty)
(/usr/local/texlive/2026/texmf-dist/tex/latex/tikzfill/tikzlibraryfill.image.co
de.tex))
(/usr/local/texlive/2026/texmf-dist/tex/latex/tcolorbox/tcbskinsjigsaw.code.tex
Library (tcolorbox): 'tcbskinsjigsaw.code.tex' version '6.9.0'
))
(/usr/local/texlive/2026/texmf-dist/tex/latex/tcolorbox/tcbbreakable.code.tex
Library (tcolorbox): 'tcbbreakable.code.tex' version '6.9.0'
(/usr/local/texlive/2026/texmf-dist/tex/latex/pdfcol/pdfcol.sty))
(/usr/local/texlive/2026/texmf-dist/tex/latex/algorithms/algorithm.sty)
(/usr/local/texlive/2026/texmf-dist/tex/latex/algorithmicx/algpseudocode.sty
(/usr/local/texlive/2026/texmf-dist/tex/latex/algorithmicx/algorithmicx.sty
Document Style algorithmicx 1.2 - a greatly improved `algorithmic' style
)
Document Style - pseudocode environments for use with the `algorithmicx' style
) (/usr/local/texlive/2026/texmf-dist/tex/latex/cleveref/cleveref.sty)
==> First Aid for cleveref.sty applied!
(/usr/local/texlive/2026/texmf-dist/tex/latex/mdframed/mdframed.sty
(/usr/local/texlive/2026/texmf-dist/tex/latex/zref/zref-abspage.sty
(/usr/local/texlive/2026/texmf-dist/tex/latex/zref/zref-base.sty
(/usr/local/texlive/2026/texmf-dist/tex/generic/etexcmds/etexcmds.sty)
(/usr/local/texlive/2026/texmf-dist/tex/latex/auxhook/auxhook.sty)))
(/usr/local/texlive/2026/texmf-dist/tex/latex/needspace/needspace.sty)
(/usr/local/texlive/2026/texmf-dist/tex/latex/mdframed/md-frame-1.mdf))
(./math_commands.tex (/usr/local/texlive/2026/texmf-dist/tex/latex/tools/bm.sty
) (/usr/local/texlive/2026/texmf-dist/tex/latex/enumitem/enumitem.sty))
(./theorems.tex
(/usr/local/texlive/2026/texmf-dist/tex/latex/tcolorbox/tcbhooks.code.tex
Library (tcolorbox): 'tcbhooks.code.tex' version '6.9.0'
)) (/usr/local/texlive/2026/texmf-dist/tex/latex/psnfss/pifont.sty
(/usr/local/texlive/2026/texmf-dist/tex/latex/psnfss/upzd.fd)
(/usr/local/texlive/2026/texmf-dist/tex/latex/psnfss/upsy.fd))
(/usr/local/texlive/2026/texmf-dist/tex/latex/pstricks/pstricks.sty
(/usr/local/texlive/2026/texmf-dist/tex/generic/xkeyval/pst-xkey.tex)
(/usr/local/texlive/2026/texmf-dist/tex/generic/pstricks/pstricks.tex
(/usr/local/texlive/2026/texmf-dist/tex/generic/pstricks/pst-fp.tex
`pst-fp' v0.06, 2020/11/20 (hv))
`PSTricks' v3.22A  <2025/12/13> (tvz,hv)
--- We are running latex or xelatex ---
(/usr/local/texlive/2026/texmf-dist/tex/generic/pstricks/pstricks.con)
(/usr/local/texlive/2026/texmf-dist/tex/generic/pstricks/pstricks-color.tex)
(/usr/local/texlive/2026/texmf-dist/tex/generic/pstricks/pstricks-arrows.tex)
(/usr/local/texlive/2026/texmf-dist/tex/generic/pstricks/pstricks-dots.tex)
(/usr/local/texlive/2026/texmf-dist/tex/generic/pstricks/pst-code-grid.tex)
(/usr/local/texlive/2026/texmf-dist/tex/generic/pstricks/pst-code-box.tex)
(/usr/local/texlive/2026/texmf-dist/tex/generic/pstricks/pst-code-arc.tex)
(/usr/local/texlive/2026/texmf-dist/tex/generic/pstricks/pst-code-circle_ellips
e.tex)
(/usr/local/texlive/2026/texmf-dist/tex/generic/pstricks/pst-code-ref_rot.tex)
(/usr/local/texlive/2026/texmf-dist/tex/generic/pstricks/pst-code-put.tex)
(/usr/local/texlive/2026/texmf-dist/tex/generic/pstricks/pst-code-pspicture.tex
) (/usr/local/texlive/2026/texmf-dist/tex/generic/pstricks/pstricks.con))
(/usr/local/texlive/2026/texmf-dist/tex/generic/pstricks/pst-fp.tex
`pst-fp' v0.06, 2020/11/20 (hv)))
(/usr/local/texlive/2026/texmf-dist/tex/latex/pstricks-add/pstricks-add.sty
(/usr/local/texlive/2026/texmf-dist/tex/latex/pst-plot/pst-plot.sty
(/usr/local/texlive/2026/texmf-dist/tex/latex/xkeyval/pst-xkey.sty)
(/usr/local/texlive/2026/texmf-dist/tex/latex/multido/multido.sty
(/usr/local/texlive/2026/texmf-dist/tex/generic/multido/multido.tex
 v1.42, 2010/05/14 <tvz>))
(/usr/local/texlive/2026/texmf-dist/tex/generic/pst-plot/pst-plot.tex
(/usr/local/texlive/2026/texmf-dist/tex/generic/pst-tools/pst-tools.tex
`PST-tools' v0.12, 2021/09/23 (hv))
(/usr/local/texlive/2026/texmf-dist/tex/generic/pstricks-add/pstricks-add.tex
(/usr/local/texlive/2026/texmf-dist/tex/generic/pst-node/pst-node.tex
 v1.45, 2024/07/10)
(/usr/local/texlive/2026/texmf-dist/tex/generic/pst-arrow/pst-arrow.tex
`pst-arrow' v0.05, 2021/11/16 (dr,hv))
(/usr/local/texlive/2026/texmf-dist/tex/generic/pst-3d/pst-3d.tex
`PST-3d' v1.11, 2010/02/14 (tvz))
(/usr/local/texlive/2026/texmf-dist/tex/generic/pst-math/pst-math.tex
`pst-math' v0.67 , (CJ,hv)) `pstricks-add' v3.94, 2023/04/17 (dr,hv))
 v1.94, 2022/11/21 (tvz,hv)))
(/usr/local/texlive/2026/texmf-dist/tex/latex/pst-node/pst-node.sty
(/usr/local/texlive/2026/texmf-dist/tex/generic/pst-node/pst-node.tex))
(/usr/local/texlive/2026/texmf-dist/tex/latex/pst-3d/pst-3d.sty
(/usr/local/texlive/2026/texmf-dist/tex/generic/pst-3d/pst-3d.tex))
(/usr/local/texlive/2026/texmf-dist/tex/latex/pst-math/pst-math.sty
(/usr/local/texlive/2026/texmf-dist/tex/latex/pst-calculate/pst-calculate.sty
(/usr/local/texlive/2026/texmf-dist/tex/latex/siunitx/siunitx.sty
(/usr/local/texlive/2026/texmf-dist/tex/latex/translations/translations.sty)))
(/usr/local/texlive/2026/texmf-dist/tex/generic/xstring/xstring.sty
(/usr/local/texlive/2026/texmf-dist/tex/generic/xstring/xstring.tex))
(/usr/local/texlive/2026/texmf-dist/tex/generic/pst-math/pst-math.tex))
(/usr/local/texlive/2026/texmf-dist/tex/generic/pstricks-add/pstricks-add.tex))
 (/usr/local/texlive/2026/texmf-dist/tex/latex/cjk-ko/kotex.sty
(/usr/local/texlive/2026/texmf-dist/tex/latex/kotex-utf/kotex.cfg)
(/usr/local/texlive/2026/texmf-dist/tex/latex/kotex-utf/kotexutf.sty
(/usr/local/texlive/2026/texmf-dist/tex/plain/kotex-plain/kotexutf-core.tex)
(/usr/local/texlive/2026/texmf-dist/tex/latex/kotex-utf/lucenc.dfu)
(/usr/local/texlive/2026/texmf-dist/tex/latex/cjk-ko/kolabels-utf.sty)))
First name missing
First name missing
First name missing
First name missing
First name missing

Package biblatex Warning: Load 'inputenc' before biblatex.


Package csquotes Warning: Load 'inputenc' before 'csquotes' on input line 379.

(build/main_v2.aux)
(/usr/local/texlive/2026/texmf-dist/tex/latex/nanumtype1/lucnanummj.fd)
(/usr/local/texlive/2026/texmf-dist/tex/context/base/mkii/supp-pdf.mkii
[Loading MPS to PDF converter (version 2006.09.02).]
) (/usr/local/texlive/2026/texmf-dist/tex/latex/epstopdf-pkg/epstopdf-base.sty
(/usr/local/texlive/2026/texmf-dist/tex/latex/latexconfig/epstopdf-sys.cfg))
(/usr/local/texlive/2026/texmf-dist/tex/latex/pdflscape/pdflscape.sty
(/usr/local/texlive/2026/texmf-dist/tex/latex/pdflscape/pdflscape-nometadata.st
y (/usr/local/texlive/2026/texmf-dist/tex/latex/graphics/lscape.sty)))

Package microtype Warning: Command \pickup@font is not defined as expected.
(microtype)                Patching it anyway. Some things may break.
(microtype)                Double-check whether micro-typography is indeed
(microtype)                applied to the document.
(microtype)                (Hint: Turn on `verbose' mode).

(/usr/local/texlive/2026/texmf-dist/tex/latex/microtype/mt-cmr.cfg)
(/usr/local/texlive/2026/texmf-dist/tex/latex/biblatex/lbx/english.lbx)
No file main_v2.bbl.
*geometry* driver: auto-detecting
*geometry* detected driver: pdftex

(/usr/local/texlive/2026/texmf-dist/tex/latex/translations/translations-basic-d
ictionary-english.trsl)
(/usr/local/texlive/2026/texmf-dist/tex/latex/lm/t1lmss.fd)
(/usr/local/texlive/2026/texmf-dist/tex/latex/lm/ot1lmr.fd)
(/usr/local/texlive/2026/texmf-dist/tex/latex/lm/omllmm.fd)
(/usr/local/texlive/2026/texmf-dist/tex/latex/lm/omslmsy.fd)
(/usr/local/texlive/2026/texmf-dist/tex/latex/lm/omxlmex.fd)
(/usr/local/texlive/2026/texmf-dist/tex/latex/jknapltx/ursfs.fd)
(/usr/local/texlive/2026/texmf-dist/tex/latex/stmaryrd/Ustmry.fd)
(/usr/local/texlive/2026/texmf-dist/tex/latex/amsfonts/umsa.fd)
(/usr/local/texlive/2026/texmf-dist/tex/latex/microtype/mt-msa.cfg)
(/usr/local/texlive/2026/texmf-dist/tex/latex/amsfonts/umsb.fd)
(/usr/local/texlive/2026/texmf-dist/tex/latex/microtype/mt-msb.cfg)

LaTeX Font Warning: Font shape `U/stmry/b/n' undefined
(Font)              using `U/stmry/m/n' instead on input line 379.


LaTeX Font Warning: Font shape `U/rsfs/m/n' in size <13> not available
(Font)              size <12> substituted on input line 379.


LaTeX Font Warning: Font shape `U/rsfs/m/n' in size <6.5> not available
(Font)              size <6> substituted on input line 379.


LaTeX Font Warning: Font shape `U/stmry/m/n' in size <13> not available
(Font)              size <12> substituted on input line 379.


LaTeX Font Warning: Font shape `U/stmry/m/n' in size <6.5> not available
(Font)              size <6> substituted on input line 379.


LaTeX Font Warning: Font shape `U/stmry/b/n' in size <13> not available
(Font)              size <12> substituted on input line 379.


LaTeX Font Warning: Font shape `U/stmry/b/n' in size <6.5> not available
(Font)              size <6> substituted on input line 379.

[1
Non-PDF special ignored!
<special> header=pstricks.pro
Non-PDF special ignored!
<special> header=pst-algparser.pro
Non-PDF special ignored!
<special> header=pst-tools.pro
Non-PDF special ignored!
<special> header=pst-dots.pro
Non-PDF special ignored!
<special> header=pst-node.pro
Non-PDF special ignored!
<special> header=pst-3d.pro
Non-PDF special ignored!
<special> header=pst-math.pro
Non-PDF special ignored!
<special> header=pstricks-add.pro
Non-PDF special ignored!
<special> ps: /pssetRGBcolor /setrgbcolor load def /pssetCMYKcolor /setcmyk...
Non-PDF special ignored!
<special> ps:tx@Dict begin  gsave STV CP T /ps@rot 0 def grestore  end
Non-PDF special ignored!
<special> ps:tx@Dict begin  gsave STV CP T /ps@refangle 0.  def grestore  e...
Non-PDF special ignored!
<special> ps:tx@Dict begin  gsave STV CP T /ps@rot 0 def grestore  end
{/usr/local/texlive/2026/texmf-var/fonts/map/pdftex/updmap/pdftex.map}{/usr/loc
al/texlive/2026/texmf-dist/fonts/enc/dvips/lm/lm-ec.enc}]
No file main_v2.toc.
[2] (./fnfix.tex) (/usr/local/texlive/2026/texmf-dist/tex/latex/lm/ts1lmr.fd)
[1{/usr/local/texlive/2026/texmf-dist/fonts/enc/dvips/lm/lm-ts1.enc}] [2]

LaTeX Warning: Reference `ch:ot-eot' on page 1 undefined on input line 407.

(./Preface.tex [3] [4]

LaTeX Warning: Reference `ch:overview-dgm' on page 1 undefined on input line 34
.


LaTeX Warning: Reference `sec:vae' on page 1 undefined on input line 34.


LaTeX Warning: Reference `sec:ebm' on page 1 undefined on input line 34.


LaTeX Warning: Reference `sec:flow-based-method' on page 1 undefined on input l
ine 34.


LaTeX Warning: Reference `fig:part-b-roadmap' on page 1 undefined on input line
 38.


LaTeX Warning: Reference `ch:overview-dgm' on page 1 undefined on input line 41
.

[5]

LaTeX Warning: Reference `fig:ill-forward-reverse' on page 1 undefined on input
 line 63.


LaTeX Warning: Reference `ch:variational' on page 1 undefined on input line 65.



LaTeX Warning: Citation 'kingma2013auto' on page 6 undefined on input line 65.


LaTeX Warning: Citation 'sohl2015deep' on page 6 undefined on input line 65.


LaTeX Warning: Citation 'ho2020denoising' on page 6 undefined on input line 65.



Overfull \hbox (85.39503pt too wide) in paragraph at lines 65--66
[]\T1/lmss/bx/n/10.95 (-20) Variational View \T1/lmr/m/n/10.95 (-20) ([]): Orig
-i-nat-ing from Vari-a-tional Au-toen-coders (VAEs) ([]),

Overfull \hbox (41.31474pt too wide) in paragraph at lines 65--66
\T1/lmr/m/n/10.95 (-20) tive, giv-ing rise to De-nois-ing Dif-fu-sion Prob-a-bi
lis-tic Mod-els (DDPMs) ([];

LaTeX Warning: Reference `ch:score-based' on page 1 undefined on input line 66.



LaTeX Warning: Citation 'ackley1985learning' on page 6 undefined on input line 
66.


LaTeX Warning: Citation 'song2019generative' on page 6 undefined on input line 
66.


LaTeX Warning: Reference `ch:score-sde' on page 1 undefined on input line 66.

[6 <./Images/PartA/diffusion_forward_vs_reverse.pdf>]

LaTeX Warning: Reference `ch:flow-based' on page 1 undefined on input line 67.


LaTeX Warning: Citation 'rezende2015variational' on page 7 undefined on input l
ine 67.


LaTeX Warning: Citation 'lipman2022flow' on page 7 undefined on input line 67.


Overfull \hbox (28.98453pt too wide) in paragraph at lines 67--68
[]\T1/lmss/bx/n/10.95 (-20) Flow-Based View \T1/lmr/m/n/10.95 (-20) ([]): Build
-ing on Nor-mal-iz-ing Flows ([])

LaTeX Warning: Reference `ch:variational' on page 1 undefined on input line 136
.


LaTeX Warning: Citation 'kingma2013auto' on page 7 undefined on input line 136.



LaTeX Warning: Citation 'sohl2015deep' on page 7 undefined on input line 136.


LaTeX Warning: Citation 'ho2020denoising' on page 7 undefined on input line 136
.


LaTeX Warning: Reference `ch:score-sde' on page 1 undefined on input line 136.


LaTeX Warning: Reference `ch:score-based' on page 1 undefined on input line 136
.


LaTeX Warning: Citation 'ackley1985learning' on page 7 undefined on input line 
136.


LaTeX Warning: Citation 'song2019generative' on page 7 undefined on input line 
136.


LaTeX Warning: Citation 'song2020score' on page 7 undefined on input line 136.


LaTeX Warning: Reference `ch:flow-based' on page 1 undefined on input line 136.



LaTeX Warning: Citation 'rezende2015variational' on page 7 undefined on input l
ine 136.


LaTeX Warning: Citation 'chen2018neural' on page 7 undefined on input line 136.



LaTeX Warning: Citation 'lipman2022flow' on page 7 undefined on input line 136.



LaTeX Warning: Reference `ch:variational' on page 1 undefined on input line 136
.


LaTeX Warning: Citation 'kingma2013auto' on page 7 undefined on input line 136.



LaTeX Warning: Citation 'sohl2015deep' on page 7 undefined on input line 136.


LaTeX Warning: Citation 'ho2020denoising' on page 7 undefined on input line 136
.


LaTeX Warning: Reference `ch:score-sde' on page 1 undefined on input line 136.


LaTeX Warning: Reference `ch:score-based' on page 1 undefined on input line 136
.


LaTeX Warning: Citation 'ackley1985learning' on page 7 undefined on input line 
136.


LaTeX Warning: Citation 'song2019generative' on page 7 undefined on input line 
136.


LaTeX Warning: Citation 'song2020score' on page 7 undefined on input line 136.


LaTeX Warning: Reference `ch:flow-based' on page 1 undefined on input line 136.



LaTeX Warning: Citation 'rezende2015variational' on page 7 undefined on input l
ine 136.


LaTeX Warning: Citation 'chen2018neural' on page 7 undefined on input line 136.



LaTeX Warning: Citation 'lipman2022flow' on page 7 undefined on input line 136.



Underfull \hbox (badness 10000) in paragraph at lines 136--136
[] \T1/lmr/m/n/9 (+20) In [], Nor-mal-iz-ing Flow (NF) ([]) $\OMS/lmsy/m/n/9 !$
 \T1/lmr/m/n/9 (+20) Neu-ral ODE

LaTeX Warning: Reference `ch:all-equivalent' on page 1 undefined on input line 
140.


LaTeX Warning: Reference `ch:ot-eot' on page 1 undefined on input line 145.

[7{/usr/local/texlive/2026/texmf-dist/fonts/enc/dvips/lm/lm-mathsy.enc}]

LaTeX Warning: Reference `ch:overview-dgm' on page 8 undefined on input line 1.



LaTeX Warning: Reference `ch:variational' on page 8 undefined on input line 1.


LaTeX Warning: Reference `ch:score-based' on page 8 undefined on input line 1.


LaTeX Warning: Reference `ch:flow-based' on page 8 undefined on input line 1.


LaTeX Warning: Reference `ch:score-sde' on page 8 undefined on input line 207.


LaTeX Warning: Reference `ch:all-equivalent' on page 8 undefined on input line 
1.


LaTeX Warning: Reference `ch:guidance' on page 1 undefined on input line 226.


Overfull \hbox (1.0845pt too wide) in paragraph at lines 226--227
[]\T1/lmss/bx/n/10.95 (-20) Steering Gen-er-a-tion \T1/lmr/m/n/10.95 (-20) ([])
\T1/lmss/bx/n/10.95 (-20) : \T1/lmr/m/n/10.95 (-20) Tech-niques such as clas-si
-fier guid-ance and classifier-

LaTeX Warning: Reference `ch:solvers' on page 1 undefined on input line 227.


LaTeX Warning: Reference `ch:distillation' on page 1 undefined on input line 23
1.

[8]
Underfull \vbox (badness 10000) has occurred while \output is active [9]

LaTeX Warning: Reference `ch:fast-scratch' on page 1 undefined on input line 23
2.


LaTeX Warning: Reference `ch:epilogue' on page 1 undefined on input line 239.


LaTeX Warning: Reference `app:de' on page 1 undefined on input line 245.


LaTeX Warning: Reference `app:continuity' on page 1 undefined on input line 248
.


LaTeX Warning: Reference `app:Ito' on page 1 undefined on input line 249.


LaTeX Warning: Reference `app:proof' on page 1 undefined on input line 250.

[10]) (./notations.tex [11]
Underfull \vbox (badness 10000) has occurred while \output is active [12{/usr/l
ocal/texlive/2026/texmf-dist/fonts/enc/dvips/lm/lm-mathit.enc}{/usr/local/texli
ve/2026/texmf-dist/fonts/enc/dvips/lm/lm-rm.enc}]
Overfull \hbox (23.66492pt too wide) in paragraph at lines 86--86
[]$\U/msb/m/n/10.95 E[]\OT1/lmr/bx/n/10.95 (-20) f\OT1/lmr/m/n/10.95 (-20) (\OT
1/lmr/bx/n/10.95 (-20) x\OT1/lmr/m/n/10.95 (-20) ) \OMS/lmsy/m/n/10.95 j \OT1/l
mr/bx/n/10.95 (-20) z[]$\T1/lmr/m/n/10.95 (-20) ,  

Overfull \hbox (42.28333pt too wide) in paragraph at lines 86--86
\U/msb/m/n/10.95 E[][]\OT1/lmr/bx/n/10.95 (-20) f\OT1/lmr/m/n/10.95 (-20) (\OT1
/lmr/bx/n/10.95 (-20) x\OT1/lmr/m/n/10.95 (-20) )[]$  

Underfull \vbox (badness 1603) has occurred while \output is active [13{/usr/lo
cal/texlive/2026/texmf-dist/fonts/enc/dvips/lm/lm-mathex.enc}]) [14] [15]
(./Prologue-Deep-Generative-Modeling.tex
Chapter 1.

LaTeX Warning: Reference `sec:formulation-dgm' on page 1 undefined on input lin
e 17.


LaTeX Warning: Reference `sec:examples-dgm' on page 1 undefined on input line 1
7.


LaTeX Warning: Reference `sec:taxonomy' on page 1 undefined on input line 17.

[16] [17] [18 <./Images/PartB/dgm-learning.pdf>]

LaTeX Warning: Reference `ch:score-based' on page 1 undefined on input line 225
.


LaTeX Warning: Reference `eq:sm' on page 1 undefined on input line 238.


LaTeX Warning: Reference `eq:ebm-sm' on page 1 undefined on input line 238.


Overfull \hbox (1.45654pt too wide) in paragraph at lines 232--241
\T1/lmr/m/n/10.95 (-20) It mea-sures the dis-crep-ancy be-tween the \T1/lmr/m/i
t/10.95 (-20) score func-tions $\OMS/lmsy/m/n/10.95 r[] [] \OML/lmm/m/it/10.95 
p\OT1/lmr/m/n/10.95 (-20) (\OT1/lmr/bx/n/10.95 (-20) x\OT1/lmr/m/n/10.95 (-20) 
)$ \T1/lmr/m/n/10.95 (-20) and $\OMS/lmsy/m/n/10.95 r[] [] \OML/lmm/m/it/10.95 
q\OT1/lmr/m/n/10.95 (-20) (\OT1/lmr/bx/n/10.95 (-20) x\OT1/lmr/m/n/10.95 (-20) 
)$\T1/lmr/m/n/10.95 (-20) ,

LaTeX Warning: Citation 'csiszar1963informationstheoretische' on page 19 undefi
ned on input line 246.

[19]

LaTeX Warning: Reference `ch:ot-eot' on page 1 undefined on input line 274.


LaTeX Warning: Reference `eq: Monge's Formulation' on page 1 undefined on input
 line 274.

[20] [21]

LaTeX Warning: Float too large for page by 23.41594pt on input line 528.


LaTeX Warning: Reference `fig:ebm-ar-vae-nf-gan-dm-unified' on page 1 undefined
 on input line 539.


LaTeX Warning: Citation 'ackley1985learning' on page 22 undefined on input line
 552.


LaTeX Warning: Citation 'lecun2006tutorial' on page 22 undefined on input line 
552.


Overfull \hbox (17.00366pt too wide) in paragraph at lines 552--553
[] []\T1/lmss/bx/n/10.95 (-20) En-er-gy-Based Mod-els (EBMs).[] \T1/lmr/m/n/10.
95 (-20) EBMs ([]; [])

LaTeX Warning: Citation 'frey1995does' on page 22 undefined on input line 609.


LaTeX Warning: Citation 'larochelle2011neural' on page 22 undefined on input li
ne 609.


LaTeX Warning: Citation 'uria2016neural' on page 22 undefined on input line 609
.


Overfull \hbox (86.49902pt too wide) in paragraph at lines 609--612
[] []\T1/lmss/bx/n/10.95 (-20) Au-tore-gres-sive Mod-els.[] \T1/lmr/m/n/10.95 (
-20) Deep au-tore-gres-sive (AR) mod-els ([]; [];
[22]

LaTeX Warning: Citation 'kingma2013auto' on page 23 undefined on input line 722
.


LaTeX Warning: Citation 'rezende2015variational' on page 23 undefined on input 
line 744.


LaTeX Warning: Citation 'chen2018neural' on page 23 undefined on input line 744
.


Overfull \hbox (125.0222pt too wide) in paragraph at lines 744--745
[] []\T1/lmss/bx/n/10.95 (-20) Nor-mal-iz-ing Flows.[] \T1/lmr/m/n/10.95 (-20) 
Clas-sic flow-based mod-els, such as Nor-mal-iz-ing Flows (NFs) ([])
[23]

LaTeX Warning: Citation 'goodfellow2014generative' on page 24 undefined on inpu
t line 804.


Overfull \hbox (2.75142pt too wide) in paragraph at lines 804--805
[] []\T1/lmss/bx/n/10.95 (-20) Gen-er-a-tive Ad-ver-sar-ial Net-works (GANs).[]
 \T1/lmr/m/n/10.95 (-20) GANs ([])

LaTeX Warning: Citation 'nowozin2016f' on page 24 undefined on input line 828.

[24]

LaTeX Warning: Reference `tb:comparison-explicit-implicit' on page 1 undefined 
on input line 920.


LaTeX Warning: Reference `sec:vae' on page 1 undefined on input line 960.


LaTeX Warning: Reference `sec:ebm' on page 1 undefined on input line 960.


LaTeX Warning: Reference `sec:flow-based-method' on page 1 undefined on input l
ine 960.

[25]

LaTeX Warning: Reference `ch:variational' on page 1 undefined on input line 989
.


LaTeX Warning: Reference `ch:score-based' on page 1 undefined on input line 990
.


LaTeX Warning: Reference `ch:score-sde' on page 1 undefined on input line 990.


LaTeX Warning: Reference `ch:flow-based' on page 1 undefined on input line 991.


) [26] [27] [28] (./Part-B-diagram.tex

LaTeX Warning: Reference `ch:overview-dgm' on page 29 undefined on input line 1
.


LaTeX Warning: Reference `ch:variational' on page 29 undefined on input line 1.



LaTeX Warning: Reference `ch:score-based' on page 29 undefined on input line 1.



LaTeX Warning: Reference `ch:flow-based' on page 29 undefined on input line 1.


LaTeX Warning: Reference `ch:score-sde' on page 29 undefined on input line 60.


LaTeX Warning: Reference `ch:all-equivalent' on page 29 undefined on input line
 1.

) (./Chapter-1-Varational-Perspective-From-VAE-to-DDPM.tex [29]
Chapter 2.
[30]

LaTeX Warning: Citation 'kingma2013auto' on page 31 undefined on input line 24.



LaTeX Warning: Reference `subsec:optimization-vae' on page 1 undefined on input
 line 110.

[31]

LaTeX Warning: Reference `eq:MLE' on page 1 undefined on input line 123.

[32]

LaTeX Warning: Reference `subsec:optimization-vae' on page 1 undefined on input
 line 193.

[33]

LaTeX Warning: Reference `eq:joint-bound' on page 1 undefined on input line 265
.

[34] [35] [36]

LaTeX Warning: Citation 'vahdat2020nvae' on page 37 undefined on input line 389
.


Overfull \hbox (43.42221pt too wide) in paragraph at lines 388--441
\T1/lmr/m/n/10.95 (-20) To model com-plex data, Hi-er-ar-chi-cal Vari-a-tional 
Au-toen-coders (HVAEs) ([])

LaTeX Warning: Reference `eq:vae-elbo' on page 1 undefined on input line 468.

[37]

LaTeX Warning: Reference `sec:SMLD' on page 1 undefined on input line 495.


LaTeX Warning: Reference `sec:flow-based-method' on page 1 undefined on input l
ine 495.

[38] [39]

LaTeX Warning: Reference `sec:ddpm' on page 1 undefined on input line 569.

[40]

LaTeX Warning: Citation 'sohl2015deep' on page 41 undefined on input line 627.


LaTeX Warning: Citation 'ho2020denoising' on page 41 undefined on input line 62
7.


Overfull \hbox (26.54283pt too wide) in paragraph at lines 627--628
\T1/lmr/m/n/10.95 (-20) Denoising Dif-fu-sion Prob-a-bilis-tic Mod-els (DDPMs) 
([]; [])

LaTeX Warning: Reference `sec:variational-perspective' on page 1 undefined on i
nput line 693.


LaTeX Warning: Reference `fig:vdm-grap' on page 1 undefined on input line 697.


LaTeX Warning: Reference `fig:vdm-forward' on page 1 undefined on input line 69
7.

[41] [42 <./Images/PartB/vdm-forward.pdf>]

LaTeX Warning: Reference `fig:ddpm-sampling-formal-rev' on page 1 undefined on 
input line 755.


LaTeX Warning: Reference `subsec:ddpm-elbo' on page 1 undefined on input line 7
75.

[43 <./Images/PartB/vdm-backward.pdf>]

LaTeX Warning: Reference `eq:ddpm-reverse-mean' on page 1 undefined on input li
ne 815.


LaTeX Warning: Reference `fig:conditional-trick' on page 1 undefined on input l
ine 815.


LaTeX Warning: Reference `eq:marginal-kl-matching' on page 1 undefined on input
 line 815.

[44 <./Images/PartB/ddpm_conditional_trick.pdf>]

LaTeX Warning: Reference `eq:kl-matching' on page 1 undefined on input line 835
.


LaTeX Warning: Reference `subsec:proof-equiv-marginal-kl' on page 1 undefined o
n input line 835.


LaTeX Warning: Reference `ch:score-based' on page 1 undefined on input line 838
.


LaTeX Warning: Reference `ch:flow-based' on page 1 undefined on input line 838.



LaTeX Warning: Reference `reverse-kernel' on page 45 undefined on input line 85
4.


LaTeX Warning: Reference `eq:ddpm-forward' on page 1 undefined on input line 85
4.

[45]

LaTeX Warning: Reference `thm:equiv-marginal-kl' on page 46 undefined on input 
line 857.


LaTeX Warning: Reference `ddpm-reverse-kernel' on page 46 undefined on input li
ne 857.


LaTeX Warning: Reference `eq:ddpm-reverse-mean' on page 1 undefined on input li
ne 861.


LaTeX Warning: Reference `eq:def-reverse' on page 1 undefined on input line 867
.


LaTeX Warning: Reference `eq:ddpm-mean-loss' on page 1 undefined on input line 
883.


LaTeX Warning: Reference `eq:ddpm-reverse-mean' on page 1 undefined on input li
ne 889.

[46]

LaTeX Warning: Reference `eq:ddpm-simple-loss' on page 1 undefined on input lin
e 909.


LaTeX Warning: Reference `eq:ddpm-simple-loss' on page 1 undefined on input lin
e 912.


LaTeX Warning: Reference `dsm-minimizer' on page 47 undefined on input line 912
.


LaTeX Warning: Reference `equi-para' on page 47 undefined on input line 912.


LaTeX Warning: Reference `eq:ddpm-reverse-mean' on page 1 undefined on input li
ne 919.

[47]

LaTeX Warning: Reference `eq:ddpm-mean-loss' on page 1 undefined on input line 
927.


LaTeX Warning: Reference `dsm-minimizer' on page 48 undefined on input line 931
.


LaTeX Warning: Reference `equi-para' on page 48 undefined on input line 931.


LaTeX Warning: Reference `eq:def-reverse' on page 1 undefined on input line 946
.


LaTeX Warning: Reference `eq:ddpm-diffusion' on page 1 undefined on input line 
955.


LaTeX Warning: Reference `eq:MLE' on page 1 undefined on input line 955.


LaTeX Warning: Reference `sec:vae' on page 1 undefined on input line 955.

[48]

LaTeX Warning: Reference `eq:hvae-elbo' on page 1 undefined on input line 969.


LaTeX Warning: Reference `app:vlb-proof' on page 1 undefined on input line 969.



LaTeX Warning: Citation 'ho2020denoising' on page 49 undefined on input line 97
3.


LaTeX Warning: Citation 'kingma2021variational' on page 49 undefined on input l
ine 973.


LaTeX Warning: Reference `eq:ddpm-diffusion' on page 1 undefined on input line 
974.


LaTeX Warning: Reference `eq:joint-bound' on page 1 undefined on input line 977
.

[49]

LaTeX Warning: Reference `fig:ddpm-sampling-formal-rev' on page 1 undefined on 
input line 994.


LaTeX Warning: Reference `eq:ddpm-clean-noise' on page 1 undefined on input lin
e 1053.


LaTeX Warning: Reference `eq:ddpm-sampling' on page 1 undefined on input line 1
063.


LaTeX Warning: Reference `eq:ddpm-renoise' on page 1 undefined on input line 10
93.

[50]

LaTeX Warning: Reference `eq:ddpm-renoise' on page 1 undefined on input line 11
10.


LaTeX Warning: Reference `eq:ddpm-clean-minimizer' on page 1 undefined on input
 line 1118.

[51 <./Images/PartB/diffusion-clean.pdf>]

LaTeX Warning: Reference `thm:equiv-marginal-kl' on page 52 undefined on input 
line 1142.


LaTeX Warning: Reference `ch:score-sde' on page 1 undefined on input line 1148.


[52]) (./Chapter-2-Score-Based-Perspective-From-EBMs-to-NCSN.tex [53]
Chapter 3.

LaTeX Warning: Citation 'ackley1985learning' on page 54 undefined on input line
 5.


LaTeX Warning: Citation 'lecun2006tutorial' on page 54 undefined on input line 
5.


Overfull \hbox (10.83258pt too wide) in paragraph at lines 5--6
\T1/lmr/m/n/10.95 (-20) equally fun-da-men-tal view-point: \T1/lmr/m/it/10.95 (
-20) Energy-Based Mod-els \T1/lmr/m/n/10.95 (-20) (EBMs) ([];
[54]

LaTeX Warning: Reference `eq:MLE' on page 1 undefined on input line 46.

[55 <./Images/PartB/ebm-graph.pdf>]

LaTeX Warning: Citation 'hinton2002training' on page 56 undefined on input line
 58.


LaTeX Warning: Reference `subsec:motivation-score' on page 1 undefined on input
 line 60.


LaTeX Warning: Reference `subsec:training-ebm' on page 1 undefined on input lin
e 60.


LaTeX Warning: Reference `subsec:sampling-ebm' on page 1 undefined on input lin
e 60.


LaTeX Warning: Reference `fig:score-function' on page 1 undefined on input line
 238.

[56]

LaTeX Warning: Reference `eq:score-compute' on page 1 undefined on input line 2
76.


LaTeX Warning: Citation 'hyvarinen2005estimation' on page 57 undefined on input
 line 278.


LaTeX Warning: Reference `sm-trace' on page 57 undefined on input line 287.

[57 <./Images/PartB/score_function_plot.pdf>]

LaTeX Warning: Reference `eq:discrete-langevin-score' on page 1 undefined on in
put line 314.


LaTeX Warning: Reference `eq:discrete-langevin-score' on page 1 undefined on in
put line 314.


Underfull \vbox (badness 1810) has occurred while \output is active [58 <./Imag
es/PartB/langevin_sampling.png>]

LaTeX Warning: Reference `app:continuity' on page 1 undefined on input line 344
.


LaTeX Warning: Reference `app:de' on page 1 undefined on input line 353.


LaTeX Warning: Reference `eq:discrete-langevin' on page 1 undefined on input li
ne 353.


LaTeX Warning: Reference `eq:continuous-langevin' on page 1 undefined on input 
line 357.

[59] [60]

LaTeX Warning: Reference `fig:sm-illustration' on page 1 undefined on input lin
e 484.


Package mdframed Warning: You got a bad break
(mdframed)                because the last box will be empty
(mdframed)                you have to change it manually
(mdframed)                by changing the text, the space
(mdframed)                or something else on input line 495.


Overfull \vbox (16.57092pt too high) detected at line 495

Overfull \vbox (17.57092pt too high) detected at line 495

Overfull \vbox (18.57092pt too high) detected at line 495

Overfull \vbox (19.57092pt too high) detected at line 495

Overfull \vbox (20.57092pt too high) detected at line 495

Overfull \vbox (21.57092pt too high) detected at line 495

Overfull \vbox (22.57092pt too high) detected at line 495

Overfull \vbox (23.57092pt too high) detected at line 495

Overfull \vbox (24.57092pt too high) detected at line 495

Overfull \vbox (25.57092pt too high) detected at line 495

Overfull \vbox (26.57092pt too high) detected at line 495

Overfull \vbox (27.57092pt too high) detected at line 495

Overfull \vbox (28.57092pt too high) detected at line 495

Overfull \vbox (29.57092pt too high) detected at line 495

Overfull \vbox (30.57092pt too high) detected at line 495

Overfull \vbox (31.57092pt too high) detected at line 495

Overfull \vbox (32.57092pt too high) detected at line 495

Overfull \vbox (33.57092pt too high) detected at line 495

Overfull \vbox (34.57092pt too high) detected at line 495

Overfull \vbox (35.57092pt too high) detected at line 495

Overfull \vbox (36.57092pt too high) detected at line 495

Overfull \vbox (37.57092pt too high) detected at line 495

Overfull \vbox (38.57092pt too high) detected at line 495

Overfull \vbox (39.57092pt too high) detected at line 495

Overfull \vbox (40.57092pt too high) detected at line 495

Overfull \vbox (41.57092pt too high) detected at line 495

Overfull \vbox (42.57092pt too high) detected at line 495

Overfull \vbox (43.57092pt too high) detected at line 495

Overfull \vbox (44.57092pt too high) detected at line 495

Overfull \vbox (45.57092pt too high) detected at line 495

Overfull \vbox (46.57092pt too high) detected at line 495

Overfull \vbox (47.57092pt too high) detected at line 495

Overfull \vbox (48.57092pt too high) detected at line 495

Overfull \vbox (49.57092pt too high) detected at line 495

Overfull \vbox (50.57092pt too high) detected at line 495

Overfull \vbox (51.57092pt too high) detected at line 495

Overfull \vbox (52.57092pt too high) detected at line 495

Overfull \vbox (53.57092pt too high) detected at line 495

Overfull \vbox (54.57092pt too high) detected at line 495

Overfull \vbox (55.57092pt too high) detected at line 495

Overfull \vbox (56.57092pt too high) detected at line 495

Overfull \vbox (57.57092pt too high) detected at line 495

Overfull \vbox (58.57092pt too high) detected at line 495

Overfull \vbox (59.57092pt too high) detected at line 495

Overfull \vbox (60.57092pt too high) detected at line 495

Overfull \vbox (61.57092pt too high) detected at line 495

Overfull \vbox (62.57092pt too high) detected at line 495

Overfull \vbox (63.57092pt too high) detected at line 495

Overfull \vbox (64.57092pt too high) detected at line 495

Overfull \vbox (65.57092pt too high) detected at line 495

Overfull \vbox (66.57092pt too high) detected at line 495

Overfull \vbox (67.57092pt too high) detected at line 495

Overfull \vbox (68.57092pt too high) detected at line 495

Overfull \vbox (69.57092pt too high) detected at line 495

Overfull \vbox (70.57092pt too high) detected at line 495

Overfull \vbox (71.57092pt too high) detected at line 495

Overfull \vbox (72.57092pt too high) detected at line 495

Overfull \vbox (73.57092pt too high) detected at line 495

Overfull \vbox (74.57092pt too high) detected at line 495

Overfull \vbox (75.57092pt too high) detected at line 495

Overfull \vbox (76.57092pt too high) detected at line 495

Overfull \vbox (77.57092pt too high) detected at line 495

Overfull \vbox (78.57092pt too high) detected at line 495

Overfull \vbox (79.57092pt too high) detected at line 495

Overfull \vbox (80.57092pt too high) detected at line 495

Overfull \vbox (81.57092pt too high) detected at line 495

Overfull \vbox (82.57092pt too high) detected at line 495

Overfull \vbox (83.57092pt too high) detected at line 495

Overfull \vbox (84.57092pt too high) detected at line 495

Overfull \vbox (85.57092pt too high) detected at line 495

Overfull \vbox (86.57092pt too high) detected at line 495

Overfull \vbox (87.57092pt too high) detected at line 495

Overfull \vbox (88.57092pt too high) detected at line 495

Overfull \vbox (89.57092pt too high) detected at line 495

Overfull \vbox (90.57092pt too high) detected at line 495

Overfull \vbox (91.57092pt too high) detected at line 495

Overfull \vbox (92.57092pt too high) detected at line 495

Overfull \vbox (93.57092pt too high) detected at line 495

Overfull \vbox (94.57092pt too high) detected at line 495

Overfull \vbox (95.57092pt too high) detected at line 495

Overfull \vbox (96.57092pt too high) detected at line 495

Overfull \vbox (97.57092pt too high) detected at line 495

Overfull \vbox (98.57092pt too high) detected at line 495

Overfull \vbox (99.57092pt too high) detected at line 495

Overfull \vbox (100.57092pt too high) detected at line 495

Overfull \vbox (101.57092pt too high) detected at line 495

Overfull \vbox (102.57092pt too high) detected at line 495

Overfull \vbox (103.57092pt too high) detected at line 495

Overfull \vbox (104.57092pt too high) detected at line 495

Overfull \vbox (105.57092pt too high) detected at line 495

Overfull \vbox (106.57092pt too high) detected at line 495

Overfull \vbox (107.57092pt too high) detected at line 495

Overfull \vbox (108.57092pt too high) detected at line 495

Overfull \vbox (109.57092pt too high) detected at line 495

Overfull \vbox (110.57092pt too high) detected at line 495

Overfull \vbox (111.57092pt too high) detected at line 495

Overfull \vbox (112.57092pt too high) detected at line 495

Overfull \vbox (113.57092pt too high) detected at line 495

Overfull \vbox (114.57092pt too high) detected at line 495

Overfull \vbox (115.57092pt too high) detected at line 495

Overfull \vbox (116.57092pt too high) detected at line 495

Overfull \vbox (117.57092pt too high) detected at line 495

Package mdframed Warning: correct box splittet fails
 It seems you are using a non splittable contents
(mdframed)                 on input line 495.

[61 <./Images/PartB/score_function_approximation.pdf>]

LaTeX Warning: Reference `mdf@pagelabel-1' on page 62 undefined on input line 4
95.


LaTeX Warning: Citation 'hyvarinen2005estimation' on page 62 undefined on input
 line 499.


LaTeX Warning: Reference `app-sec:sm-trace' on page 1 undefined on input line 5
18.


LaTeX Warning: Reference `eq:sm-alternative' on page 1 undefined on input line 
520.


LaTeX Warning: Reference `eq:sm-alternative' on page 1 undefined on input line 
523.

[62]

LaTeX Warning: Reference `eq:sm-alternative' on page 1 undefined on input line 
573.


LaTeX Warning: Reference `eq:continuous-langevin' on page 1 undefined on input 
line 577.

[63] [64]

LaTeX Warning: Reference `eq:sm-alternative' on page 1 undefined on input line 
597.


LaTeX Warning: Citation 'song2020sliced' on page 65 undefined on input line 604
.


LaTeX Warning: Citation 'vincent2011connection' on page 65 undefined on input l
ine 630.


LaTeX Warning: Reference `eq:sm' on page 1 undefined on input line 636.

[65]

LaTeX Warning: Citation 'vincent2011connection' on page 66 undefined on input l
ine 642.


LaTeX Warning: Citation 'vincent2011connection' on page 66 undefined on input l
ine 643.


Overfull \hbox (8.46213pt too wide) in paragraph at lines 643--644
[] [][]\T1/lmss/bx/n/10.95 (-20) 's So-lu-tion by Con-di-tion-ing.[] \T1/lmr/m/
n/10.95 (-20) To over-come the in-tractabil-

LaTeX Warning: Citation 'vincent2011connection' on page 66 undefined on input l
ine 652.


LaTeX Warning: Reference `mdf@pagelabel-2' on page 66 undefined on input line 6
57.


LaTeX Warning: Reference `eq:dsm-loss' on page 1 undefined on input line 659.


LaTeX Warning: Reference `eq:sm-noise-loss' on page 1 undefined on input line 6
63.


LaTeX Warning: Reference `eq:gaussian-dsm' on page 1 undefined on input line 66
9.

[66]

LaTeX Warning: Reference `dsm-minimizer' on page 67 undefined on input line 689
.


LaTeX Warning: Reference `app-sec:sm-dsm' on page 1 undefined on input line 689
.


LaTeX Warning: Reference `thm:equiv-marginal-kl' on page 67 undefined on input 
line 691.


LaTeX Warning: Reference `thm:equiv-marginal-kl' on page 67 undefined on input 
line 692.


LaTeX Warning: Citation 'lipman2022flow' on page 67 undefined on input line 692
.


LaTeX Warning: Reference `sec:flow-matching-framework' on page 1 undefined on i
nput line 692.

[67 <./Images/PartB/dsm-graph.pdf>]

LaTeX Warning: Reference `mdf@pagelabel-3' on page 68 undefined on input line 7
24.


LaTeX Warning: Reference `subsec:training-sm' on page 1 undefined on input line
 736.


LaTeX Warning: Reference `subsec:why-dsm-denoising-sure' on page 1 undefined on
 input line 744.


LaTeX Warning: Reference `subsec:why-dsm-denoising-tweedie' on page 1 undefined
 on input line 744.

[68]

LaTeX Warning: Reference `eq:sm' on page 1 undefined on input line 761.


LaTeX Warning: Reference `eq:gaussian-dsm' on page 1 undefined on input line 76
1.


LaTeX Warning: Citation 'song2019generative' on page 69 undefined on input line
 761.


LaTeX Warning: Citation 'efron2011tweedie' on page 69 undefined on input line 7
70.


LaTeX Warning: Reference `app-sec:tweedie' on page 1 undefined on input line 79
0.


Overfull \hbox (24.70169pt too wide) in paragraph at lines 790--790
\T1/lmr/m/n/10.95 (-20) The proof pro-ceeds by com-put-ing the score of the mar
ginal $\OML/lmm/m/it/10.95 p\OT1/lmr/m/n/10.95 (-20) ([]) = [] \OML/lmm/m/it/10
.95 p\OT1/lmr/m/n/10.95 (-20) ([]\OMS/lmsy/m/n/10.95 j\OT1/lmr/bx/n/10.95 (-20)
 x\OT1/lmr/m/n/10.95 (-20) )\OML/lmm/m/it/10.95 p[]\OT1/lmr/m/n/10.95 (-20) (\O
T1/lmr/bx/n/10.95 (-20) x\OT1/lmr/m/n/10.95 (-20) ) []  d\OT1/lmr/bx/n/10.95 (-
20) x$\T1/lmr/m/n/10.95 (-20) .
[69]

LaTeX Warning: Citation 'meng2021estimating' on page 70 undefined on input line
 808.

[70]

LaTeX Warning: Citation 'meng2021estimating' on page 71 undefined on input line
 864.


LaTeX Warning: Citation 'lu2022maximum' on page 71 undefined on input line 864.



LaTeX Warning: Citation 'lai2023fp' on page 71 undefined on input line 864.


LaTeX Warning: Reference `app-sec:stein-identity' on page 1 undefined on input 
line 887.

[71]
Overfull \hbox (13.39633pt too wide) in paragraph at lines 915--916
[] []\T1/lmss/bx/n/10.95 (-20) Link to Tweedie's For-mula and Bayes Op-ti-mal-i
ty.[] \T1/lmr/m/n/10.95 (-20) Let $\OML/lmm/m/it/10.95 p[]\OT1/lmr/m/n/10.95 (-
20) ([]) = []\OML/lmm/m/it/10.95 p[] \OMS/lmsy/m/n/10.95 ^^C N\OT1/lmr/m/n/10.9
5 (-20) (\OT1/lmr/bx/n/10.95 (-20) 0\OML/lmm/m/it/10.95 ; ^^[[]\OT1/lmr/bx/n/10
.95 (-20) I\OT1/lmr/m/n/10.95 (-20) )[]([])$

Overfull \hbox (12.46419pt too wide) in paragraph at lines 923--927
\T1/lmr/m/n/10.95 (-20) Hence min-i-miz-ing the ex-pected SURE equals min-i-miz
-ing the Bayes risk $\U/msb/m/n/10.95 E[][]\OMS/lmsy/m/n/10.95 k\OT1/lmr/bx/n/1
0.95 (-20) D\OT1/lmr/m/n/10.95 (-20) ([]) \OMS/lmsy/m/n/10.95 ^^@

LaTeX Warning: Reference `subsec:why-dsm-denoising-tweedie' on page 1 undefined
 on input line 932.


LaTeX Warning: Reference `eq:sure-tweedie-denoiser' on page 1 undefined on inpu
t line 941.


LaTeX Warning: Reference `eq:sure-obj' on page 1 undefined on input line 947.

[72]

LaTeX Warning: Reference `eq:sm-alternative' on page 1 undefined on input line 
957.


LaTeX Warning: Reference `eq:sure-tweedie-denoiser' on page 1 undefined on inpu
t line 958.


LaTeX Warning: Reference `eq:fisher' on page 1 undefined on input line 995.

[73]

LaTeX Warning: Reference `eq:sm-alternative' on page 1 undefined on input line 
1024.


LaTeX Warning: Citation 'meng2022concrete' on page 74 undefined on input line 1
056.


LaTeX Warning: Citation 'lou2024discrete' on page 74 undefined on input line 10
56.


Overfull \hbox (6.43018pt too wide) in paragraph at lines 1056--1057
\T1/lmr/m/n/10.95 (-20) ous vari-ables to dis-crete set-tings, in-clud-ing lan-
guage mod-el-ing ([];
[74]

LaTeX Warning: Reference `fig:sm-illustration' on page 1 undefined on input lin
e 1075.


LaTeX Warning: Reference `fig:sm-illustration' on page 1 undefined on input lin
e 1075.


LaTeX Warning: Citation 'song2019generative' on page 75 undefined on input line
 1080.


LaTeX Warning: Citation 'song2019generative' on page 75 undefined on input line
 1094.

[75 <./Images/PartB/score_function_acc.pdf>] [76 <./Images/PartB/ncsn-graph.pdf
>]

LaTeX Warning: Reference `thm:sm-dsm' on page 77 undefined on input line 1132.


LaTeX Warning: Reference `eq:ddpm-simple-loss' on page 1 undefined on input lin
e 1142.


LaTeX Warning: Reference `eq:ddpm-perturbation' on page 1 undefined on input li
ne 1148.


LaTeX Warning: Reference `eq:ddpm-simple-loss' on page 1 undefined on input lin
e 1156.


LaTeX Warning: Reference `ch:all-equivalent' on page 1 undefined on input line 
1158.


LaTeX Warning: Citation 'song2019generative' on page 77 undefined on input line
 1188.


Overfull \hbox (15.46547pt too wide) in paragraph at lines 1186--1189
\T1/lmr/m/n/10.95 (-20) the sam-pling pro-ce-dure known as \T1/lmr/m/it/10.95 (
-20) an-nealed Langevin dy-nam-ics \T1/lmr/m/n/10.95 (-20) ([])
[77]

LaTeX Warning: Reference `alg:smld' on page 1 undefined on input line 1200.

[78] [79]

LaTeX Warning: Reference `fig:smld-ddpm-graphical-model' on page 1 undefined on
 input line 1226.


LaTeX Warning: Reference `tb:comparison-smld-ddpm' on page 1 undefined on input
 line 1226.


LaTeX Warning: Reference `ch:solvers' on page 1 undefined on input line 1265.


LaTeX Warning: Reference `ch:distillation' on page 1 undefined on input line 12
65.


LaTeX Warning: Reference `ch:fast-scratch' on page 1 undefined on input line 12
65.

[80]) (./Chapter-3-Diffusion-Models-Today-Score-SDE-Framework.tex [81]
Chapter 4.
[82]

LaTeX Warning: Citation 'song2020score' on page 83 undefined on input line 34.


LaTeX Warning: Citation 'sohl2015deep' on page 83 undefined on input line 34.


LaTeX Warning: Citation 'song2020score' on page 83 undefined on input line 34.


LaTeX Warning: Reference `fig:time-dependent-score' on page 1 undefined on inpu
t line 34.


LaTeX Warning: Reference `sec:ddpm' on page 1 undefined on input line 53.


LaTeX Warning: Citation 'song2020score' on page 83 undefined on input line 53.


LaTeX Warning: Reference `ch:variational' on page 83 undefined on input line 53
.

[83 <./Images/PartB/score_landscape_2d.pdf>]

LaTeX Warning: Reference `eq:transition-forward-f-g' on page 1 undefined on inp
ut line 94.

[84]

LaTeX Warning: Reference `app:sde-intro' on page 1 undefined on input line 110.



LaTeX Warning: Reference `app:Ito' on page 1 undefined on input line 110.

[85 <./Images/PartB/sde-forward-noise.pdf>]

LaTeX Warning: Reference `sec:scoresde-training-sampling' on page 1 undefined o
n input line 119.


LaTeX Warning: Reference `subsec:forward-sde' on page 1 undefined on input line
 119.


LaTeX Warning: Reference `subsec:reverse-sde' on page 1 undefined on input line
 119.


LaTeX Warning: Citation 'song2019generative' on page 86 undefined on input line
 134.


LaTeX Warning: Citation 'sohl2015deep' on page 86 undefined on input line 134.


LaTeX Warning: Citation 'ho2020denoising' on page 86 undefined on input line 13
4.


Overfull \hbox (97.73868pt too wide) in paragraph at lines 134--136
[]\T1/lmr/m/n/10.95 (-20) With this for-mu-la-tion, ear-lier meth-ods based on 
dis-crete time, such as NCSN ([])

Overfull \hbox (15.67924pt too wide) in paragraph at lines 134--136
\T1/lmr/m/n/10.95 (-20) and DDPM ([]; []), can be uni-fied un-der the \T1/lmr/m
/it/10.95 (-20) continuous-

LaTeX Warning: Reference `mdf@pagelabel-4' on page 86 undefined on input line 1
39.

[86 <./Images/PartB/forward_sde_ode_trajectories.pdf>]

LaTeX Warning: Reference `eq:sde_forward' on page 1 undefined on input line 148
.


LaTeX Warning: Citation 'sarkka2019applied' on page 87 undefined on input line 
153.


LaTeX Warning: Reference `subsec:scoresde-perturbation-kernel' on page 1 undefi
ned on input line 153.

[87] [88 <./Images/PartB/reverse_sde_and_ode_trajectories.pdf>]

LaTeX Warning: Citation 'anderson1982reverse' on page 89 undefined on input lin
e 219.


LaTeX Warning: Reference `eq:sde_forward' on page 1 undefined on input line 219
.


LaTeX Warning: Reference `mdf@pagelabel-5' on page 89 undefined on input line 2
27.


LaTeX Warning: Reference `eq:sde_backward' on page 1 undefined on input line 23
0.


LaTeX Warning: Reference `subsec:example-gaussian' on page 1 undefined on input
 line 230.


LaTeX Warning: Citation 'anderson1982reverse' on page 89 undefined on input lin
e 230.


LaTeX Warning: Reference `subsec:fpe-sde-ode' on page 1 undefined on input line
 233.


LaTeX Warning: Reference `subsec:reverse-sde-reason' on page 1 undefined on inp
ut line 235.

[89]

LaTeX Warning: Reference `eq:continuous-langevin' on page 1 undefined on input 
line 241.


LaTeX Warning: Reference `eq:sde_backward' on page 1 undefined on input line 24
1.


LaTeX Warning: Reference `eq:tweedie' on page 1 undefined on input line 258.


LaTeX Warning: Reference `eq:sde_backward' on page 1 undefined on input line 27
3.


LaTeX Warning: Reference `eq:sde_backward' on page 1 undefined on input line 27
3.


LaTeX Warning: Reference `ch:score-based' on page 1 undefined on input line 275
.


LaTeX Warning: Reference `subsec:sde-train' on page 1 undefined on input line 2
75.


LaTeX Warning: Reference `eq:sde_backward' on page 1 undefined on input line 27
5.


LaTeX Warning: Citation 'anderson1982reverse' on page 90 undefined on input lin
e 277.


LaTeX Warning: Reference `subsec:sde-sample' on page 1 undefined on input line 
277.


LaTeX Warning: Reference `eq:sde_backward' on page 1 undefined on input line 28
5.

[90]

LaTeX Warning: Reference `eq:sde_backward' on page 1 undefined on input line 28
7.


LaTeX Warning: Citation 'maoutsa2020interacting' on page 91 undefined on input 
line 290.


LaTeX Warning: Citation 'song2020score' on page 91 undefined on input line 290.



LaTeX Warning: Reference `mdf@pagelabel-6' on page 91 undefined on input line 2
95.


LaTeX Warning: Reference `eq:euler-maruyama' on page 1 undefined on input line 
301.


LaTeX Warning: Reference `eq:sde_backward' on page 1 undefined on input line 31
0.


LaTeX Warning: Reference `eq:prob_ode_gt' on page 1 undefined on input line 310
.


LaTeX Warning: Reference `eq:sde_forward' on page 1 undefined on input line 310
.


LaTeX Warning: Citation 'oksendal2003stochastic' on page 91 undefined on input 
line 310.

[91]

LaTeX Warning: Reference `app:continuity' on page 1 undefined on input line 333
.


LaTeX Warning: Reference `fig:score-sde-three-dynamics' on page 1 undefined on 
input line 356.


LaTeX Warning: Citation 'anderson1982reverse' on page 92 undefined on input lin
e 356.


LaTeX Warning: Citation 'song2020score' on page 92 undefined on input line 356.



Underfull \vbox (badness 10000) has occurred while \output is active [92]

LaTeX Warning: Text page 93 contains only floats.

[93 <./Images/PartB/score_sde_three_dynamics.pdf>]

LaTeX Warning: Reference `app-sec:scoresde-fpe-proof' on page 1 undefined on in
put line 395.


LaTeX Warning: Reference `subsec:fpe-reason' on page 1 undefined on input line 
395.


Underfull \vbox (badness 3838) has occurred while \output is active [94]

LaTeX Warning: Reference `sec:flow-based-method' on page 1 undefined on input l
ine 414.


LaTeX Warning: Reference `thm:fpe' on page 95 undefined on input line 423.


LaTeX Warning: Reference `subsec:fm-framework' on page 1 undefined on input lin
e 435.


LaTeX Warning: Reference `subsec:ddim' on page 1 undefined on input line 435.


LaTeX Warning: Reference `app:continuity' on page 1 undefined on input line 440
.


LaTeX Warning: Reference `sec:flow-matching-framework' on page 1 undefined on i
nput line 440.

[95]

LaTeX Warning: Reference `eq:sde_backward' on page 1 undefined on input line 45
4.


LaTeX Warning: Citation 'anderson1982reverse' on page 96 undefined on input lin
e 454.

[96] [97]

LaTeX Warning: Reference `eq:sde_backward' on page 1 undefined on input line 55
9.


LaTeX Warning: Reference `subsec:fpe-sde-ode' on page 1 undefined on input line
 562.

[98]

LaTeX Warning: Reference `eq:mean-var-evolution' on page 1 undefined on input l
ine 608.

[99]

LaTeX Warning: Reference `ch:score-based' on page 1 undefined on input line 654
.


LaTeX Warning: Reference `eq:sm' on page 1 undefined on input line 658.


LaTeX Warning: Reference `eq:dsm-loss' on page 1 undefined on input line 676.


LaTeX Warning: Reference `eq:score-gaussian-formula' on page 1 undefined on inp
ut line 676.


LaTeX Warning: Reference `sec:instances' on page 1 undefined on input line 676.



LaTeX Warning: Reference `mdf@pagelabel-7' on page 100 undefined on input line 
684.


LaTeX Warning: Reference `eq:conti-dsm_loss-real' on page 1 undefined on input 
line 685.


LaTeX Warning: Reference `eq:nscn' on page 1 undefined on input line 685.


LaTeX Warning: Reference `thm:sm-dsm' on page 100 undefined on input line 688.


LaTeX Warning: Reference `eq:conti-dsm_loss-real' on page 1 undefined on input 
line 688.

[100 <./Images/PartB/denoising_score_matching.pdf>]

LaTeX Warning: Reference `app-sec:min-dsm' on page 101 undefined on input line 
700.


LaTeX Warning: Reference `eq:euler-maruyama' on page 1 undefined on input line 
710.


LaTeX Warning: Reference `eq:euler-ode' on page 1 undefined on input line 710.


LaTeX Warning: Reference `eq:euler-maruyama' on page 1 undefined on input line 
710.


LaTeX Warning: Reference `eq:euler-ode' on page 1 undefined on input line 710.


LaTeX Warning: Reference `eq:sde_backward' on page 1 undefined on input line 71
9.


LaTeX Warning: Reference `eq:prob_ode_gt' on page 1 undefined on input line 719
.


LaTeX Warning: Reference `eq:sde_backward' on page 1 undefined on input line 72
2.


LaTeX Warning: Reference `eq:sde_backward_sub' on page 1 undefined on input lin
e 726.


LaTeX Warning: Citation 'de2022convergence' on page 101 undefined on input line
 732.


LaTeX Warning: Citation 'wang2024evaluating' on page 101 undefined on input lin
e 732.

[101]

LaTeX Warning: Reference `eq:ddpm-sampling' on page 1 undefined on input line 7
36.


LaTeX Warning: Reference `sec:instances' on page 1 undefined on input line 736.



LaTeX Warning: Reference `eq:prob_ode_gt' on page 1 undefined on input line 741
.


Underfull \vbox (badness 4132) has occurred while \output is active [102 <./Ima
ges/PartB/sde_ode_trajectories.pdf>]

LaTeX Warning: Reference `eq:prob_ode_sub' on page 1 undefined on input line 74
5.


LaTeX Warning: Reference `ques:dm-sampling-slow' on page 103 undefined on input
 line 768.


LaTeX Warning: Reference `ch:solvers' on page 1 undefined on input line 768.


LaTeX Warning: Reference `eq:prob_ode_sub' on page 1 undefined on input line 77
2.


LaTeX Warning: Citation 'mokady2023null' on page 103 undefined on input line 77
2.


LaTeX Warning: Citation 'su2022dual' on page 103 undefined on input line 772.

[103]

LaTeX Warning: Reference `eq:prob_ode_sub' on page 1 undefined on input line 77
5.


LaTeX Warning: Citation 'chen2018neural' on page 104 undefined on input line 77
5.


LaTeX Warning: Reference `subsec:NODE' on page 1 undefined on input line 775.


LaTeX Warning: Reference `eq:instant-change-of-var' on page 1 undefined on inpu
t line 777.


LaTeX Warning: Reference `eq:prob_ode_sub' on page 1 undefined on input line 77
7.

[104]

LaTeX Warning: Citation 'song2020score' on page 105 undefined on input line 831
.


LaTeX Warning: Reference `tb:sde_instances' on page 105 undefined on input line
 832.


LaTeX Warning: Reference `subsec:scoresde-perturbation-kernel' on page 1 undefi
ned on input line 872.


LaTeX Warning: Reference `subsec:scoresde-motivation' on page 1 undefined on in
put line 888.

[105]

LaTeX Warning: Reference `subsec:scoresde-perturbation-kernel' on page 1 undefi
ned on input line 933.


LaTeX Warning: Reference `eq:gaussian-score' on page 1 undefined on input line 
941.


LaTeX Warning: Reference `subsec:scoresde-motivation' on page 1 undefined on in
put line 947.


LaTeX Warning: Reference `eq:sde_forward' on page 1 undefined on input line 956
.


LaTeX Warning: Reference `eq:sde_forward' on page 1 undefined on input line 960
.

[106]

LaTeX Warning: Citation 'sarkka2019applied' on page 107 undefined on input line
 976.


Overfull \hbox (71.44308pt too wide) in paragraph at lines 976--977
[]\T1/lmr/m/n/10.95 (-20) These first and sec-ond mo-ments evolve ac-cord-ing t
o the fol-low-ing ODEs ([]): 

LaTeX Warning: Reference `eq:mean-var-evolution' on page 1 undefined on input l
ine 1000.


LaTeX Warning: Reference `subsec:rigorous-proof-linear-sde' on page 1 undefined
 on input line 1000.

[107] [108]

LaTeX Warning: Reference `eq:conti-dsm_loss-real' on page 1 undefined on input 
line 1076.


LaTeX Warning: Reference `eq:ddpm-mean-loss' on page 1 undefined on input line 
1076.


LaTeX Warning: Reference `subsec:scoresde-perturbation-kernel' on page 1 undefi
ned on input line 1076.


LaTeX Warning: Reference `forward-sde' on page 109 undefined on input line 1082
.


LaTeX Warning: Reference `eq:forward_kernel' on page 1 undefined on input line 
1082.


LaTeX Warning: Reference `forward-sde' on page 109 undefined on input line 1082
.


LaTeX Warning: Reference `eq:forward_kernel' on page 1 undefined on input line 
1082.


LaTeX Warning: Citation 'lipman2022flow' on page 109 undefined on input line 11
01.


LaTeX Warning: Citation 'liu2022rectified' on page 109 undefined on input line 
1101.


LaTeX Warning: Reference `sec:flow-matching-framework' on page 1 undefined on i
nput line 1101.

[109 <./Images/PartB/vdm-sde.pdf>]

LaTeX Warning: Reference `subsec:scoresde-perturbation-kernel' on page 1 undefi
ned on input line 1109.


LaTeX Warning: Reference `eq:forward_kernel' on page 1 undefined on input line 
1111.


LaTeX Warning: Reference `eq:forward-linear-sde' on page 1 undefined on input l
ine 1111.


LaTeX Warning: Reference `eq:kernel-sde-equiv' on page 1 undefined on input lin
e 1138.


LaTeX Warning: Reference `subsec:scoresde-perturbation-kernel' on page 1 undefi
ned on input line 1138.

[110] [111]

LaTeX Warning: Reference `eq:ddpm-reverse-condition-kernel' on page 1 undefined
 on input line 1178.


LaTeX Warning: Reference `ddpm-reverse-kernel' on page 112 undefined on input l
ine 1178.


LaTeX Warning: Citation 'kingma2021variational' on page 112 undefined on input 
line 1202.


LaTeX Warning: Reference `eq:zt_given_zs' on page 1 undefined on input line 120
5.


LaTeX Warning: Citation 'kingma2021variational' on page 112 undefined on input 
line 1205.


LaTeX Warning: Reference `eq:ddpm-elbo' on page 1 undefined on input line 1210.



LaTeX Warning: Reference `sec:ddpm' on page 1 undefined on input line 1210.


LaTeX Warning: Citation 'kingma2021variational' on page 112 undefined on input 
line 1210.


LaTeX Warning: Reference `eq:ddpm-clean-noise' on page 1 undefined on input lin
e 1210.

[112]

LaTeX Warning: Reference `eq:p_backward_mean_var' on page 1 undefined on input 
line 1216.


LaTeX Warning: Reference `eq:forward_kernel' on page 1 undefined on input line 
1224.


LaTeX Warning: Citation 'kingma2021variational' on page 113 undefined on input 
line 1243.


LaTeX Warning: Reference `eq:snr-kl' on page 1 undefined on input line 1243.


LaTeX Warning: Reference `eq:general-ddpm-sampling' on page 1 undefined on inpu
t line 1246.

[113]

Package hyperref Warning: Token not allowed in a PDF string (Unicode):
(hyperref)                removing `\\' on input line 1256.


LaTeX Warning: Reference `eq:transition-forward-f-g' on page 1 undefined on inp
ut line 1263.

[114]

LaTeX Warning: Reference `subsec:rigorous-proof-fpe' on page 1 undefined on inp
ut line 1331.


LaTeX Warning: Reference `eq:sde_backward' on page 1 undefined on input line 13
38.


LaTeX Warning: Reference `eq:transition-forward-f-g' on page 1 undefined on inp
ut line 1354.


Package fancyhdr Warning: \headheight is too small (14.4pt): 
(fancyhdr)                Make it at least 26.78468pt, for example:
(fancyhdr)                \setlength{\headheight}{26.78468pt}.
(fancyhdr)                You might also make \topmargin smaller:
(fancyhdr)                \addtolength{\topmargin}{-12.38469pt}.

[115]

LaTeX Warning: Reference `eq:transition-forward-f-g' on page 1 undefined on inp
ut line 1374.


LaTeX Warning: Reference `eq:log-difference' on page 1 undefined on input line 
1374.


LaTeX Warning: Reference `eq:reverse-sde-bayes-discrete' on page 1 undefined on
 input line 1374.

[116]
Overfull \hbox (1.01869pt too wide) in paragraph at lines 1406--1408
\T1/lmr/m/n/10.95 (-20) The ad-di-tional term $\OMS/lmsy/m/n/10.95 k\OML/lmm/m/
it/10.95 g[]\OT1/lmr/m/n/10.95 (-20) (\OML/lmm/m/it/10.95 t\OT1/lmr/m/n/10.95 (
-20) )^^A\OML/lmm/m/it/10.95 t\OMS/lmsy/m/n/10.95 r[] [] \OML/lmm/m/it/10.95 p[
]\OT1/lmr/m/n/10.95 (-20) (\OT1/lmr/bx/n/10.95 (-20) x[]\OT1/lmr/m/n/10.95 (-20
) )\OMS/lmsy/m/n/10.95 k[]$ \T1/lmr/m/n/10.95 (-20) from com-plet-ing the squar
e is $\OMS/lmsy/m/n/10.95 O\OT1/lmr/m/n/10.95 (-20) ((^^A\OML/lmm/m/it/10.95 t\
OT1/lmr/m/n/10.95 (-20) )[])$

LaTeX Warning: Reference `eq:sde_backward' on page 1 undefined on input line 14
27.


Package fancyhdr Warning: \headheight is too small (14.4pt): 
(fancyhdr)                Make it at least 26.78468pt, for example:
(fancyhdr)                \setlength{\headheight}{26.78468pt}.
(fancyhdr)                You might also make \topmargin smaller:
(fancyhdr)                \addtolength{\topmargin}{-12.38469pt}.

[117]) (./Chapter-4-Flow-Based-Perspective-From-NFs-to-Flow-Matching.tex
[118]
Chapter 5.

LaTeX Warning: Citation 'tabak2010density' on page 119 undefined on input line 
9.


LaTeX Warning: Citation 'tabak2013family' on page 119 undefined on input line 9
.


LaTeX Warning: Reference `subsec:fpe-sde-ode' on page 1 undefined on input line
 9.


Overfull \hbox (46.62247pt too wide) in paragraph at lines 9--10
[]\T1/lmr/m/n/10.95 (-20) The \T1/lmr/m/it/10.95 (-20) change-of-variables for-
mula\T1/lmr/m/n/10.95 (-20) , a cor-ner-stone of prob-a-bil-ity the-ory ([];

LaTeX Warning: Reference `mdf@pagelabel-8' on page 119 undefined on input line 
16.


LaTeX Warning: Reference `sec:flow-based-method' on page 1 undefined on input l
ine 17.


LaTeX Warning: Reference `sec:flow-matching-framework' on page 1 undefined on i
nput line 19.


LaTeX Warning: Reference `app:continuity' on page 1 undefined on input line 21.


[119] [120]

LaTeX Warning: Citation 'rezende2015variational' on page 121 undefined on input
 line 26.


LaTeX Warning: Citation 'chen2018neural' on page 121 undefined on input line 26
.


LaTeX Warning: Reference `eq:nf-change-of-var' on page 1 undefined on input lin
e 92.


LaTeX Warning: Reference `eq:nf-change-of-var' on page 1 undefined on input lin
e 92.


LaTeX Warning: Citation 'rezende2015variational' on page 121 undefined on input
 line 98.


LaTeX Warning: Reference `eq:nf-change-of-var' on page 1 undefined on input lin
e 103.


LaTeX Warning: Reference `eq:nf-change-of-var-log' on page 1 undefined on input
 line 108.


LaTeX Warning: Reference `eq:monge-ampere' on page 1 undefined on input line 10
8.


LaTeX Warning: Reference `ch:ot-eot' on page 1 undefined on input line 108.


LaTeX Warning: Citation 'huangconvex' on page 121 undefined on input line 108.


Underfull \vbox (badness 2277) has occurred while \output is active [121 <./Ima
ges/PartB/flow_density.pdf>]

LaTeX Warning: Reference `eq:nf-change-of-var-log' on page 1 undefined on input
 line 121.


LaTeX Warning: Citation 'rezende2015variational' on page 122 undefined on input
 line 203.


LaTeX Warning: Citation 'chen2019residual' on page 122 undefined on input line 
203.


LaTeX Warning: Citation 'behrmann2019invertible' on page 122 undefined on input
 line 203.


LaTeX Warning: Reference `subsec:NODE' on page 1 undefined on input line 203.


Overfull \hbox (8.2258pt too wide) in paragraph at lines 203--204
\T1/lmr/m/n/10.95 (-20) low, we in-tro-duce two rep-re-sen-ta-tive types: Pla-n
ar Flows ([])
[122]

LaTeX Warning: Citation 'hutchinson1989stochastic' on page 123 undefined on inp
ut line 227.


LaTeX Warning: Reference `eq:multi-nf-density' on page 1 undefined on input lin
e 230.


LaTeX Warning: Reference `eq:nf-seq' on page 1 undefined on input line 245.


LaTeX Warning: Reference `eq:residual-flow' on page 1 undefined on input line 2
45.

[123]
Overfull \hbox (9.0443pt too wide) in paragraph at lines 252--253
[]\T1/lmr/m/n/10.95 (-20) This for-mu-la-tion, in-deed, cor-re-sponds to the Eu
-ler dis-cretiza-tion of the continuous-

LaTeX Warning: Citation 'chen2018neural' on page 124 undefined on input line 25
6.


Overfull \hbox (3.36444pt too wide) in paragraph at lines 255--257
\T1/lmr/m/n/10.95 (-20) (NODEs) ([]), also known as \T1/lmr/m/it/10.95 (-20) Co
n-tin-u-ous Nor-mal-iz-ing Flows \T1/lmr/m/n/10.95 (-20) (CNFs). 
[124 <./Images/PartB/discrete_vs_continuous_side_by_side_white.pdf>]

LaTeX Warning: Reference `eq:continuity_eq' on page 1 undefined on input line 2
85.


LaTeX Warning: Reference `eq:continuity_eq' on page 1 undefined on input line 2
85.


LaTeX Warning: Reference `eq:nf-change-of-var' on page 1 undefined on input lin
e 292.


LaTeX Warning: Reference `eq:multi-nf-density' on page 1 undefined on input lin
e 292.


LaTeX Warning: Citation 'chen2018neural' on page 125 undefined on input line 29
2.


LaTeX Warning: Reference `eq:neural-ode' on page 1 undefined on input line 292.



Overfull \hbox (45.88509pt too wide) in paragraph at lines 292--293
[] []\T1/lmss/bx/n/10.95 (-20) Con-tin-u-ous--Time Change-of--Vari-ables For-mu
la.[] \T1/lmr/m/n/10.95 (-20) Anal-o-gous to [] or [], []

LaTeX Warning: Reference `app:continuity' on page 1 undefined on input line 303
.


LaTeX Warning: Reference `eq:multi-nf-density' on page 1 undefined on input lin
e 303.


Underfull \vbox (badness 2318) has occurred while \output is active [125]
[126 <./Images/PartB/cov_2d_layers.pdf>]

LaTeX Warning: Reference `app-sec:flow-proof' on page 1 undefined on input line
 315.


LaTeX Warning: Reference `eq:NODE-likelihood' on page 1 undefined on input line
 319.


LaTeX Warning: Reference `eq:multi-nf-density' on page 1 undefined on input lin
e 323.


LaTeX Warning: Reference `eq:log-det-tr' on page 1 undefined on input line 327.



LaTeX Warning: Reference `eq:NODE-likelihood' on page 1 undefined on input line
 330.


LaTeX Warning: Reference `eq:MLE' on page 1 undefined on input line 334.


LaTeX Warning: Reference `eq:NODE-likelihood' on page 127 undefined on input li
ne 340.

[127]

LaTeX Warning: Citation 'pontryagin2018mathematical' on page 128 undefined on i
nput line 351.


LaTeX Warning: Citation 'chen2018neural' on page 128 undefined on input line 35
1.


Overfull \hbox (37.30006pt too wide) in paragraph at lines 351--352
\T1/lmr/m/n/10.95 (-20) through the ODE solver. The ad-joint sen-si-tiv-ity met
hod ([];

LaTeX Warning: Citation 'hutchinson1989stochastic' on page 128 undefined on inp
ut line 364.

[128]

LaTeX Warning: Reference `ch:score-sde' on page 1 undefined on input line 399.


LaTeX Warning: Reference `sec:flow-based-method' on page 1 undefined on input l
ine 399.


LaTeX Warning: Citation 'lipman2022flow' on page 129 undefined on input line 40
1.


LaTeX Warning: Citation 'lipman2024flow' on page 129 undefined on input line 40
1.


LaTeX Warning: Citation 'tongimproving' on page 129 undefined on input line 401
.


LaTeX Warning: Citation 'lipman2022flow' on page 129 undefined on input line 40
3.


LaTeX Warning: Citation 'neklyudov2023action' on page 129 undefined on input li
ne 403.


LaTeX Warning: Citation 'liu2022rectified' on page 129 undefined on input line 
403.


LaTeX Warning: Citation 'heitz2023iterative' on page 129 undefined on input lin
e 403.


LaTeX Warning: Citation 'albergo2023stochastic' on page 129 undefined on input 
line 403.


LaTeX Warning: Citation 'albergobuilding' on page 129 undefined on input line 4
03.


LaTeX Warning: Citation 'ma2024sit' on page 129 undefined on input line 403.


Underfull \hbox (badness 4954) in paragraph at lines 403--403
[][][]\T1/lmr/m/n/9 (+20) Several re-lated ap-proaches share the core idea of t
rans-port-ing be-tween end-

Underfull \hbox (badness 1132) in paragraph at lines 403--403
\T1/lmr/m/n/9 (+20) point dis-tri-bu-tions us-ing a continuous-time flow, thoug
h with slightly dif-fer-ent for-mu-

Underfull \hbox (badness 6510) in paragraph at lines 403--403
\T1/lmr/m/n/9 (+20) Rec-ti-fied Flow (RF) ([]; []), and Stochas-tic In-ter-

LaTeX Warning: Reference `ch:score-sde' on page 1 undefined on input line 416.

[129]

LaTeX Warning: Reference `forward-sde' on page 130 undefined on input line 458.


[130 <./Images/PartB/data_vs_prior_cone_with_oval.pdf>]

LaTeX Warning: Reference `eq:marginal-oracle-score' on page 1 undefined on inpu
t line 482.


LaTeX Warning: Citation 'lipman2024flow' on page 131 undefined on input line 49
5.


LaTeX Warning: Citation 'lipman2024flow' on page 131 undefined on input line 49
5.

[131 <./Images/PartB/four_panel_simple.pdf>]

LaTeX Warning: Reference `mdf@pagelabel-9' on page 132 undefined on input line 
505.


LaTeX Warning: Reference `eq:flow-map-def' on page 1 undefined on input line 50
7.


LaTeX Warning: Reference `subsec:lesson-score' on page 1 undefined on input lin
e 525.


LaTeX Warning: Reference `eq:lesson-dm-conditional-path' on page 1 undefined on
 input line 525.


LaTeX Warning: Reference `fig:conditional-marginal' on page 1 undefined on inpu
t line 528.

[132]

LaTeX Warning: Reference `eq:marginal-endpoint' on page 1 undefined on input li
ne 546.


LaTeX Warning: Reference `subsec:lesson-score' on page 1 undefined on input lin
e 549.


LaTeX Warning: Reference `subsec:fm-instantiations' on page 1 undefined on inpu
t line 555.


LaTeX Warning: Reference `fig:conditional-path' on page 1 undefined on input li
ne 555.


LaTeX Warning: Reference `eq:dm-velocity' on page 1 undefined on input line 559
.


LaTeX Warning: Reference `subsec:fm-theory' on page 1 undefined on input line 5
67.

[133]

LaTeX Warning: Reference `mdf@pagelabel-10' on page 134 undefined on input line
 574.


LaTeX Warning: Reference `eq:continuity_eq' on page 1 undefined on input line 5
76.


LaTeX Warning: Reference `subsec:fm-theory' on page 1 undefined on input line 5
78.


LaTeX Warning: Reference `eq:continuity_eq' on page 1 undefined on input line 5
83.


LaTeX Warning: Reference `eq:continuity_eq' on page 1 undefined on input line 5
92.


LaTeX Warning: Reference `subsec:special-fm-instantiations' on page 1 undefined
 on input line 596.


LaTeX Warning: Reference `subsec:lesson-score' on page 1 undefined on input lin
e 611.


LaTeX Warning: Reference `eq:score-matching' on page 1 undefined on input line 
612.


LaTeX Warning: Reference `eq:minimum_velocity' on page 1 undefined on input lin
e 612.


LaTeX Warning: Reference `mdf@pagelabel-11' on page 134 undefined on input line
 618.

[134]

LaTeX Warning: Reference `subsec:fm-instantiations' on page 1 undefined on inpu
t line 627.


LaTeX Warning: Reference `eq:fm-cfm' on page 1 undefined on input line 635.


LaTeX Warning: Reference `closed-form-vf' on page 135 undefined on input line 6
54.


LaTeX Warning: Reference `thm:fm-cfm' on page 135 undefined on input line 654.


LaTeX Warning: Reference `thm:equiv-marginal-kl' on page 135 undefined on input
 line 654.


LaTeX Warning: Reference `thm:sm-dsm' on page 135 undefined on input line 654.


LaTeX Warning: Reference `closed-form-vf' on page 135 undefined on input line 6
54.


LaTeX Warning: Reference `thm:fm-cfm' on page 135 undefined on input line 654.


LaTeX Warning: Reference `thm:equiv-marginal-kl' on page 135 undefined on input
 line 654.


LaTeX Warning: Reference `thm:sm-dsm' on page 135 undefined on input line 654.


LaTeX Warning: Reference `eq:marginal-oracle-velocity' on page 1 undefined on i
nput line 671.


LaTeX Warning: Reference `dsm-minimizer' on page 135 undefined on input line 67
1.


LaTeX Warning: Reference `fig:cfm-illustration' on page 1 undefined on input li
ne 673.

[135]

LaTeX Warning: Reference `eq:marginal-oracle-velocity' on page 1 undefined on i
nput line 689.


LaTeX Warning: Reference `eq:marginal-oracle-velocity' on page 1 undefined on i
nput line 689.


LaTeX Warning: Reference `subsec:lesson-score' on page 1 undefined on input lin
e 691.


LaTeX Warning: Reference `sec:instance-fm' on page 1 undefined on input line 69
1.

[136 <./Images/PartB/flow_matching_conditional.pdf>]

LaTeX Warning: Reference `subsec:lesson-score' on page 1 undefined on input lin
e 698.


LaTeX Warning: Reference `tab:framework_comparison' on page 1 undefined on inpu
t line 698.


LaTeX Warning: Reference `subsec:fm-instantiations' on page 1 undefined on inpu
t line 724.


LaTeX Warning: Reference `subsec:fm-instantiations' on page 1 undefined on inpu
t line 724.


LaTeX Warning: Reference `subsec:fm-instantiations' on page 1 undefined on inpu
t line 724.


LaTeX Warning: Reference `eq:marginal-oracle-velocity' on page 1 undefined on i
nput line 724.


LaTeX Warning: Reference `ch:all-equivalent' on page 1 undefined on input line 
726.


LaTeX Warning: Reference `subsec:NODE' on page 1 undefined on input line 730.


LaTeX Warning: Reference `subsec:lesson-score' on page 1 undefined on input lin
e 736.


LaTeX Warning: Reference `eq:pushforward-ode' on page 1 undefined on input line
 742.

[137]

LaTeX Warning: Reference `eq:p_t-fwd-rev' on page 1 undefined on input line 767
.


LaTeX Warning: Reference `app-sec:mass-conservation' on page 1 undefined on inp
ut line 779.


LaTeX Warning: Citation 'villani2008optimal' on page 138 undefined on input lin
e 779.


LaTeX Warning: Reference `subsec:fm-framework' on page 1 undefined on input lin
e 781.


LaTeX Warning: Reference `eq:marginal-oracle-velocity' on page 1 undefined on i
nput line 786.

[138]

LaTeX Warning: Reference `eq:marginal-oracle-velocity' on page 1 undefined on i
nput line 817.


LaTeX Warning: Reference `eq:marginal-oracle-velocity' on page 1 undefined on i
nput line 817.


LaTeX Warning: Reference `eq:p_t' on page 1 undefined on input line 817.


LaTeX Warning: Reference `eq:continuity_conditional_pt' on page 1 undefined on 
input line 817.


LaTeX Warning: Reference `eq:p_t_continuity' on page 1 undefined on input line 
817.


LaTeX Warning: Reference `eq:marginal-oracle-velocity' on page 1 undefined on i
nput line 817.

[139] [140]

LaTeX Warning: Reference `subsec:special-fm-instantiations' on page 1 undefined
 on input line 835.


LaTeX Warning: Reference `subsec:cov-continuity-eq' on page 1 undefined on inpu
t line 837.


LaTeX Warning: Reference `subsec:fm-instantiations' on page 1 undefined on inpu
t line 844.


LaTeX Warning: Reference `subsec:lesson-score' on page 1 undefined on input lin
e 844.


LaTeX Warning: Reference `subsec:prob-path-flow' on page 1 undefined on input l
ine 844.

[141]

LaTeX Warning: Citation 'lipman2022flow' on page 142 undefined on input line 86
7.


LaTeX Warning: Reference `eq:gaussian-sol-map' on page 1 undefined on input lin
e 872.


LaTeX Warning: Citation 'lipman2022flow' on page 142 undefined on input line 87
2.


LaTeX Warning: Reference `eq:gaussian-density-path' on page 1 undefined on inpu
t line 900.


LaTeX Warning: Reference `eq:gaussian-sol-map' on page 1 undefined on input lin
e 900.


LaTeX Warning: Reference `eq:gaussian-sol-map' on page 1 undefined on input lin
e 900.

[142]

LaTeX Warning: Reference `closed-form-vf' on page 143 undefined on input line 9
33.

[143]

LaTeX Warning: Citation 'lipman2022flow' on page 144 undefined on input line 95
5.


LaTeX Warning: Citation 'liu2022rectified' on page 144 undefined on input line 
955.


LaTeX Warning: Reference `closed-form-vf' on page 144 undefined on input line 9
60.


LaTeX Warning: Reference `eq:minimum_velocity' on page 1 undefined on input lin
e 968.


LaTeX Warning: Reference `eq:marginal-oracle-velocity' on page 1 undefined on i
nput line 968.

[144 <./Images/PartB/triptych_gray_cones_final.pdf>]

LaTeX Warning: Reference `subsec:prob-path-flow' on page 1 undefined on input l
ine 979.


LaTeX Warning: Reference `closed-form-vf' on page 145 undefined on input line 9
99.

[145]

LaTeX Warning: Reference `tb:interpolant_instances' on page 1 undefined on inpu
t line 1040.


LaTeX Warning: Citation 'lipman2022flow' on page 146 undefined on input line 10
47.


LaTeX Warning: Citation 'liu2022rectified' on page 146 undefined on input line 
1047.


LaTeX Warning: Citation 'albergo2023stochastic' on page 146 undefined on input 
line 1086.


LaTeX Warning: Reference `ch:all-equivalent' on page 1 undefined on input line 
1092.


LaTeX Warning: Citation 'esser2024scaling' on page 146 undefined on input line 
1092.

[146]

LaTeX Warning: Citation 'lipman2024flow' on page 147 undefined on input line 11
04.


LaTeX Warning: Reference `closed-form-vf' on page 147 undefined on input line 1
107.

[147]

LaTeX Warning: Reference `closed-form-vf' on page 148 undefined on input line 1
136.


Overfull \hbox (4.95784pt too wide) in paragraph at lines 1170--1171
[] [] \T1/lmss/bx/n/10.95 (-20) Two-Sided Con-di-tion-ing ($\OT1/lmr/bx/n/10.95
 (-20) z = (x[]\OML/lmm/b/it/10.95 ; \OT1/lmr/bx/n/10.95 (-20) x[])$\T1/lmss/bx
/n/10.95 (-20) ).[] \T1/lmr/m/n/10.95 (-20) The same tem-plate with $\OML/lmm/b
/it/10.95 ^^V[]\OT1/lmr/m/n/10.95 (-20) (\OT1/lmr/bx/n/10.95 (-20) x[]\OML/lmm/
m/it/10.95 ; \OT1/lmr/bx/n/10.95 (-20) x[]\OT1/lmr/m/n/10.95 (-20) ) =
[148]

LaTeX Warning: Reference `closed-form-vf' on page 149 undefined on input line 1
190.

[149]
Underfull \hbox (badness 4872) in paragraph at lines 1208--1208
[]|\T1/lmr/m/n/7 (+20) Convenient when $\OML/lmm/m/it/7 p[]\OT1/lmr/m/n/7 (+20)
 (\OMS/lmsy/m/n/7 ^^Aj\OT1/lmr/bx/n/7 (+20) z\OT1/lmr/m/n/7 (+20) )$ \T1/lmr/m/
n/7 (+20) is Gaus-sian /

Underfull \hbox (badness 10000) in paragraph at lines 1208--1209
[]|\T1/lmr/m/n/7 (+20) Given $\OT1/lmr/bx/n/7 (+20) 	[]\OT1/lmr/m/n/7 (+20) (\O
MS/lmsy/m/n/7 ^^Aj\OT1/lmr/bx/n/7 (+20) z\OT1/lmr/m/n/7 (+20) )$\T1/lmr/m/n/7 (
+20) , both $\OML/lmm/m/it/7 p[]\OT1/lmr/m/n/7 (+20) (\OMS/lmsy/m/n/7 ^^Aj\OT1/
lmr/bx/n/7 (+20) z\OT1/lmr/m/n/7 (+20) ) =

Underfull \hbox (badness 10000) in paragraph at lines 1208--1209
\OT1/lmr/m/n/7 (+20) (\OT1/lmr/bx/n/7 (+20) 	[]\OT1/lmr/m/n/7 (+20) (\OMS/lmsy/
m/n/7 ^^Aj\OT1/lmr/bx/n/7 (+20) z\OT1/lmr/m/n/7 (+20) ))[]\OML/lmm/m/it/7 p[]$ 
\T1/lmr/m/n/7 (+20) and $\OT1/lmr/bx/n/7 (+20) v[]\OT1/lmr/m/n/7 (+20) (\OMS/lm
sy/m/n/7 ^^Aj\OT1/lmr/bx/n/7 (+20) z\OT1/lmr/m/n/7 (+20) )$ \T1/lmr/m/n/7 (+20)
 are de-ter-

Underfull \hbox (badness 10000) in paragraph at lines 1213--1215
\T1/lmr/m/n/7 (+20) easy bound-ary con-trol; ac-com-mo-dates

Overfull \hbox (4.65683pt too wide) in paragraph at lines 1205--1215
 [] 

LaTeX Warning: Citation 'liu2022rectified' on page 150 undefined on input line 
1225.


LaTeX Warning: Citation 'lipman2022flow' on page 150 undefined on input line 12
25.


Overfull \hbox (6.01796pt too wide) in paragraph at lines 1224--1229
\T1/lmr/m/n/10.95 (-20) It is worth em-pha-siz-ing that some prior works ([]; [
])
[150]

LaTeX Warning: Reference `fig:straightness-counterexample' on page 1 undefined 
on input line 1327.

[151] [152 <./Images/PartB/straightness_counterexample.pdf>]

LaTeX Warning: Citation 'lipman2022flow' on page 153 undefined on input line 13
56.


LaTeX Warning: Citation 'liu2022flow' on page 153 undefined on input line 1357.


(/usr/local/texlive/2026/texmf-dist/tex/latex/lm/t1lmtt.fd) [153]
pdfTeX warning (ext4): destination with the same identifier (name{ALG@line.1}) 
has been already used, duplicate ignored
<to be read again> 
                   \relax 
l.1406 \State
              \textbfs{Pre-Train Diffusion.} Fit $\rvv_{\bphi^\times}$ on th...

pdfTeX warning (ext4): destination with the same identifier (name{ALG@line.2}) 
has been already used, duplicate ignored
<to be read again> 
                   \relax 
l.1411 \State
              \textbfs{Rectify.} Sample $\rvz_0 \sim p_{\text{src}}$ and int...
[154] [155]

LaTeX Warning: Citation 'liu2022flow' on page 156 undefined on input line 1492.



LaTeX Warning: Citation 'liu2022rectified' on page 156 undefined on input line 
1507.

[156]

LaTeX Warning: Citation 'liu2022flow' on page 157 undefined on input line 1512.



LaTeX Warning: Citation 'liu2022flow' on page 157 undefined on input line 1512.



LaTeX Warning: Citation 'liu2022flow' on page 157 undefined on input line 1517.



LaTeX Warning: Citation 'liu2022rectified' on page 157 undefined on input line 
1517.


LaTeX Warning: Reference `sec:ot-intro' on page 1 undefined on input line 1522.



LaTeX Warning: Reference `eq:reflow-loss-gradient' on page 1 undefined on input
 line 1530.

[157 <./Images/PartB/rectified_flow_trained.pdf>]

LaTeX Warning: Reference `subsec:ot-linear-reflow' on page 1 undefined on input
 line 1532.

[158]) (./Chapter-5-They-Are-All-Equivalent.tex [159]
Chapter 6.

LaTeX Warning: Reference `ch:flow-based' on page 1 undefined on input line 7.


LaTeX Warning: Reference `ch:score-sde' on page 1 undefined on input line 7.


LaTeX Warning: Reference `ch:score-based' on page 1 undefined on input line 7.


LaTeX Warning: Reference `ch:variational' on page 1 undefined on input line 7.


LaTeX Warning: Reference `sec:conditional-trick' on page 1 undefined on input l
ine 9.


LaTeX Warning: Reference `sec:elucidating' on page 1 undefined on input line 11
.


LaTeX Warning: Reference `sec:equivalent-parametrizations' on page 1 undefined 
on input line 14.


LaTeX Warning: Reference `sec:comparison-connection' on page 1 undefined on inp
ut line 18.

[160] [161]

LaTeX Warning: Reference `eq:marginal-oracle-velocity' on page 1 undefined on i
nput line 39.


LaTeX Warning: Reference `eq:kl-matching' on page 1 undefined on input line 53.



LaTeX Warning: Reference `eq:score-matching' on page 1 undefined on input line 
59.


LaTeX Warning: Reference `eq:fm-cfm' on page 1 undefined on input line 65.

[162]

LaTeX Warning: Reference `mdf@pagelabel-12' on page 163 undefined on input line
 83.


LaTeX Warning: Reference `eq:three-minimizer-oracle' on page 1 undefined on inp
ut line 202.


LaTeX Warning: Reference `eq:three-minimizer-oracle' on page 1 undefined on inp
ut line 202.


LaTeX Warning: Reference `eq:three-minimizer-oracle' on page 1 undefined on inp
ut line 202.


LaTeX Warning: Reference `ddpm-reverse-kernel' on page 163 undefined on input l
ine 202.

[163] [164] [165]

LaTeX Warning: Reference `subsec:four-predictions' on page 1 undefined on input
 line 213.


LaTeX Warning: Reference `subsec:summary-disentagle' on page 1 undefined on inp
ut line 214.


LaTeX Warning: Reference `sec:equivalent-parametrizations' on page 1 undefined 
on input line 214.


LaTeX Warning: Reference `eq:forward_kernel' on page 1 undefined on input line 
224.


LaTeX Warning: Reference `subsec:connection-vdm' on page 1 undefined on input l
ine 231.


LaTeX Warning: Reference `subsec:ddpm-prediction' on page 1 undefined on input 
line 231.


LaTeX Warning: Citation 'ho2020denoising' on page 166 undefined on input line 2
33.


LaTeX Warning: Citation 'kingma2021variational' on page 166 undefined on input 
line 243.


LaTeX Warning: Citation 'karras2022elucidating' on page 166 undefined on input 
line 243.


LaTeX Warning: Citation 'song2023consistency' on page 166 undefined on input li
ne 243.


Overfull \hbox (49.42833pt too wide) in paragraph at lines 243--244
[]$\OT1/lmr/bx/n/10.95 (-20) x$\T1/lmss/bx/n/10.95 (-20) -Prediction (Clean Pre
-dic-tion) \T1/lmr/m/n/10.95 (-20) ([]; [];

LaTeX Warning: Citation 'song2019generative' on page 166 undefined on input lin
e 256.


LaTeX Warning: Citation 'song2020score' on page 166 undefined on input line 256
.

[166]

LaTeX Warning: Citation 'lipman2022flow' on page 167 undefined on input line 27
0.


LaTeX Warning: Citation 'liu2022rectified' on page 167 undefined on input line 
270.


LaTeX Warning: Citation 'salimans2021progressive' on page 167 undefined on inpu
t line 270.


LaTeX Warning: Citation 'albergo2023stochastic' on page 167 undefined on input 
line 270.


LaTeX Warning: Reference `eq:three-minimizer-oracle' on page 1 undefined on inp
ut line 284.


LaTeX Warning: Reference `subsec:four-predictions' on page 1 undefined on input
 line 295.


LaTeX Warning: Citation 'karras2022elucidating' on page 167 undefined on input 
line 310.


LaTeX Warning: Citation 'lu2024simplifying' on page 167 undefined on input line
 310.


Overfull \hbox (7.82498pt too wide) in paragraph at lines 313--314
[]\T1/lmr/m/n/10.95 (-20) Prediction types of $[]$ and their as-so-ci-ated re-g
res-sion tar-gets $[]$; 
[167]

LaTeX Warning: Reference `tb:interpolant_instances' on page 1 undefined on inpu
t line 321.


LaTeX Warning: Reference `eq:any-to-trig' on page 1 undefined on input line 321
.


LaTeX Warning: Reference `eq:fm-general-affine-formula' on page 1 undefined on 
input line 321.


LaTeX Warning: Reference `subsec:four-predictions' on page 1 undefined on input
 line 324.


LaTeX Warning: Reference `tb:A_t-B_t-parametrizations' on page 1 undefined on i
nput line 328.


LaTeX Warning: Reference `eq:predictions-equivalence' on page 1 undefined on in
put line 330.


LaTeX Warning: Reference `eq:s-e-x-v-equi' on page 1 undefined on input line 33
0.


LaTeX Warning: Reference `eq:general-dm-loss-D' on page 1 undefined on input li
ne 330.

(/usr/local/texlive/2026/texmf-dist/tex/latex/lm/ot1lmtt.fd) [168{/usr/local/te
xlive/2026/texmf-dist/fonts/enc/dvips/lm/lm-rmtt.enc}]

LaTeX Warning: Citation 'ho2020denoising' on page 169 undefined on input line 3
73.


LaTeX Warning: Citation 'song2020score' on page 169 undefined on input line 373
.


LaTeX Warning: Citation 'lipman2022flow' on page 169 undefined on input line 37
3.


LaTeX Warning: Citation 'liu2022rectified' on page 169 undefined on input line 
373.


LaTeX Warning: Citation 'karras2022elucidating' on page 169 undefined on input 
line 373.


LaTeX Warning: Citation 'song2021maximum' on page 169 undefined on input line 3
73.


LaTeX Warning: Citation 'kingma2021variational' on page 169 undefined on input 
line 373.


Overfull \hbox (1.16785pt too wide) in paragraph at lines 373--374
\OT1/lmr/m/n/10.95 (-20) [0\OML/lmm/m/it/10.95 ; T\OT1/lmr/m/n/10.95 (-20) ]$ \
T1/lmr/m/n/10.95 (-20) ([]; []; []; []).

Overfull \hbox (58.90056pt too wide) in paragraph at lines 373--374
\T1/lmr/m/n/10.95 (-20) and adap-tive im-por-tance sam-pling meth-ods ([]; []).
 

LaTeX Warning: Citation 'ho2020denoising' on page 169 undefined on input line 3
77.


LaTeX Warning: Citation 'karras2022elucidating' on page 169 undefined on input 
line 377.


LaTeX Warning: Citation 'lipman2022flow' on page 169 undefined on input line 37
7.


LaTeX Warning: Citation 'liu2022rectified' on page 169 undefined on input line 
377.


LaTeX Warning: Citation 'karras2023analyzing' on page 169 undefined on input li
ne 377.


LaTeX Warning: Reference `eq:general-dm-loss-D' on page 1 undefined on input li
ne 377.


LaTeX Warning: Citation 'song2021maximum' on page 169 undefined on input line 3
77.


LaTeX Warning: Reference `eq:sde_forward' on page 1 undefined on input line 377
.


LaTeX Warning: Citation 'kingma2021variational' on page 169 undefined on input 
line 377.


LaTeX Warning: Citation 'kingma2023understanding' on page 169 undefined on inpu
t line 377.


LaTeX Warning: Citation 'kim2022soft' on page 169 undefined on input line 379.


LaTeX Warning: Citation 'kingma2023understanding' on page 169 undefined on inpu
t line 379.

[169]

LaTeX Warning: Reference `eq:ddpm-diffusion' on page 1 undefined on input line 
404.


LaTeX Warning: Reference `eq:ddpm-elbo' on page 1 undefined on input line 404.


LaTeX Warning: Reference `eq:ddpm-diffusion' on page 1 undefined on input line 
425.

[170]

LaTeX Warning: Reference `eq:partial-chain-kl' on page 1 undefined on input lin
e 449.

[171]

LaTeX Warning: Reference `subsec:four-predictions' on page 1 undefined on input
 line 505.


LaTeX Warning: Reference `subsec:four-equiv-para' on page 1 undefined on input 
line 505.


LaTeX Warning: Reference `subsec:all-flows-are-equiv' on page 1 undefined on in
put line 506.


LaTeX Warning: Reference `eq:general-dm-loss-D' on page 1 undefined on input li
ne 513.


LaTeX Warning: Reference `subsec:ddpm-prediction' on page 1 undefined on input 
line 516.


LaTeX Warning: Reference `sec:SMLD' on page 1 undefined on input line 516.


LaTeX Warning: Reference `fig:equiv-parametrizations' on page 1 undefined on in
put line 518.


LaTeX Warning: Citation 'kingma2021variational' on page 172 undefined on input 
line 518.


LaTeX Warning: Reference `forward-sde' on page 172 undefined on input line 537.



LaTeX Warning: Reference `eq:velocity-def' on page 1 undefined on input line 53
7.


LaTeX Warning: Reference `eq:score-def' on page 1 undefined on input line 537.


LaTeX Warning: Reference `eq:clean-def' on page 1 undefined on input line 537.


LaTeX Warning: Reference `eq:noise-def' on page 1 undefined on input line 537.


LaTeX Warning: Reference `dsm-minimizer' on page 172 undefined on input line 53
7.


LaTeX Warning: Reference `app-sec:equiv-para' on page 1 undefined on input line
 537.


LaTeX Warning: Reference `eq:predictions-equivalence' on page 1 undefined on in
put line 589.


LaTeX Warning: Reference `eq:predictions-equivalence' on page 1 undefined on in
put line 596.

[172]

LaTeX Warning: Reference `ch:solvers' on page 1 undefined on input line 602.


LaTeX Warning: Reference `ch:fast-scratch' on page 1 undefined on input line 60
3.


LaTeX Warning: Reference `eq:predictions-equivalence' on page 1 undefined on in
put line 607.


Underfull \vbox (badness 10000) has occurred while \output is active [173]

LaTeX Warning: Reference `forward-sde' on page 174 undefined on input line 631.



LaTeX Warning: Reference `sec:revisit-ddim' on page 1 undefined on input line 6
46.


LaTeX Warning: Reference `eq:general-dm-loss-D' on page 1 undefined on input li
ne 656.


LaTeX Warning: Citation 'lipman2022flow' on page 174 undefined on input line 65
9.


LaTeX Warning: Citation 'liu2022rectified' on page 174 undefined on input line 
659.


Overfull \hbox (60.0959pt too wide) in paragraph at lines 659--660
[] []\T1/lmss/bx/n/10.95 (-20) State-Level Equiv-a-lence.[] \T1/lmr/m/n/10.95 (
-20) A con-ve-nient canon-i-cal in-ter-po-la-tion used in FM ([])
[174]

LaTeX Warning: Citation 'salimans2021progressive' on page 175 undefined on inpu
t line 711.


LaTeX Warning: Citation 'albergo2023stochastic' on page 175 undefined on input 
line 711.


LaTeX Warning: Citation 'lu2024simplifying' on page 175 undefined on input line
 711.


Overfull \hbox (5.06529pt too wide) in paragraph at lines 711--714
\T1/lmr/m/n/10.95 (-20) trigono-met-ric in-ter-po-la-tion ([]; [];
[175]

LaTeX Warning: Reference `eq:any-to-trig' on page 1 undefined on input line 736
.


LaTeX Warning: Reference `equi-para' on page 176 undefined on input line 751.

[176]

LaTeX Warning: Reference `equiv-interpolation' on page 177 undefined on input l
ine 781.


LaTeX Warning: Reference `subsec:dpm-heun' on page 1 undefined on input line 81
3.


LaTeX Warning: Reference `subsec:ddim-different-para' on page 1 undefined on in
put line 813.

[177]

LaTeX Warning: Reference `eq:unit-velocity' on page 1 undefined on input line 8
59.

[178]

LaTeX Warning: Reference `ch:ot-eot' on page 1 undefined on input line 888.


LaTeX Warning: Reference `ot-conditional-flow' on page 179 undefined on input l
ine 908.

[179]

LaTeX Warning: Reference `eq:clean_pf_ode' on page 1 undefined on input line 94
6.


LaTeX Warning: Reference `ch:solvers' on page 1 undefined on input line 978.

[180]

LaTeX Warning: Reference `subsec:ddim-different-para' on page 1 undefined on in
put line 995.


LaTeX Warning: Citation 'song2020denoising' on page 181 undefined on input line
 997.


LaTeX Warning: Reference `eq:euler-step' on page 1 undefined on input line 1001
.


LaTeX Warning: Reference `subsec:dpm-heun' on page 1 undefined on input line 10
04.


LaTeX Warning: Citation 'lu2022dpm' on page 181 undefined on input line 1004.


Underfull \vbox (badness 1874) has occurred while \output is active [181]
[182]

LaTeX Warning: Reference `forward-sde' on page 183 undefined on input line 1124
.


LaTeX Warning: Reference `eq:heuristic-fpe-sde' on page 1 undefined on input li
ne 1138.

[183]

LaTeX Warning: Reference `subsec:flow-score' on page 1 undefined on input line 
1143.


LaTeX Warning: Reference `fig:unified_framework' on page 1 undefined on input l
ine 1145.


LaTeX Warning: Reference `subsec:takeaway-dm-gaussianfm' on page 1 undefined on
 input line 1145.


LaTeX Warning: Reference `sec:flow-matching-framework' on page 1 undefined on i
nput line 1262.


LaTeX Warning: Reference `eq:marginal-oracle-velocity' on page 1 undefined on i
nput line 1274.


LaTeX Warning: Reference `eq:ode-velocity' on page 184 undefined on input line 
1274.


LaTeX Warning: Reference `eq:ode-velocity' on page 1 undefined on input line 12
78.


LaTeX Warning: Reference `eq:kernel-sde-equiv' on page 1 undefined on input lin
e 1285.

[184]

LaTeX Warning: Citation 'ma2024sit' on page 185 undefined on input line 1370.


LaTeX Warning: Reference `eq:ode-velocity' on page 1 undefined on input line 13
75.


LaTeX Warning: Reference `eq:general-reverse-sde' on page 1 undefined on input 
line 1376.


LaTeX Warning: Reference `eq:sde_backward' on page 1 undefined on input line 13
76.


LaTeX Warning: Reference `equi-para' on page 185 undefined on input line 1376.

[185]

LaTeX Warning: Citation 'ma2024sit' on page 186 undefined on input line 1380.


LaTeX Warning: Reference `eq:general-reverse-sde' on page 1 undefined on input 
line 1380.


LaTeX Warning: Reference `eq:score-velocity' on page 1 undefined on input line 
1382.


LaTeX Warning: Reference `eq:general-reverse-sde' on page 1 undefined on input 
line 1382.


LaTeX Warning: Reference `fig:unified_framework' on page 1 undefined on input l
ine 1390.

[186]

LaTeX Warning: Reference `ch:guidance' on page 1 undefined on input line 1417.


LaTeX Warning: Reference `ch:solvers' on page 1 undefined on input line 1417.


LaTeX Warning: Reference `ch:distillation' on page 1 undefined on input line 14
18.


LaTeX Warning: Reference `ch:fast-scratch' on page 1 undefined on input line 14
18.

) (./Chapter-4-plus-OT-and-Diffusion-Model.tex [187]
Chapter 7.

Overfull \hbox (7.4983pt too wide) in paragraph at lines 13--24
\T1/lmr/m/n/10.95 (-20) trans-port, and Schrödinger bridges as for-mu-la-tions 
of the dis-tri-bu-tion^^Uto^^Udistribution
[188]

LaTeX Warning: Citation 'meng2021sdedit' on page 189 undefined on input line 35
.


LaTeX Warning: Citation 'su2022dual' on page 189 undefined on input line 38.


LaTeX Warning: Reference `sec:flow-matching-framework' on page 1 undefined on i
nput line 40.


Underfull \vbox (badness 10000) detected at line 59
[189]

LaTeX Warning: Reference `sec:ot-intro' on page 1 undefined on input line 63.


LaTeX Warning: Reference `eq:ot' on page 1 undefined on input line 64.


LaTeX Warning: Reference `eq:bb-ot' on page 1 undefined on input line 64.


LaTeX Warning: Reference `eq:eot-epsilon' on page 1 undefined on input line 66.



LaTeX Warning: Reference `eq:sb-kinetic' on page 1 undefined on input line 67.


LaTeX Warning: Reference `sec:relation-ot' on page 1 undefined on input line 70
.


LaTeX Warning: Reference `sec:dm-and-sb' on page 1 undefined on input line 72.


LaTeX Warning: Reference `sec:pfode-ot' on page 1 undefined on input line 79.


LaTeX Warning: Reference `subsec:rectify' on page 1 undefined on input line 82.


[190] [191 <./Images/PartB/ot_2d_coupling_comparison.pdf>]

LaTeX Warning: Reference `mdf@pagelabel-13' on page 192 undefined on input line
 153.


LaTeX Warning: Reference `thm:brenier' on page 1 undefined on input line 172.


LaTeX Warning: Reference `eq:bb-ot' on page 1 undefined on input line 172.

[192]

LaTeX Warning: Citation 'benamou2000computational' on page 193 undefined on inp
ut line 198.


Overfull \hbox (55.09355pt too wide) in paragraph at lines 197--199
\T1/lmr/m/n/10.95 (-20) This dy-namic for-mu-la-tion of op-ti-mal trans-port, i
n-tro-duced by [],

LaTeX Warning: Reference `eq:ot' on page 1 undefined on input line 200.


LaTeX Warning: Reference `mdf@pagelabel-14' on page 193 undefined on input line
 210.


LaTeX Warning: Reference `eq:nf-change-of-var' on page 1 undefined on input lin
e 222.

[193]

LaTeX Warning: Citation 'fournier2015rate' on page 194 undefined on input line 
235.


LaTeX Warning: Citation 'peyre2019computational' on page 194 undefined on input
 line 235.

[194 <./Images/PartB/ot_illustration.pdf>]

LaTeX Warning: Reference `eq:ot' on page 1 undefined on input line 238.


LaTeX Warning: Citation 'kuhn1955hungarian' on page 195 undefined on input line
 252.


LaTeX Warning: Citation 'munkres1957algorithms' on page 195 undefined on input 
line 252.


LaTeX Warning: Citation 'peyre2019computational' on page 195 undefined on input
 line 252.


Overfull \hbox (47.37936pt too wide) in paragraph at lines 251--253
\T1/lmr/m/n/10.95 (-20) and $\OT1/lmr/m/n/10.95 (-20) 2\OML/lmm/m/it/10.95 n$ \
T1/lmr/m/n/10.95 (-20) con-straints. Prac-ti-cal solvers (e.g., Hun-gar-ian al-
go-rithm ([];

Overfull \hbox (3.67107pt too wide) in paragraph at lines 251--253
[]\T1/lmr/m/n/10.95 (-20) ), net-work sim-plex ([]))

LaTeX Warning: Reference `mdf@pagelabel-15' on page 195 undefined on input line
 263.

[195]

LaTeX Warning: Reference `eq:eot-epsilon' on page 1 undefined on input line 283
.


LaTeX Warning: Citation 'sinkhorn1964relationship' on page 196 undefined on inp
ut line 295.


LaTeX Warning: Citation 'cuturi2013sinkhorn' on page 196 undefined on input lin
e 295.


LaTeX Warning: Citation 'altschuler2017near' on page 196 undefined on input lin
e 297.


LaTeX Warning: Reference `subsec:eot-ot' on page 1 undefined on input line 300.


[196]

LaTeX Warning: Reference `eq:sb-epsilon-general' on page 1 undefined on input l
ine 366.


LaTeX Warning: Reference `eq:sb-kinetic' on page 1 undefined on input line 376.



LaTeX Warning: Reference `subsec:girsanov' on page 1 undefined on input line 37
9.


LaTeX Warning: Citation 'dai1991stochastic' on page 197 undefined on input line
 392.


LaTeX Warning: Citation 'pra1990markov' on page 197 undefined on input line 392
.


LaTeX Warning: Citation 'pavon1991free' on page 197 undefined on input line 392
.


LaTeX Warning: Citation 'chen2016relation' on page 197 undefined on input line 
392.

[197]

LaTeX Warning: Reference `mdf@pagelabel-16' on page 198 undefined on input line
 399.


LaTeX Warning: Reference `eq:sb-kinetic' on page 1 undefined on input line 407.



LaTeX Warning: Reference `eq:bb-ot' on page 1 undefined on input line 408.


LaTeX Warning: Reference `eq:sb-epsilon-kinetic' on page 1 undefined on input l
ine 427.


LaTeX Warning: Citation 'chen2021stochastic' on page 198 undefined on input lin
e 427.


Underfull \vbox (badness 1253) has occurred while \output is active [198 <./Ima
ges/PartB/sb_illustration.pdf>]

LaTeX Warning: Reference `eq:sb-epsilon-general' on page 1 undefined on input l
ine 469.


LaTeX Warning: Citation 'dai1991stochastic' on page 199 undefined on input line
 470.

[199]

LaTeX Warning: Citation 'caluya2021wasserstein' on page 200 undefined on input 
line 474.


LaTeX Warning: Citation 'chen2021stochastic' on page 200 undefined on input lin
e 474.


LaTeX Warning: Citation 'chenlikelihood' on page 200 undefined on input line 47
4.


LaTeX Warning: Reference `eq:sb-forward-sde' on page 1 undefined on input line 
515.


LaTeX Warning: Reference `eq:pde-schrodinger' on page 1 undefined on input line
 517.


LaTeX Warning: Reference `eq:sb-symmetry' on page 1 undefined on input line 517
.


LaTeX Warning: Reference `eq:sb-kinetic' on page 1 undefined on input line 518.



LaTeX Warning: Citation 'chen2021stochastic' on page 200 undefined on input lin
e 518.


LaTeX Warning: Reference `eq:sb-kinetic' on page 1 undefined on input line 558.


[200]

LaTeX Warning: Reference `eq:sb-backward-sde' on page 1 undefined on input line
 591.


LaTeX Warning: Reference `eq:pde-schrodinger' on page 1 undefined on input line
 591.


LaTeX Warning: Citation 'de2021diffusion' on page 201 undefined on input line 5
91.


LaTeX Warning: Citation 'chenlikelihood' on page 201 undefined on input line 59
1.


LaTeX Warning: Citation 'liu20232' on page 201 undefined on input line 591.


LaTeX Warning: Citation 'liu20232' on page 201 undefined on input line 591.


LaTeX Warning: Reference `sec:dm-and-sb' on page 1 undefined on input line 591.



LaTeX Warning: Reference `eq:ot' on page 1 undefined on input line 594.


LaTeX Warning: Citation 'genevay2018learning' on page 201 undefined on input li
ne 597.


LaTeX Warning: Citation 'onken2021ot' on page 201 undefined on input line 597.


LaTeX Warning: Reference `eq:bb-ot' on page 1 undefined on input line 598.


LaTeX Warning: Reference `eq:sb-epsilon-general' on page 1 undefined on input l
ine 600.


LaTeX Warning: Reference `eq:sb-kinetic' on page 1 undefined on input line 600.


[201] [202]

LaTeX Warning: Reference `eq:sb-epsilon-kinetic' on page 1 undefined on input l
ine 693.


LaTeX Warning: Reference `eq:bb-ot' on page 1 undefined on input line 693.


LaTeX Warning: Reference `subsec:sb-eot' on page 1 undefined on input line 698.



LaTeX Warning: Reference `subsec:eot-ot' on page 1 undefined on input line 698.



LaTeX Warning: Reference `subsec:sb-ot' on page 1 undefined on input line 698.


LaTeX Warning: Reference `fig:eot-epsilon' on page 1 undefined on input line 69
8.


LaTeX Warning: Reference `subsec:sb-eot' on page 1 undefined on input line 698.



LaTeX Warning: Reference `subsec:eot-ot' on page 1 undefined on input line 698.



LaTeX Warning: Reference `subsec:sb-ot' on page 1 undefined on input line 698.


LaTeX Warning: Reference `fig:eot-epsilon' on page 1 undefined on input line 69
8.


LaTeX Warning: Reference `fig:ot-dm' on page 1 undefined on input line 703.


LaTeX Warning: Reference `subsec:sb' on page 1 undefined on input line 709.


LaTeX Warning: Reference `subsec:sb-eot' on page 1 undefined on input line 710.



LaTeX Warning: Reference `subsec:eot-ot' on page 1 undefined on input line 711.



LaTeX Warning: Reference `subsec:sb-ot' on page 1 undefined on input line 712.


LaTeX Warning: Reference `subsec:sb-eot' on page 1 undefined on input line 743.



LaTeX Warning: Reference `subsec:sb-eot' on page 1 undefined on input line 743.


[203] [204 <./Images/PartB/eot_epsilon_interpolation.pdf>]

LaTeX Warning: Citation 'mikami2006duality' on page 205 undefined on input line
 792.


LaTeX Warning: Reference `eq:sb-epsilon-general' on page 1 undefined on input l
ine 822.

[205]

LaTeX Warning: Reference `eq:eot-sb-static' on page 1 undefined on input line 8
28.


LaTeX Warning: Reference `eq:ot' on page 1 undefined on input line 837.


LaTeX Warning: Citation 'mikami2008optimal' on page 206 undefined on input line
 837.


LaTeX Warning: Citation 'peyre2019computational' on page 206 undefined on input
 line 837.


LaTeX Warning: Reference `eq:ot' on page 1 undefined on input line 851.


LaTeX Warning: Citation 'mikami2008optimal' on page 206 undefined on input line
 885.


LaTeX Warning: Citation 'peyre2019computational' on page 206 undefined on input
 line 885.


Overfull \hbox (93.75986pt too wide) in paragraph at lines 885--885
\T1/lmr/m/n/10.95 (-20) For a rig-or-ous proof, we re-fer to the lit-er-a-ture 
([]; []).
[206]

LaTeX Warning: Reference `eq:sb-epsilon-kinetic' on page 1 undefined on input l
ine 892.


LaTeX Warning: Reference `eq:bb-ot' on page 1 undefined on input line 892.


LaTeX Warning: Reference `thm:eot-ot' on page 207 undefined on input line 894.


LaTeX Warning: Reference `eq:bb-ot' on page 1 undefined on input line 929.


Underfull \vbox (badness 4217) has occurred while \output is active [207]

LaTeX Warning: Citation 'leonard2012schrodinger' on page 208 undefined on input
 line 929.


LaTeX Warning: Citation 'leonard2014survey' on page 208 undefined on input line
 929.


LaTeX Warning: Reference `eq:sb-epsilon-kinetic' on page 1 undefined on input l
ine 929.


LaTeX Warning: Reference `fig:ot-dm' on page 1 undefined on input line 931.

[208]

LaTeX Warning: Reference `eq:pde-schrodinger' on page 1 undefined on input line
 940.


LaTeX Warning: Reference `eq:pde-schrodinger' on page 1 undefined on input line
 948.


LaTeX Warning: Reference `eq:pde-schrodinger' on page 1 undefined on input line
 965.


LaTeX Warning: Reference `eq:sb-epsilon-general' on page 1 undefined on input l
ine 1006.

[209]

LaTeX Warning: Reference `eq:forward-linear-sde' on page 1 undefined on input l
ine 1046.


LaTeX Warning: Reference `subsec:rigorous-proof-linear-sde' on page 1 undefined
 on input line 1050.

[210]

LaTeX Warning: Citation 'de2021diffusion' on page 211 undefined on input line 1
063.


LaTeX Warning: Citation 'de2021diffusion' on page 211 undefined on input line 1
082.


LaTeX Warning: Citation 'shi2023dsbm' on page 211 undefined on input line 1086.



LaTeX Warning: Citation 'liu2024gsbm' on page 211 undefined on input line 1086.


[211] [212]

LaTeX Warning: Citation 'tanana2017comparison' on page 213 undefined on input l
ine 1102.


LaTeX Warning: Citation 'lavenant2022flow' on page 213 undefined on input line 
1110.

[213 <./Images/PartB/pfode_vs_ot_2d.pdf>]

LaTeX Warning: Citation 'lavenant2022flow' on page 214 undefined on input line 
1161.


LaTeX Warning: Citation 'lavenant2022flow' on page 214 undefined on input line 
1163.


LaTeX Warning: Citation 'lavenant2022flow' on page 214 undefined on input line 
1173.

[214]

LaTeX Warning: Citation 'lavenant2022flow' on page 215 undefined on input line 
1189.

[215]

LaTeX Warning: Reference `mdf@pagelabel-17' on page 216 undefined on input line
 1254.


LaTeX Warning: Reference `eq:necessary-ot' on page 1 undefined on input line 12
62.

[216]

LaTeX Warning: Reference `eq:ot' on page 1 undefined on input line 1290.


LaTeX Warning: Reference `eq:bb-ot' on page 1 undefined on input line 1290.


LaTeX Warning: Reference `eq: Monge's Formulation' on page 1 undefined on input
 line 1298.


LaTeX Warning: Reference `eq:monge-ampere' on page 1 undefined on input line 13
00.


LaTeX Warning: Citation 'liu2022rectified' on page 217 undefined on input line 
1308.


LaTeX Warning: Citation 'lipman2024flow' on page 217 undefined on input line 13
08.


Overfull \hbox (48.9954pt too wide) in paragraph at lines 1308--1309
[]\T1/lmr/m/n/10.95 (-20) While solv-ing the Benamou-Brenier for-mu-la-tion is 
gen-er-ally in-tractable, [];

Underfull \vbox (badness 10000) has occurred while \output is active [217]

LaTeX Warning: Citation 'lipman2024flow' on page 218 undefined on input line 13
26.


Overfull \hbox (8.43483pt too wide) in paragraph at lines 1326--1326
\T1/lmr/m/n/10.95 (-20) tional prob-lem with the Euler-Lagrange equa-tion; we r
e-fer to ([])'s

LaTeX Warning: Citation 'liu2022flow' on page 218 undefined on input line 1338.



Overfull \vbox (11.74515pt too high) detected at line 1341
[218]

LaTeX Warning: Reference `eq:reflow-loss' on page 1 undefined on input line 135
0.


LaTeX Warning: Citation 'liu2022flow' on page 219 undefined on input line 1357.



LaTeX Warning: Citation 'liu2022rectified' on page 219 undefined on input line 
1361.


LaTeX Warning: Reference `eq:reflow-loss' on page 1 undefined on input line 136
1.


LaTeX Warning: Citation 'liu2022flow' on page 219 undefined on input line 1368.


[219]

LaTeX Warning: Citation 'hertrich2025relation' on page 220 undefined on input l
ine 1380.

[220]

LaTeX Warning: Reference `thm:brenier' on page 221 undefined on input line 1417
.


LaTeX Warning: Citation 'rosenblatt1952remarks' on page 221 undefined on input 
line 1419.


LaTeX Warning: Citation 'knothe1957contributions' on page 221 undefined on inpu
t line 1419.


LaTeX Warning: Citation 'dacorogna1990partial' on page 221 undefined on input l
ine 1421.

[221]) [222] (./Part-C-D-diagram.tex

LaTeX Warning: Reference `ch:score-sde' on page 223 undefined on input line 1.


LaTeX Warning: Reference `ch:guidance' on page 223 undefined on input line 1.


LaTeX Warning: Reference `ch:solvers' on page 223 undefined on input line 1.


LaTeX Warning: Reference `ch:distillation' on page 223 undefined on input line 
1.


LaTeX Warning: Reference `ch:fast-scratch' on page 223 undefined on input line 
1.

) (./Chapter-6-Guidance.tex [223]
Chapter 8.
[224]

LaTeX Warning: Reference `mdf@pagelabel-18' on page 225 undefined on input line
 46.


LaTeX Warning: Citation 'dhariwal2021diffusion' on page 225 undefined on input 
line 47.


LaTeX Warning: Citation 'ye2024tfg' on page 225 undefined on input line 47.

[225 <./Images/PartC/guidance.pdf>]

LaTeX Warning: Reference `eq:guidance_bayes' on page 1 undefined on input line 
49.


LaTeX Warning: Reference `eq:predictions-equivalence' on page 1 undefined on in
put line 56.


LaTeX Warning: Reference `sec:cg' on page 1 undefined on input line 60.


LaTeX Warning: Citation 'dhariwal2021diffusion' on page 226 undefined on input 
line 68.


LaTeX Warning: Reference `sec:cfg' on page 1 undefined on input line 69.


LaTeX Warning: Reference `subsec:tfg' on page 1 undefined on input line 82.

[226]

LaTeX Warning: Reference `eq:condition_prob_ode' on page 1 undefined on input l
ine 107.


LaTeX Warning: Reference `fig:guidance' on page 1 undefined on input line 114.


LaTeX Warning: Citation 'lai2023fp' on page 227 undefined on input line 163.


LaTeX Warning: Citation 'skreta2025feynman' on page 227 undefined on input line
 163.

[227]

LaTeX Warning: Citation 'radford2021learning' on page 228 undefined on input li
ne 185.


LaTeX Warning: Citation 'wallace2024diffusion' on page 228 undefined on input l
ine 229.


LaTeX Warning: Citation 'rafailov2023direct' on page 228 undefined on input lin
e 229.


LaTeX Warning: Reference `sec:rlhf-dpo' on page 1 undefined on input line 229.

[228]

LaTeX Warning: Citation 'dhariwal2021diffusion' on page 229 undefined on input 
line 357.

[229]

LaTeX Warning: Reference `eq:cg_omega' on page 1 undefined on input line 395.


LaTeX Warning: Reference `eq:condition_prob_ode' on page 1 undefined on input l
ine 400.

[230] [231]

LaTeX Warning: Citation 'ho2021classifier' on page 232 undefined on input line 
429.


LaTeX Warning: Reference `eq:cg_omega' on page 1 undefined on input line 433.

[232 <./Images/PartB/classifier_guidance_v2.pdf>]

LaTeX Warning: Reference `alg:cfg_training' on page 1 undefined on input line 4
55.


LaTeX Warning: Reference `alg:no_cfg_training' on page 1 undefined on input lin
e 455.


pdfTeX warning (ext4): destination with the same identifier (name{ALG@line.1}) 
has been already used, duplicate ignored
<to be read again> 
                   \relax 
l.463       \Repeat
                   
pdfTeX warning (ext4): destination with the same identifier (name{ALG@line.2}) 
has been already used, duplicate ignored
<to be read again> 
                   \relax 
l.464         \State
                     $\rvx \sim p_{\text{data}}(\rvx)$
pdfTeX warning (ext4): destination with the same identifier (name{ALG@line.3}) 
has been already used, duplicate ignored
<to be read again> 
                   \relax 
l.465         \State
                     $t \sim \mathcal{U}[0, T]$
pdfTeX warning (ext4): destination with the same identifier (name{ALG@line.4}) 
has been already used, duplicate ignored
<to be read again> 
                   \relax 
l.466         \State
                     $\bm{\epsilon} \sim \mathcal{N}(\mathbf{0}, \mathbf{I})$
pdfTeX warning (ext4): destination with the same identifier (name{ALG@line.5}) 
has been already used, duplicate ignored
<to be read again> 
                   \relax 
l.467         \State
                     $\rvx_t = \alpha_t \rvx + \sigma_t \bm{\epsilon}$
pdfTeX warning (ext4): destination with the same identifier (name{ALG@line.6}) 
has been already used, duplicate ignored
<to be read again> 
                   \relax 
l.468         \State
                     Take gradient step on:
pdfTeX warning (ext4): destination with the same identifier (name{ALG@line.7}) 
has been already used, duplicate ignored
<to be read again> 
                   \relax 
l.470       \Until
                  {converged}
Underfull \hbox (badness 4479) in paragraph at lines 481--482
[][]$\OML/lmm/m/it/10 p[]$\T1/lmr/m/n/10 (+20) : prob. of un-con-di-tional

pdfTeX warning (ext4): destination with the same identifier (name{ALG@line.1}) 
has been already used, duplicate ignored
<to be read again> 
                   \relax 
l.482       \Repeat
                   
pdfTeX warning (ext4): destination with the same identifier (name{ALG@line.2}) 
has been already used, duplicate ignored
<to be read again> 
                   \relax 
l.483         \State
                     \textcolor{orange}{$(\rvx, \rvc) \sim p_{\text{data}}(\...

pdfTeX warning (ext4): destination with the same identifier (name{ALG@line.3}) 
has been already used, duplicate ignored
<to be read again> 
                   \relax 
l.484         \State
                     \textcolor{orange}{$\rvc \gets \emptyset$ with prob. $p...

pdfTeX warning (ext4): destination with the same identifier (name{ALG@line.4}) 
has been already used, duplicate ignored
<to be read again> 
                   \relax 
l.485         \State
                     $t \sim \mathcal{U}[0, T]$
pdfTeX warning (ext4): destination with the same identifier (name{ALG@line.5}) 
has been already used, duplicate ignored
<to be read again> 
                   \relax 
l.486         \State
                     $\bm{\epsilon} \sim \mathcal{N}(\mathbf{0}, \mathbf{I})$
pdfTeX warning (ext4): destination with the same identifier (name{ALG@line.6}) 
has been already used, duplicate ignored
<to be read again> 
                   \relax 
l.487         \State
                     $\rvx_t = \alpha_t \rvx + \sigma_t \bm{\epsilon}$
pdfTeX warning (ext4): destination with the same identifier (name{ALG@line.7}) 
has been already used, duplicate ignored
<to be read again> 
                   \relax 
l.488         \State
                     Take gradient step on:
pdfTeX warning (ext4): destination with the same identifier (name{ALG@line.8}) 
has been already used, duplicate ignored
<to be read again> 
                   \relax 
l.490       \Until
                  {converged}

LaTeX Warning: Reference `alg:cfg_training' on page 233 undefined on input line
 499.


Underfull \vbox (badness 1824) has occurred while \output is active [233]

LaTeX Warning: Reference `eq:sde_backward' on page 1 undefined on input line 50
7.


LaTeX Warning: Reference `eq:fp_general' on page 1 undefined on input line 507.



LaTeX Warning: Reference `eq:condition_prob_ode' on page 1 undefined on input l
ine 507.

[234]

LaTeX Warning: Citation 'chung2023diffusion' on page 235 undefined on input lin
e 532.


LaTeX Warning: Citation 'ye2024tfg' on page 235 undefined on input line 532.


LaTeX Warning: Citation 'he2024manifold' on page 235 undefined on input line 53
2.


LaTeX Warning: Citation 'bansal2023universal' on page 235 undefined on input li
ne 532.


LaTeX Warning: Reference `eq:guidance_bayes' on page 1 undefined on input line 
532.


LaTeX Warning: Reference `subsec:tfg' on page 1 undefined on input line 532.


LaTeX Warning: Reference `subsec:inverse-problem' on page 1 undefined on input 
line 532.


Overfull \hbox (17.19904pt too wide) in paragraph at lines 532--533
\T1/lmr/m/n/10.95 (-20) training-free guid-ance meth-ods ([]; []; [];

LaTeX Warning: Citation 'radford2021learning' on page 235 undefined on input li
ne 539.


LaTeX Warning: Reference `eq:ddim-update-all' on page 1 undefined on input line
 544.


LaTeX Warning: Citation 'ye2024tfg' on page 235 undefined on input line 553.


LaTeX Warning: Reference `eq:ddim-update-clean-noise-guide' on page 1 undefined
 on input line 553.

[235]

LaTeX Warning: Citation 'he2023manifold' on page 236 undefined on input line 57
3.


LaTeX Warning: Citation 'bansal2023universal' on page 236 undefined on input li
ne 573.


Overfull \hbox (80.40561pt too wide) in paragraph at lines 573--574
[]\T1/lmr/m/n/10.95 (-20) Representative ex-am-ples in-clude MGPD ([]) and UGD 
([]). 

LaTeX Warning: Reference `sec:prologue-guidance' on page 1 undefined on input l
ine 590.


Overfull \hbox (16.08969pt too wide) in paragraph at lines 590--591
[] []\T1/lmss/bx/n/10.95 (-20) B. Guid-ance in Noise Space.[] \T1/lmr/m/n/10.95
 (-20) As dis-cussed in [], the con-di-tional score $\OMS/lmsy/m/n/10.95 r[] []
 \OML/lmm/m/it/10.95 p[]\OT1/lmr/m/n/10.95 (-20) (\OT1/lmr/bx/n/10.95 (-20) c\O
MS/lmsy/m/n/10.95 j\OT1/lmr/bx/n/10.95 (-20) x[]\OT1/lmr/m/n/10.95 (-20) )$

LaTeX Warning: Citation 'yu2023freedom' on page 236 undefined on input line 622
.


LaTeX Warning: Citation 'chung2022diffusion' on page 236 undefined on input lin
e 622.


LaTeX Warning: Citation 'bansal2023universal' on page 236 undefined on input li
ne 622.


LaTeX Warning: Reference `subsec:tfg' on page 1 undefined on input line 628.

[236]

LaTeX Warning: Reference `eq:inverse_problem' on page 1 undefined on input line
 648.


LaTeX Warning: Citation 'daras2024survey' on page 237 undefined on input line 6
54.

[237]

LaTeX Warning: Citation 'song2020score' on page 238 undefined on input line 671
.


LaTeX Warning: Citation 'choi2021ilvr' on page 238 undefined on input line 680.



LaTeX Warning: Citation 'chung2022diffusion' on page 238 undefined on input lin
e 685.


LaTeX Warning: Reference `eq:tweedie' on page 1 undefined on input line 691.

[238]

LaTeX Warning: Citation 'daras2024survey' on page 239 undefined on input line 7
21.


LaTeX Warning: Reference `eq:bayes_rule' on page 1 undefined on input line 726.



LaTeX Warning: Citation 'delbracio2023inversion' on page 239 undefined on input
 line 728.

[239] [240] [241]

LaTeX Warning: Citation 'rafailov2023direct' on page 242 undefined on input lin
e 826.


LaTeX Warning: Citation 'wallace2024diffusion' on page 242 undefined on input l
ine 826.


LaTeX Warning: Citation 'schulman2017proximal' on page 242 undefined on input l
ine 830.


LaTeX Warning: Reference `subsec:rlhf-bradley-terry' on page 1 undefined on inp
ut line 839.


LaTeX Warning: Reference `subsec:dpo' on page 1 undefined on input line 839.


LaTeX Warning: Reference `subsec:diffusion-dpo' on page 1 undefined on input li
ne 839.

[242]

LaTeX Warning: Reference `eq:rm-emp' on page 1 undefined on input line 859.


LaTeX Warning: Citation 'bradley1952rank' on page 243 undefined on input line 8
74.


Package fancyhdr Warning: \headheight is too small (14.4pt): 
(fancyhdr)                Make it at least 26.32425pt, for example:
(fancyhdr)                \setlength{\headheight}{26.32425pt}.
(fancyhdr)                You might also make \topmargin smaller:
(fancyhdr)                \addtolength{\topmargin}{-11.92426pt}.

[243]

LaTeX Warning: Reference `eq:rm-emp' on page 1 undefined on input line 896.


LaTeX Warning: Reference `eq:rm-bt' on page 1 undefined on input line 911.


LaTeX Warning: Reference `eq:rm-bt' on page 1 undefined on input line 914.


LaTeX Warning: Reference `eq:rm-bt' on page 1 undefined on input line 926.


LaTeX Warning: Reference `eq:rm-bt' on page 1 undefined on input line 928.


LaTeX Warning: Reference `eq:reward_loss' on page 1 undefined on input line 928
.


LaTeX Warning: Reference `eq:rlhf-policy-correct' on page 1 undefined on input 
line 928.

[244]

Package fancyhdr Warning: \headheight is too small (14.4pt): 
(fancyhdr)                Make it at least 26.32425pt, for example:
(fancyhdr)                \setlength{\headheight}{26.32425pt}.
(fancyhdr)                You might also make \topmargin smaller:
(fancyhdr)                \addtolength{\topmargin}{-11.92426pt}.

[245]

LaTeX Warning: Reference `eq:rlhf-policy-correct' on page 1 undefined on input 
line 1058.


LaTeX Warning: Citation 'peters2010relative' on page 246 undefined on input lin
e 1058.


Overfull \hbox (13.97963pt too wide) in paragraph at lines 1063--1065
\T1/lmr/m/n/10.95 (-20) where $\OML/lmm/m/it/10.95 ^^Y[]\OT1/lmr/m/n/10.95 (-20
) (\OT1/lmr/bx/n/10.95 (-20) x\OMS/lmsy/m/n/10.95 j\OT1/lmr/bx/n/10.95 (-20) c\
OT1/lmr/m/n/10.95 (-20) ) := \OML/lmm/m/it/10.95 p[]\OT1/lmr/m/n/10.95 (-20) (\
OT1/lmr/bx/n/10.95 (-20) x\OMS/lmsy/m/n/10.95 j\OT1/lmr/bx/n/10.95 (-20) c\OT1/
lmr/m/n/10.95 (-20) )$\T1/lmr/m/n/10.95 (-20) , and $\OML/lmm/m/it/10.95 Z\OT1/
lmr/m/n/10.95 (-20) (\OT1/lmr/bx/n/10.95 (-20) c\OT1/lmr/m/n/10.95 (-20) )$ \T1
/lmr/m/n/10.95 (-20) is the par-ti-tion func-tion en-sur-ing $[] \OML/lmm/m/it/
10.95 ^^Y[]\OT1/lmr/m/n/10.95 (-20) (\OT1/lmr/bx/n/10.95 (-20) x\OMS/lmsy/m/n/1
0.95 j\OT1/lmr/bx/n/10.95 (-20) c\OT1/lmr/m/n/10.95 (-20) ) []  d\OT1/lmr/bx/n/
10.95 (-20) x \OT1/lmr/m/n/10.95 (-20) =

LaTeX Warning: Reference `eq:rlhf-closed-form' on page 1 undefined on input lin
e 1068.


LaTeX Warning: Reference `eq:rlhf-closed-form' on page 1 undefined on input lin
e 1069.


LaTeX Warning: Reference `eq:rlhf-closed-form' on page 1 undefined on input lin
e 1070.


LaTeX Warning: Reference `eq:rlhf-closed-form' on page 1 undefined on input lin
e 1077.


LaTeX Warning: Reference `eq:rlhf-policy-correct' on page 1 undefined on input 
line 1077.


LaTeX Warning: Reference `eq:implicit-reward' on page 1 undefined on input line
 1091.


LaTeX Warning: Reference `eq:rm-bt' on page 1 undefined on input line 1091.

[246]

LaTeX Warning: Reference `eq:score-sde-likelihood' on page 1 undefined on input
 line 1123.


LaTeX Warning: Reference `eq:rlhf-policy-correct' on page 1 undefined on input 
line 1129.


LaTeX Warning: Reference `eq:path-closed-form' on page 1 undefined on input lin
e 1146.


Package fancyhdr Warning: \headheight is too small (14.4pt): 
(fancyhdr)                Make it at least 26.32425pt, for example:
(fancyhdr)                \setlength{\headheight}{26.32425pt}.
(fancyhdr)                You might also make \topmargin smaller:
(fancyhdr)                \addtolength{\topmargin}{-11.92426pt}.

[247]

LaTeX Warning: Reference `eq:diffusion-dpo' on page 1 undefined on input line 1
178.


LaTeX Warning: Reference `eq:diffusion-dpo' on page 1 undefined on input line 1
200.

[248]

LaTeX Warning: Reference `eq:dpo-path-bound' on page 1 undefined on input line 
1262.


Package fancyhdr Warning: \headheight is too small (14.4pt): 
(fancyhdr)                Make it at least 26.32425pt, for example:
(fancyhdr)                \setlength{\headheight}{26.32425pt}.
(fancyhdr)                You might also make \topmargin smaller:
(fancyhdr)                \addtolength{\topmargin}{-11.92426pt}.

[249]

LaTeX Warning: Reference `mdf@pagelabel-19' on page 250 undefined on input line
 1321.

[250]

Package fancyhdr Warning: \headheight is too small (14.4pt): 
(fancyhdr)                Make it at least 26.32425pt, for example:
(fancyhdr)                \setlength{\headheight}{26.32425pt}.
(fancyhdr)                You might also make \topmargin smaller:
(fancyhdr)                \addtolength{\topmargin}{-11.92426pt}.

[251]) (./Chapter-7-Sophisticated-Solvers-for-Fast-Sampling.tex [252]
Chapter 9.

LaTeX Warning: Reference `app:de' on page 1 undefined on input line 4.


LaTeX Warning: Reference `ch:fast-scratch' on page 1 undefined on input line 7.



LaTeX Warning: Reference `ch:distillation' on page 1 undefined on input line 7.



LaTeX Warning: Citation 'xu2023restart' on page 253 undefined on input line 9.

[253]

LaTeX Warning: Citation 'song2020score' on page 254 undefined on input line 22.



LaTeX Warning: Citation 'sohl2015deep' on page 254 undefined on input line 22.


LaTeX Warning: Citation 'ho2020denoising' on page 254 undefined on input line 2
2.


LaTeX Warning: Reference `sec:equivalent-parametrizations' on page 1 undefined 
on input line 24.


Overfull \hbox (8.45221pt too wide) in paragraph at lines 24--26
[]\T1/lmr/m/n/10.95 (-20) Concretely, sup-pose we have a pre-trained dif-fu-sio
n model $\OT1/lmr/bx/n/10.95 (-20) s[]\OT1/lmr/m/n/10.95 (-20) (\OT1/lmr/bx/n/1
0.95 (-20) x\OML/lmm/m/it/10.95 ; t\OT1/lmr/m/n/10.95 (-20) ) \OMS/lmsy/m/n/10.
95 ^^Y r[] [] \OML/lmm/m/it/10.95 p[]\OT1/lmr/m/n/10.95 (-20) (\OT1/lmr/bx/n/10
.95 (-20) x\OT1/lmr/m/n/10.95 (-20) )$

LaTeX Warning: Reference `eq:flow-map-def' on page 1 undefined on input line 46
.

[254]

LaTeX Warning: Citation 'zhang2022fast' on page 255 undefined on input line 79.



LaTeX Warning: Citation 'zhang2023gddim' on page 255 undefined on input line 79
.


LaTeX Warning: Citation 'song2020score' on page 255 undefined on input line 82.



LaTeX Warning: Reference `eq:variation_of_constants' on page 1 undefined on inp
ut line 95.


LaTeX Warning: Citation 'hochbruck2005explicit' on page 255 undefined on input 
line 95.


LaTeX Warning: Citation 'hochbruck2010exponential' on page 255 undefined on inp
ut line 95.


Overfull \hbox (11.797pt too wide) in paragraph at lines 94--96
\T1/lmr/m/n/10.95 (-20) vates spe-cial-ized in-te-gra-tors (see dis-cus-sion ne
ar [] be-low) ([];

LaTeX Warning: Citation 'kim2022soft' on page 255 undefined on input line 102.


LaTeX Warning: Reference `eq:predictions-equivalence' on page 1 undefined on in
put line 106.


LaTeX Warning: Reference `eq:kernel-sde-equiv' on page 1 undefined on input lin
e 113.

[255]

LaTeX Warning: Reference `eq:clean_pf_ode' on page 1 undefined on input line 14
1.


LaTeX Warning: Reference `eq:noise_pf_ode' on page 1 undefined on input line 15
2.


LaTeX Warning: Reference `eq:variation_of_constants' on page 1 undefined on inp
ut line 152.


LaTeX Warning: Reference `eq:noise_pf_ode' on page 1 undefined on input line 15
5.

[256]

LaTeX Warning: Reference `mdf@pagelabel-20' on page 257 undefined on input line
 187.


LaTeX Warning: Reference `app:exp-int-factor' on page 1 undefined on input line
 188.


LaTeX Warning: Reference `eq:variation_of_constants' on page 1 undefined on inp
ut line 190.


LaTeX Warning: Reference `eq:noise_pf_ode' on page 1 undefined on input line 19
0.


LaTeX Warning: Reference `eq:variation_of_constants' on page 1 undefined on inp
ut line 190.


LaTeX Warning: Reference `eq:noise_pf_ode' on page 1 undefined on input line 19
8.


LaTeX Warning: Reference `eq:euler-step' on page 1 undefined on input line 206.



LaTeX Warning: Reference `eq:exp-euler-step' on page 1 undefined on input line 
206.


LaTeX Warning: Reference `sec:revisit-ddim' on page 1 undefined on input line 2
22.


LaTeX Warning: Reference `subsec:pf-ode' on page 1 undefined on input line 222.



LaTeX Warning: Reference `eq:variation_of_constants' on page 1 undefined on inp
ut line 222.


LaTeX Warning: Reference `eq:exp-euler-step' on page 1 undefined on input line 
222.

[257]

LaTeX Warning: Citation 'zhang2022fast' on page 258 undefined on input line 225
.


LaTeX Warning: Reference `sec:exponential' on page 1 undefined on input line 22
5.


LaTeX Warning: Citation 'lu2022dpm' on page 258 undefined on input line 236.


LaTeX Warning: Reference `sec:dpm' on page 1 undefined on input line 236.


LaTeX Warning: Citation 'lu2022dpm2' on page 258 undefined on input line 236.


LaTeX Warning: Reference `sec:dpm++' on page 1 undefined on input line 236.


Overfull \hbox (13.43492pt too wide) in paragraph at lines 236--237
\T1/lmr/m/n/10.95 (-20) fam-ily, in-clud-ing DPM-Solver ([]) ([]), and DPM-Solv
er\T1/lmtt/m/n/10.95 ++ \T1/lmr/m/n/10.95 (-20) ([])

LaTeX Warning: Reference `eq:analytic_solution' on page 1 undefined on input li
ne 244.

[258]

LaTeX Warning: Reference `sec:picard' on page 1 undefined on input line 260.


LaTeX Warning: Citation 'shih2023parallel' on page 259 undefined on input line 
260.


LaTeX Warning: Reference `sec:equivalent-parametrizations' on page 1 undefined 
on input line 282.


LaTeX Warning: Reference `eq:clean_pf_ode' on page 1 undefined on input line 29
1.

[259] [260]

LaTeX Warning: Reference `subsec:pf-ode-different-para' on page 1 undefined on 
input line 298.


LaTeX Warning: Reference `eq:variation_of_constants' on page 1 undefined on inp
ut line 298.


LaTeX Warning: Reference `subsec:ddim' on page 1 undefined on input line 300.


LaTeX Warning: Reference `subsec:ddim-cfm' on page 1 undefined on input line 30
0.


LaTeX Warning: Reference `eq:variation_of_constants' on page 1 undefined on inp
ut line 308.


LaTeX Warning: Reference `eq:exp-euler-step' on page 1 undefined on input line 
312.


LaTeX Warning: Reference `eq:ddim-g-sigma' on page 1 undefined on input line 34
5.


LaTeX Warning: Reference `eq:variation_of_constants' on page 1 undefined on inp
ut line 345.


LaTeX Warning: Reference `eq:kernel-sde-equiv' on page 1 undefined on input lin
e 345.

[261]

LaTeX Warning: Reference `eq:predictions-equivalence' on page 1 undefined on in
put line 350.


Underfull \vbox (badness 10000) has occurred while \output is active [262]

LaTeX Warning: Reference `eq:ddim-update-all' on page 1 undefined on input line
 379.


LaTeX Warning: Reference `pf-ode-para' on page 263 undefined on input line 384.



LaTeX Warning: Reference `eq:predictions-equivalence' on page 1 undefined on in
put line 404.


LaTeX Warning: Reference `eq:ddim-update-all' on page 1 undefined on input line
 405.


LaTeX Warning: Reference `eq:ddim-update-all' on page 1 undefined on input line
 405.


LaTeX Warning: Reference `eq:general-semilinear-pfode' on page 1 undefined on i
nput line 429.


LaTeX Warning: Reference `eq:euler-step' on page 1 undefined on input line 430.


[263]

LaTeX Warning: Reference `subsec:concept-why-v-affine' on page 1 undefined on i
nput line 435.


Underfull \vbox (badness 10000) has occurred while \output is active [264 <./Im
ages/PartB/Euler.pdf>]

LaTeX Warning: Reference `eq:ddim-update-all' on page 1 undefined on input line
 454.


LaTeX Warning: Citation 'karras2022elucidating' on page 265 undefined on input 
line 455.

[265]

LaTeX Warning: Reference `eq:predictions-equivalence' on page 1 undefined on in
put line 527.

[266] [267]

LaTeX Warning: Reference `eq:ddim-reverse-kernel-def' on page 1 undefined on in
put line 737.

[268]

LaTeX Warning: Reference `mdf@pagelabel-21' on page 269 undefined on input line
 743.


Overfull \hbox (5.26273pt too wide) in paragraph at lines 744--746
\T1/lmr/m/n/10.95 (-20) This con-struc-tion re-moves any de-pen-dence on the fo
r-ward one-step ker-nel $\OML/lmm/m/it/10.95 p\OT1/lmr/m/n/10.95 (-20) (\OT1/lm
r/bx/n/10.95 (-20) x[]\OMS/lmsy/m/n/10.95 j\OT1/lmr/bx/n/10.95 (-20) x[]\OT1/lm
r/m/n/10.95 (-20) )$

LaTeX Warning: Reference `eq:ddim-reverse-kernel-def' on page 1 undefined on in
put line 763.


LaTeX Warning: Reference `eq:ddim-reverse-kernel-param' on page 1 undefined on 
input line 765.

[269]

LaTeX Warning: Reference `eq:ddim-derivation' on page 1 undefined on input line
 781.


LaTeX Warning: Reference `eq:ddim-coefficients' on page 1 undefined on input li
ne 796.


LaTeX Warning: Reference `eq:ddim-reverse-kernel-param' on page 1 undefined on 
input line 796.


LaTeX Warning: Reference `eq:ddim-reverse-kernel-result' on page 1 undefined on
 input line 805.


LaTeX Warning: Reference `eq:ddim-reverse-kernel-param' on page 1 undefined on 
input line 815.


LaTeX Warning: Reference `eq:ddim-reverse-kernel-def' on page 1 undefined on in
put line 815.


LaTeX Warning: Reference `eq:ddim-coefficients' on page 1 undefined on input li
ne 815.


LaTeX Warning: Reference `eq:eta-ddim' on page 1 undefined on input line 838.

[270]

LaTeX Warning: Reference `eq:ddim-reverse-kernel-def' on page 1 undefined on in
put line 844.


LaTeX Warning: Reference `eq:ddim-reverse-kernel-result' on page 1 undefined on
 input line 853.


LaTeX Warning: Reference `eq:ddim-reverse-kernel-result' on page 1 undefined on
 input line 862.


LaTeX Warning: Reference `mdf@pagelabel-22' on page 271 undefined on input line
 872.


LaTeX Warning: Reference `eq:ddpm-sampling' on page 1 undefined on input line 8
99.

[271]

LaTeX Warning: Reference `eq:ddim-reverse-kernel-def' on page 1 undefined on in
put line 928.


LaTeX Warning: Reference `eq:ddim-derivation' on page 1 undefined on input line
 945.


LaTeX Warning: Reference `eq:ddim-reverse-kernel-param' on page 1 undefined on 
input line 945.

[272]

LaTeX Warning: Reference `eq:ddim-update-all' on page 1 undefined on input line
 983.

[273]

LaTeX Warning: Reference `eq:variation_of_constants' on page 1 undefined on inp
ut line 1266.


LaTeX Warning: Citation 'zhang2022fast' on page 274 undefined on input line 128
9.


LaTeX Warning: Citation 'iserles2009first' on page 274 undefined on input line 
1292.


LaTeX Warning: Reference `eq:variation_of_constants' on page 1 undefined on inp
ut line 1293.


LaTeX Warning: Reference `subsec:poly-extrapolation' on page 1 undefined on inp
ut line 1297.


LaTeX Warning: Reference `subsec:deis-lagrange' on page 1 undefined on input li
ne 1297.


LaTeX Warning: Reference `sec:ddim-deis' on page 1 undefined on input line 1297
.

[274]

LaTeX Warning: Reference `eq:variation_of_constants' on page 1 undefined on inp
ut line 1378.

[275]
Underfull \vbox (badness 10000) has occurred while \output is active [276 <./Im
ages/PartC/DEIS.pdf>]

LaTeX Warning: Reference `eq:variation_of_constants' on page 1 undefined on inp
ut line 1442.


LaTeX Warning: Citation 'hochbruck2010exponential' on page 277 undefined on inp
ut line 1463.

[277]
Overfull \hbox (26.71896pt too wide) in paragraph at lines 1486--1490
\T1/lmr/m/n/10.95 (-20) where $\OML/lmm/m/it/10.95 `[]$ \T1/lmr/m/n/10.95 (-20)
 is the La-grange ba-sis of de-gree $\OML/lmm/m/it/10.95 i[]\OT1/lmr/m/n/10.95 
(-20) 1$ \T1/lmr/m/n/10.95 (-20) built on the nodes at time $\OMS/lmsy/m/n/10.9
5 f\OML/lmm/m/it/10.95 t[]; t[]; [] ; t[]\OMS/lmsy/m/n/10.95 g$\T1/lmr/m/n/10.9
5 (-20) .

LaTeX Warning: Citation 'hochbruck2010exponential' on page 278 undefined on inp
ut line 1524.

[278]

LaTeX Warning: Reference `mdf@pagelabel-23' on page 279 undefined on input line
 1540.


LaTeX Warning: Reference `eq:deis-0' on page 1 undefined on input line 1565.


LaTeX Warning: Reference `eq:ddim-euler' on page 1 undefined on input line 1565
.

[279]

LaTeX Warning: Citation 'lu2022dpm' on page 280 undefined on input line 1576.


LaTeX Warning: Citation 'lu2022dpm2' on page 280 undefined on input line 1576.


LaTeX Warning: Citation 'zheng2023dpm' on page 280 undefined on input line 1576
.


LaTeX Warning: Reference `sec:cfg' on page 1 undefined on input line 1576.


LaTeX Warning: Citation 'lu2022dpm' on page 280 undefined on input line 1576.


LaTeX Warning: Reference `sec:dpm++' on page 1 undefined on input line 1576.


Overfull \hbox (54.29033pt too wide) in paragraph at lines 1576--1577
\T1/lmr/m/n/10.95 (-20) The DPM-Solver fam-ily, in-clud-ing DPM-Solver ([]), DP
M-Solver\T1/lmtt/m/n/10.95 ++ \T1/lmr/m/n/10.95 (-20) ([]),

LaTeX Warning: Reference `eq:exp-int-factor' on page 1 undefined on input line 
1579.


LaTeX Warning: Citation 'kingma2021variational' on page 280 undefined on input 
line 1595.

[280]

LaTeX Warning: Reference `eq:noise-alpha-sigma' on page 1 undefined on input li
ne 1618.


LaTeX Warning: Reference `eq:noise-alpha-sigma' on page 1 undefined on input li
ne 1640.


LaTeX Warning: Reference `eq:noise-alpha-sigma' on page 1 undefined on input li
ne 1640.


LaTeX Warning: Reference `eq:diffusion_ode_lambda_eps' on page 1 undefined on i
nput line 1640.


LaTeX Warning: Reference `eq:diffusion_ode_lambda_eps' on page 1 undefined on i
nput line 1640.


LaTeX Warning: Reference `eq:analytic_solution' on page 1 undefined on input li
ne 1640.

[281]

LaTeX Warning: Reference `mdf@pagelabel-24' on page 282 undefined on input line
 1655.


Overfull \hbox (7.00385pt too wide) in paragraph at lines 1659--1660
[] []\T1/lmss/bx/n/10.95 (-20) In-tu-ition of Why Repa-ram-e-ter-ize Time?[] \T
1/lmr/m/n/10.95 (-20) For strictly mono-tone $\OML/lmm/m/it/10.95 ^^U\OT1/lmr/m
/n/10.95 (-20) (\OML/lmm/m/it/10.95 t\OT1/lmr/m/n/10.95 (-20) )$\T1/lmr/m/n/10.
95 (-20) , the first^^Uorder

LaTeX Warning: Citation 'karras2022elucidating' on page 282 undefined on input 
line 1682.


LaTeX Warning: Reference `sec:edm' on page 1 undefined on input line 1682.


LaTeX Warning: Reference `sec:summary-solver' on page 1 undefined on input line
 1701.

[282]

LaTeX Warning: Reference `eq:analytic_solution' on page 1 undefined on input li
ne 1705.


LaTeX Warning: Reference `eqn:analytic_solution_each_step' on page 1 undefined 
on input line 1715.


LaTeX Warning: Reference `eqn:analytic_solution_each_step' on page 1 undefined 
on input line 1728.


LaTeX Warning: Reference `mdf@pagelabel-25' on page 283 undefined on input line
 1741.


LaTeX Warning: Reference `eq:k-th-expansion' on page 1 undefined on input line 
1756.


LaTeX Warning: Reference `ddim-dpm' on page 283 undefined on input line 1756.

[283]

LaTeX Warning: Citation 'lu2022dpm' on page 284 undefined on input line 1758.


LaTeX Warning: Citation 'hochbruck2005explicit' on page 284 undefined on input 
line 1767.


LaTeX Warning: Citation 'luan2021efficient' on page 284 undefined on input line
 1767.


LaTeX Warning: Reference `eq:variation_of_constants' on page 1 undefined on inp
ut line 1774.

[284]

LaTeX Warning: Citation 'atkinson2009numerical' on page 285 undefined on input 
line 1803.


LaTeX Warning: Citation 'lu2022dpm' on page 285 undefined on input line 1803.


LaTeX Warning: Reference `alg:dpm-solver-2' on page 1 undefined on input line 1
826.


LaTeX Warning: Reference `eq:dpm-solver-2-app' on page 1 undefined on input lin
e 1827.


pdfTeX warning (ext4): destination with the same identifier (name{ALG@line.1}) 
has been already used, duplicate ignored
<to be read again> 
                   \relax 
l.1833         \State
                      $\tilde\rvx_{t_0}\gets\rvx_T$
pdfTeX warning (ext4): destination with the same identifier (name{ALG@line.2}) 
has been already used, duplicate ignored
<to be read again> 
                   \relax 
l.1834         \For
                   {$i\gets 1$ to $M$}
pdfTeX warning (ext4): destination with the same identifier (name{ALG@line.3}) 
has been already used, duplicate ignored
<to be read again> 
                   \relax 
l.1835         \State
                      $h_i \gets \lambda_{t_i} - \lambda_{t_{i-1}}$
pdfTeX warning (ext4): destination with the same identifier (name{ALG@line.4}) 
has been already used, duplicate ignored
<to be read again> 
                   \relax 
l.1836         \State
                      $s_{i}^{\text{mid}} \gets t_{\lambda}\left(\tfrac{\lam...

pdfTeX warning (ext4): destination with the same identifier (name{ALG@line.5}) 
has been already used, duplicate ignored
<to be read again> 
                   \relax 
l.1837         \State
                     
pdfTeX warning (ext4): destination with the same identifier (name{ALG@line.6}) 
has been already used, duplicate ignored
<to be read again> 
                   \relax 
l.1839     \State
                   $\tilde\rvx_{t_{i}} \gets \tfrac{\alpha_{t_{i}}}{\alpha_{...

pdfTeX warning (ext4): destination with the same identifier (name{ALG@line.7}) 
has been already used, duplicate ignored
<to be read again> 
                   \relax 
l.1840         \EndFor
                      
pdfTeX warning (ext4): destination with the same identifier (name{ALG@line.8}) 
has been already used, duplicate ignored
<to be read again> 
                   \relax 
l.1841         \State
                      \Return $\tilde\rvx_{t_M}$
Underfull \vbox (badness 10000) has occurred while \output is active [285]

LaTeX Warning: Reference `eq:dpm-solver-2-app' on page 1 undefined on input lin
e 1860.


LaTeX Warning: Reference `eq:dpm-solver-2-app' on page 1 undefined on input lin
e 1860.


LaTeX Warning: Citation 'lu2022dpm' on page 286 undefined on input line 1873.


Underfull \vbox (badness 10000) has occurred while \output is active [286]

LaTeX Warning: Citation 'ho2020denoising' on page 287 undefined on input line 1
877.


LaTeX Warning: Citation 'song2020score' on page 287 undefined on input line 187
7.


LaTeX Warning: Citation 'lu2022dpm' on page 287 undefined on input line 1878.


LaTeX Warning: Reference `alg:dpm-solver-2' on page 1 undefined on input line 1
887.


LaTeX Warning: Reference `eq:ddim-euler' on page 1 undefined on input line 1911
.


LaTeX Warning: Reference `eq:dpm-1' on page 1 undefined on input line 1911.


LaTeX Warning: Reference `eq:ddim-euler' on page 1 undefined on input line 1911
.


LaTeX Warning: Reference `eq:dpm-1' on page 1 undefined on input line 1911.

[287]

LaTeX Warning: Reference `eq:prob_ode_sub' on page 1 undefined on input line 19
16.


LaTeX Warning: Reference `subsec:ddim-different-para' on page 1 undefined on in
put line 1924.


LaTeX Warning: Reference `app:de-solver' on page 1 undefined on input line 1935
.


LaTeX Warning: Reference `eq:clean_pf_ode' on page 1 undefined on input line 19
48.


LaTeX Warning: Reference `eq:euler-step' on page 1 undefined on input line 1953
.


LaTeX Warning: Reference `eq:exp-euler-step' on page 1 undefined on input line 
1953.

[288]
Underfull \vbox (badness 2005) has occurred while \output is active [289 <./Ima
ges/PartC/Heun.pdf>]

LaTeX Warning: Reference `eq:heun-logsnr' on page 1 undefined on input line 202
6.


LaTeX Warning: Reference `eq:heun-logsnr' on page 1 undefined on input line 204
4.


LaTeX Warning: Reference `eq:exp-heun-logsnr' on page 1 undefined on input line
 2062.


LaTeX Warning: Reference `eq:heun-logsnr' on page 1 undefined on input line 206
4.

[290]

LaTeX Warning: Reference `eq:diffusion_ode_lambda_eps' on page 1 undefined on i
nput line 2076.


LaTeX Warning: Reference `eq:exp-heun-logsnr' on page 1 undefined on input line
 2085.


LaTeX Warning: Reference `alg:dpm-solver-2' on page 1 undefined on input line 2
086.


LaTeX Warning: Reference `eq:exp-heun-logsnr' on page 1 undefined on input line
 2091.

[291]

LaTeX Warning: Reference `ch:guidance' on page 1 undefined on input line 2118.


LaTeX Warning: Citation 'lu2022dpm2' on page 292 undefined on input line 2120.


LaTeX Warning: Citation 'saharia2022photorealistic' on page 292 undefined on in
put line 2127.


Overfull \hbox (63.64836pt too wide) in paragraph at lines 2127--2128
[]\T1/lmr/m/n/10.95 (-20) applying thresh-old-ing meth-ods (e.g., dy-namic thre
sh-old-ing ([]))

LaTeX Warning: Reference `eq:predictions-equivalence' on page 1 undefined on in
put line 2130.


LaTeX Warning: Reference `eq:analytic_solution' on page 1 undefined on input li
ne 2134.


LaTeX Warning: Reference `eq:change-of-var-x-epsilon' on page 1 undefined on in
put line 2148.


LaTeX Warning: Reference `subsec:dpm-solver++-single' on page 1 undefined on in
put line 2158.

[292]

LaTeX Warning: Reference `subsec:dpm-solver++-multi' on page 1 undefined on inp
ut line 2159.


LaTeX Warning: Reference `subsec:dpm-n-method' on page 1 undefined on input lin
e 2164.


LaTeX Warning: Reference `eq:analytic_expansion' on page 1 undefined on input l
ine 2175.


LaTeX Warning: Reference `alg:dpm-solver-2' on page 1 undefined on input line 2
185.


LaTeX Warning: Reference `alg:dpmpp-2s-mid' on page 1 undefined on input line 2
185.


pdfTeX warning (ext4): destination with the same identifier (name{ALG@line.1}) 
has been already used, duplicate ignored
<to be read again> 
                   \relax 
l.2192     \State
                  $\tilde\rvx_{t_0}\gets\rvx_T$;\quad $\lambda_{t_i}\gets \l...

pdfTeX warning (ext4): destination with the same identifier (name{ALG@line.2}) 
has been already used, duplicate ignored
<to be read again> 
                   \relax 
l.2193     \State
                  $\hat\rvx_0 \gets \hat{\rvx}_{\bphi^\times}(\tilde\rvx_{t_...

pdfTeX warning (ext4): destination with the same identifier (name{ALG@line.3}) 
has been already used, duplicate ignored
<to be read again> 
                   \relax 
l.2194     \For
               {$i\gets 1$ \textbf{to} $M$}
pdfTeX warning (ext4): destination with the same identifier (name{ALG@line.4}) 
has been already used, duplicate ignored
<to be read again> 
                   \relax 
l.2195         \State
                      $h_i \gets \lambda_{t_i}-\lambda_{t_{i-1}}$;\quad $s_i...

pdfTeX warning (ext4): destination with the same identifier (name{ALG@line.5}) 
has been already used, duplicate ignored
<to be read again> 
                   \relax 
l.2196         \State
                      $\rvu_i \gets \tfrac{\sigma_{s_i^{\text{mid}}}}{\sigma...

pdfTeX warning (ext4): destination with the same identifier (name{ALG@line.6}) 
has been already used, duplicate ignored
<to be read again> 
                   \relax 
l.2198         \State
                      $\rmD_i^{\mathrm{mid}} \gets \hat{\rvx}_{\bphi^\times}...

pdfTeX warning (ext4): destination with the same identifier (name{ALG@line.7}) 
has been already used, duplicate ignored
<to be read again> 
                   \relax 
l.2199         \State
                      $\tilde\rvx_{t_i} \gets \tfrac{\sigma_{t_i}}{\sigma_{t...

pdfTeX warning (ext4): destination with the same identifier (name{ALG@line.8}) 
has been already used, duplicate ignored
<to be read again> 
                   \relax 
l.2201         \State
                      $\hat\rvx_i \gets \hat{\rvx}_{\bphi^\times}(\tilde\rvx...

pdfTeX warning (ext4): destination with the same identifier (name{ALG@line.9}) 
has been already used, duplicate ignored
<to be read again> 
                   \relax 
l.2202     \EndFor
                  
Underfull \vbox (badness 3312) has occurred while \output is active [293]
[294] [295]

LaTeX Warning: Reference `mdf@pagelabel-26' on page 296 undefined on input line
 2319.


pdfTeX warning (ext4): destination with the same identifier (name{ALG@line.1}) 
has been already used, duplicate ignored
<to be read again> 
                   \relax 
l.2372     \State
                  $\tilde\rvx_{t_0}\gets\rvx_T$;\quad $\lambda_{t_i}\gets \l...

pdfTeX warning (ext4): destination with the same identifier (name{ALG@line.2}) 
has been already used, duplicate ignored
<to be read again> 
                   \relax 
l.2373     \State
                  $\hat\rvx_0 \gets \hat{\rvx}_{\bphi^\times}(\tilde\rvx_{t_...

pdfTeX warning (ext4): destination with the same identifier (name{ALG@line.3}) 
has been already used, duplicate ignored
<to be read again> 
                   \relax 
l.2375     \State
                  $\tilde\rvx_{t_1} \gets \tfrac{\sigma_{t_1}}{\sigma_{t_0}}...

pdfTeX warning (ext4): destination with the same identifier (name{ALG@line.4}) 
has been already used, duplicate ignored
<to be read again> 
                   \relax 
l.2377     \State
                  $\hat\rvx_1 \gets \hat{\rvx}_{\bphi^\times}(\tilde\rvx_{t_...

pdfTeX warning (ext4): destination with the same identifier (name{ALG@line.5}) 
has been already used, duplicate ignored
<to be read again> 
                   \relax 
l.2379     \For
               {$i\gets 2$ \textbf{to} $M$}
pdfTeX warning (ext4): destination with the same identifier (name{ALG@line.6}) 
has been already used, duplicate ignored
<to be read again> 
                   \relax 
l.2380         \State
                      $r_i \gets h_i/h_{i-1}$ \Comment step ratio
pdfTeX warning (ext4): destination with the same identifier (name{ALG@line.7}) 
has been already used, duplicate ignored
<to be read again> 
                   \relax 
l.2381         \State
                      $\rmD_i^{\mathrm{sim}} \gets \Big(1+\tfrac12 r_i\Big)\...

pdfTeX warning (ext4): destination with the same identifier (name{ALG@line.8}) 
has been already used, duplicate ignored
<to be read again> 
                   \relax 
l.2382         \State
                      $\tilde\rvx_{t_i} \gets \tfrac{\sigma_{t_i}}{\sigma_{t...

pdfTeX warning (ext4): destination with the same identifier (name{ALG@line.9}) 
has been already used, duplicate ignored
<to be read again> 
                   \relax 
l.2384         \State
                      $\hat\rvx_i \gets \hat{\rvx}_{\bphi^\times}(\tilde\rvx...

pdfTeX warning (ext4): destination with the same identifier (name{ALG@line.10})
 has been already used, duplicate ignored
<to be read again> 
                   \relax 
l.2385     \EndFor
                   [296]

LaTeX Warning: Citation 'zheng2023dpm' on page 297 undefined on input line 2391
.


LaTeX Warning: Reference `ch:score-sde' on page 1 undefined on input line 2393.



LaTeX Warning: Reference `sec:SMLD' on page 1 undefined on input line 2393.


LaTeX Warning: Citation 'zhao2023unipc' on page 297 undefined on input line 239
3.

[297] [298]

LaTeX Warning: Reference `tb:pfode-vs-numerics' on page 299 undefined on input 
line 2409.


LaTeX Warning: Reference `eq:variation_of_constants' on page 1 undefined on inp
ut line 2415.


LaTeX Warning: Reference `alg:dpm-solver-2' on page 1 undefined on input line 2
415.


LaTeX Warning: Reference `eq:variation_of_constants' on page 1 undefined on inp
ut line 2415.


LaTeX Warning: Reference `alg:dpm-solver-2' on page 1 undefined on input line 2
415.


LaTeX Warning: Reference `tb:pfode-vs-numerics' on page 1 undefined on input li
ne 2448.


LaTeX Warning: Reference `subsec:ddim=dpm-solver-1' on page 1 undefined on inpu
t line 2449.


LaTeX Warning: Reference `sec:ddim-deis' on page 1 undefined on input line 2449
.


LaTeX Warning: Reference `subsec:ddim-different-para' on page 1 undefined on in
put line 2449.


LaTeX Warning: Reference `subsec:dpm-heun' on page 1 undefined on input line 24
59.

[299]

LaTeX Warning: Reference `tb:deis-dpm++' on page 1 undefined on input line 2539
.

[300] [301]

LaTeX Warning: Citation 'shih2023parallel' on page 302 undefined on input line 
3086.


LaTeX Warning: Citation 'shih2023parallel' on page 302 undefined on input line 
3086.


Overfull \hbox (5.70105pt too wide) in paragraph at lines 3108--3109
[]\T1/lmr/m/n/10.95 (-20) In this sec-tion, we turn to the \T1/lmr/m/it/10.95 (
-20) time^^Uparallel \T1/lmr/m/n/10.95 (-20) ap-proach, ex-em-pli-fied by \T1/l
mr/m/it/10.95 (-20) ParaDiGMS\T1/lmr/m/n/10.95 (-20) ,

LaTeX Warning: Reference `eq:picard_T_to_t' on page 1 undefined on input line 3
117.

[302]

LaTeX Warning: Reference `eq:picard_iter_T_to_t' on page 1 undefined on input l
ine 3160.


LaTeX Warning: Reference `eq:picard_iter_T_to_t' on page 1 undefined on input l
ine 3181.

[303]
Underfull \hbox (badness 1515) in paragraph at lines 3220--3220
\T1/lmr/m/n/9 (+20) ward, based on the er-ror

LaTeX Warning: Citation 'shih2023parallel' on page 304 undefined on input line 
3224.


LaTeX Warning: Reference `eq:discrete_picard_decreasing' on page 1 undefined on
 input line 3229.


Underfull \vbox (badness 1038) has occurred while \output is active [304 <./Ima
ges/PartC/paradigm-1.pdf> <./Images/PartC/paradigm-2.pdf

pdfTeX warning: pdflatex (file ./Images/PartC/paradigm-2.pdf): PDF inclusion: m
ultiple pdfs with page group included in a single page
> <./Images/PartC/paradigm-3.pdf

pdfTeX warning: pdflatex (file ./Images/PartC/paradigm-3.pdf): PDF inclusion: m
ultiple pdfs with page group included in a single page
>]

LaTeX Warning: Reference `eq:discrete_picard_decreasing' on page 1 undefined on
 input line 3255.


Overfull \hbox (19.12971pt too wide) in paragraph at lines 3261--3264
[] [] \T1/lmss/bx/n/10.95 (-20) Step 3. Progress Con-trol and Win-dow Ad-vance.
[] \T1/lmr/m/n/10.95 (-20) Hav-ing formed the left^^Uanchored

LaTeX Warning: Reference `alg:paradigms' on page 1 undefined on input line 3301
.


pdfTeX warning (ext4): destination with the same identifier (name{ALG@line.1}) 
has been already used, duplicate ignored
<to be read again> 
                   \relax 
l.3310     \State
                  $k \gets 0$, $\ell \gets 0$
pdfTeX warning (ext4): destination with the same identifier (name{ALG@line.2}) 
has been already used, duplicate ignored
<to be read again> 
                   \relax 
l.3311     \State
                  Sample $\rvx^{(0)}_0 \sim p_{\mathrm{prior}}$; set $\rvx^{...

pdfTeX warning (ext4): destination with the same identifier (name{ALG@line.3}) 
has been already used, duplicate ignored
<to be read again> 
                   \relax 
l.3312     \While
                 {$\ell < M$}
pdfTeX warning (ext4): destination with the same identifier (name{ALG@line.4}) 
has been already used, duplicate ignored
<to be read again> 
                   \relax 
l.3313       \State
                    $J \gets \min(p,  M-\ell)$   \Comment{current window len...

pdfTeX warning (ext4): destination with the same identifier (name{ALG@line.5}) 
has been already used, duplicate ignored
<to be read again> 
                   \relax 
l.3314       \State
                    \textbfs{Step 1: Parallel}
pdfTeX warning (ext4): destination with the same identifier (name{ALG@line.6}) 
has been already used, duplicate ignored
<to be read again> 
                   \relax 
l.3315       \State
                    For $i=0,\ldots,J-1$: $g_i \gets \rvv_{\bphi^\times} \bi...

pdfTeX warning (ext4): destination with the same identifier (name{ALG@line.7}) 
has been already used, duplicate ignored
<to be read again> 
                   \relax 
l.3317       \State
                    Compute prefix sums $S_j \gets \sum_{i=0}^{j} g_i$ for $...

pdfTeX warning (ext4): destination with the same identifier (name{ALG@line.8}) 
has been already used, duplicate ignored
<to be read again> 
                   \relax 
l.3319       \State
                    \textbfs{Step 2: Cumulative Updates}
pdfTeX warning (ext4): destination with the same identifier (name{ALG@line.9}) 
has been already used, duplicate ignored
<to be read again> 
                   \relax 
l.3320       \State
                    For $j=0,\ldots,J-1$: $\displaystyle \rvx^{(k+1)}_{\ell+...

LaTeX Warning: Reference `eq:window_update' on page 1 undefined on input line 3
321.


pdfTeX warning (ext4): destination with the same identifier (name{ALG@line.10})
 has been already used, duplicate ignored
<to be read again> 
                   \relax 
l.3322       \State
                    \textbfs{Step 3: Progress Control and Window Advance}
pdfTeX warning (ext4): destination with the same identifier (name{ALG@line.11})
 has been already used, duplicate ignored
<to be read again> 
                   \relax 
l.3323       \State
                    For $j=1,\ldots,J-1$: $\mathtt{error}_j \gets \big\|\rvx...

LaTeX Warning: Reference `eq:window_update' on page 1 undefined on input line 3
343.

[305]

LaTeX Warning: Reference `eq:window_update' on page 1 undefined on input line 3
357.

[306] [307]

LaTeX Warning: Reference `ch:distillation' on page 1 undefined on input line 33
96.


LaTeX Warning: Reference `ch:fast-scratch' on page 1 undefined on input line 33
97.

[308]) [309] (./Chapter-8-Post-Training-Methods-for-Fast-Sampling.tex
Chapter 10.
[310]

LaTeX Warning: Reference `subsec:four-equiv-para' on page 1 undefined on input 
line 24.


LaTeX Warning: Reference `subsec:sde-sample' on page 1 undefined on input line 
31.


LaTeX Warning: Citation 'luhman2021knowledge' on page 311 undefined on input li
ne 43.


LaTeX Warning: Citation 'ho2020denoising' on page 311 undefined on input line 4
3.


Underfull \hbox (badness 1502) in paragraph at lines 43--43
[][][]\T1/lmr/m/n/9 (+20) Chronologically, flow map level dis-til-la-tion, rep-
re-sented by \T1/lmr/m/it/9 (+20) Knowl-edge Dis-til-la-tion
[311]

LaTeX Warning: Reference `sec:VSD' on page 1 undefined on input line 63.


LaTeX Warning: Reference `eq:predictions-equivalence' on page 1 undefined on in
put line 68.


LaTeX Warning: Reference `ch:solvers' on page 1 undefined on input line 85.

[312]

LaTeX Warning: Citation 'luhman2021knowledge' on page 313 undefined on input li
ne 112.


LaTeX Warning: Reference `ch:guidance' on page 1 undefined on input line 127.


LaTeX Warning: Citation 'salimans2021progressive' on page 313 undefined on inpu
t line 133.


Overfull \hbox (67.97456pt too wide) in paragraph at lines 133--136
[] []\T1/lmss/bx/n/10.95 (-20) Pref-ace to Pro-gres-sive Dis-til-la-tion.[] \T1
/lmr/m/it/10.95 (-20) Pro-gres-sive Dis-til-la-tion \T1/lmr/m/n/10.95 (-20) (PD
) ([])
[313]

LaTeX Warning: Reference `eq:general-cm-loss' on page 1 undefined on input line
 184.


LaTeX Warning: Reference `app-sec:flow-map' on page 1 undefined on input line 1
94.


LaTeX Warning: Reference `eq:pd-local' on page 1 undefined on input line 198.


LaTeX Warning: Reference `eq:general-cm-loss' on page 1 undefined on input line
 202.


LaTeX Warning: Reference `ch:fast-scratch' on page 1 undefined on input line 20
2.

[314]

LaTeX Warning: Citation 'yin2024one' on page 315 undefined on input line 220.


LaTeX Warning: Citation 'yin2024improved' on page 315 undefined on input line 2
20.


LaTeX Warning: Citation 'pooledreamfusion' on page 315 undefined on input line 
221.


LaTeX Warning: Citation 'wang2023prolificdreamer' on page 315 undefined on inpu
t line 221.


LaTeX Warning: Citation 'luo2023diff' on page 315 undefined on input line 221.


LaTeX Warning: Citation 'lu2024simplifying' on page 315 undefined on input line
 221.


LaTeX Warning: Citation 'zhou2024score' on page 315 undefined on input line 222
.


Overfull \hbox (7.62932pt too wide) in paragraph at lines 219--226
\T1/lmr/m/n/10.95 (-20) dif-fer-ent names, in-clud-ing Dis-tri-bu-tional Match-
ing Dis-til-la-tion (DMD) ([];

LaTeX Warning: Reference `subsec:vsd-discussion' on page 1 undefined on input l
ine 249.


LaTeX Warning: Citation 'wang2023prolificdreamer' on page 315 undefined on inpu
t line 254.


LaTeX Warning: Reference `eq:vsd-grad' on page 1 undefined on input line 256.


LaTeX Warning: Reference `eq:vsd-forward' on page 1 undefined on input line 256
.

[315]

LaTeX Warning: Reference `eq:vsd-grad' on page 1 undefined on input line 298.


LaTeX Warning: Reference `app-sec:flow-map' on page 1 undefined on input line 2
98.


LaTeX Warning: Citation 'yin2024one' on page 316 undefined on input line 315.


LaTeX Warning: Citation 'yin2024improved' on page 316 undefined on input line 3
15.


LaTeX Warning: Citation 'pooledreamfusion' on page 316 undefined on input line 
315.


LaTeX Warning: Citation 'wang2023prolificdreamer' on page 316 undefined on inpu
t line 315.


LaTeX Warning: Citation 'luo2023diff' on page 316 undefined on input line 315.


LaTeX Warning: Citation 'lu2024simplifying' on page 316 undefined on input line
 315.


Overfull \hbox (93.93028pt too wide) in paragraph at lines 315--317
\T1/lmr/m/n/10.95 (-20) Existing works ([]; []; []; [];
[316]

LaTeX Warning: Reference `eq:vsd-grad' on page 1 undefined on input line 328.


LaTeX Warning: Reference `eq:vsd-grad' on page 1 undefined on input line 332.


LaTeX Warning: Reference `eq:vsd-grad' on page 1 undefined on input line 343.


LaTeX Warning: Reference `eq:f-div' on page 1 undefined on input line 356.


LaTeX Warning: Citation 'nowozin2016f' on page 317 undefined on input line 378.


[317]

LaTeX Warning: Reference `eq:vsd-grad' on page 1 undefined on input line 381.


LaTeX Warning: Citation 'wang2023prolificdreamer' on page 318 undefined on inpu
t line 397.


LaTeX Warning: Citation 'pooledreamfusion' on page 318 undefined on input line 
397.


Overfull \hbox (127.23346pt too wide) in paragraph at lines 397--400
[] []\T1/lmss/bx/n/10.95 (-20) VSD for 3D Gen-er-a-tion Us-ing Only a 2D pre--t
rained Dif-fu-sion Model.[] \T1/lmr/m/n/10.95 (-20) VSD ([]),

LaTeX Warning: Citation 'pooledreamfusion' on page 318 undefined on input line 
425.


LaTeX Warning: Reference `subsec:vsd-training' on page 1 undefined on input lin
e 426.

[318]

LaTeX Warning: Citation 'salimans2021progressive' on page 319 undefined on inpu
t line 438.


LaTeX Warning: Reference `subsec:pd-distillation' on page 1 undefined on input 
line 459.


LaTeX Warning: Reference `subsec:pd-training' on page 1 undefined on input line
 459.


LaTeX Warning: Reference `subsec:pd-guidance' on page 1 undefined on input line
 459.


Overfull \hbox (9.2261pt too wide) in paragraph at lines 464--465
\T1/lmr/m/n/10.95 (-20) In this sec-tion, we fix DDIM in the $\OT1/lmr/bx/n/10.
95 (-20) x$\T1/lmr/m/n/10.95 (-20) -prediction pa-ram-e-ter-i-za-tion as the ti
me^^Ustepping
[319 <./Images/PartD/PD.pdf>]

LaTeX Warning: Reference `eq:solver' on page 1 undefined on input line 478.


LaTeX Warning: Reference `eq:ddim-update-all' on page 1 undefined on input line
 520.

[320]

LaTeX Warning: Reference `eq:pd-optimization' on page 1 undefined on input line
 536.


LaTeX Warning: Reference `pd-ddim' on page 321 undefined on input line 548.


LaTeX Warning: Reference `eq:pd-optimization' on page 1 undefined on input line
 558.

[321]

LaTeX Warning: Reference `eq:general-cm-loss' on page 1 undefined on input line
 575.


LaTeX Warning: Reference `eq:semi-group' on page 1 undefined on input line 577.



LaTeX Warning: Reference `eq:pd-local' on page 1 undefined on input line 592.


LaTeX Warning: Reference `eq:general-cm-loss' on page 1 undefined on input line
 603.

[322]

LaTeX Warning: Reference `eq:pd-local' on page 1 undefined on input line 610.


LaTeX Warning: Reference `ch:solvers' on page 1 undefined on input line 621.


LaTeX Warning: Reference `eq:pd-local' on page 1 undefined on input line 623.


LaTeX Warning: Reference `eq:pd-local' on page 1 undefined on input line 627.


LaTeX Warning: Citation 'meng2023distillation' on page 323 undefined on input l
ine 763.


LaTeX Warning: Reference `eq:cfg-model-nn' on page 1 undefined on input line 77
4.

[323]

LaTeX Warning: Reference `subsec:pd-training' on page 1 undefined on input line
 800.

[324] [325]) (./Chapter-9-Learning-Fast-Generator-from-Scratch.tex
Chapter 11.

LaTeX Warning: Reference `ch:distillation' on page 1 undefined on input line 8.


[326] [327]

LaTeX Warning: Reference `sec:distillation-prologue' on page 328 undefined on i
nput line 63.


LaTeX Warning: Reference `sec:PD' on page 328 undefined on input line 63.


LaTeX Warning: Reference `sec:discrete-cm' on page 328 undefined on input line 
63.


LaTeX Warning: Reference `sec:CTM' on page 328 undefined on input line 63.


LaTeX Warning: Reference `sec:conti-cm' on page 328 undefined on input line 63.



LaTeX Warning: Reference `sec:MF' on page 328 undefined on input line 63.


LaTeX Warning: Reference `ch:distillation' on page 1 undefined on input line 75
.


LaTeX Warning: Reference `eq:general-cm-loss:rep' on page 1 undefined on input 
line 76.


LaTeX Warning: Citation 'boffi2024flow' on page 328 undefined on input line 104
.


LaTeX Warning: Citation 'hu2025cmt' on page 328 undefined on input line 104.


LaTeX Warning: Reference `eq:general-cm-loss' on page 328 undefined on input li
ne 111.


LaTeX Warning: Reference `mdf@pagelabel-27' on page 328 undefined on input line
 112.

[328]

LaTeX Warning: Reference `ch:all-equivalent' on page 1 undefined on input line 
129.


LaTeX Warning: Reference `ch:distillation' on page 1 undefined on input line 13
9.

[329 <./Images/PartD/flow-map.pdf>]

LaTeX Warning: Citation 'song2023consistency' on page 330 undefined on input li
ne 153.


Overfull \hbox (38.50114pt too wide) in paragraph at lines 153--155
[] []\T1/lmss/bx/n/10.95 (-20) Spe-cial Flow Map: Con-sis-tency Func-tions.[] \
T1/lmr/m/it/10.95 (-20) Con-sis-tency Mod-els \T1/lmr/m/n/10.95 (-20) ([])

LaTeX Warning: Citation 'song2023consistency' on page 330 undefined on input li
ne 159.


LaTeX Warning: Citation 'songimproved' on page 330 undefined on input line 159.



LaTeX Warning: Citation 'geng2024consistency' on page 330 undefined on input li
ne 159.


LaTeX Warning: Citation 'lu2024simplifying' on page 330 undefined on input line
 159.


LaTeX Warning: Citation 'kim2023consistency' on page 330 undefined on input lin
e 188.


LaTeX Warning: Reference `eq:general-cm-loss:rep' on page 1 undefined on input 
line 188.

[330]

LaTeX Warning: Citation 'geng2025mean' on page 331 undefined on input line 218.



LaTeX Warning: Reference `eq:general-cm-loss:rep' on page 1 undefined on input 
line 225.

[331]

LaTeX Warning: Reference `sec:discrete-cm' on page 1 undefined on input line 27
0.


LaTeX Warning: Reference `sec:conti-cm' on page 1 undefined on input line 271.


LaTeX Warning: Reference `sec:CTM' on page 1 undefined on input line 274.


LaTeX Warning: Reference `sec:MF' on page 1 undefined on input line 274.


LaTeX Warning: Reference `sec:edm' on page 1 undefined on input line 277.


LaTeX Warning: Reference `fig:timeline' on page 1 undefined on input line 285.

[332]

LaTeX Warning: Reference `sec:conti-cm' on page 1 undefined on input line 311.


LaTeX Warning: Reference `sec:discrete-cm' on page 1 undefined on input line 31
1.


LaTeX Warning: Reference `sec:CTM' on page 1 undefined on input line 311.


LaTeX Warning: Reference `mdf@pagelabel-28' on page 333 undefined on input line
 319.


LaTeX Warning: Reference `app:de' on page 1 undefined on input line 321.

[333 <./Images/PartD/semigroup.pdf>]

LaTeX Warning: Reference `eq:semi-group' on page 1 undefined on input line 333.



LaTeX Warning: Citation 'daras2023consistent' on page 334 undefined on input li
ne 376.


LaTeX Warning: Citation 'lai2023fp' on page 334 undefined on input line 376.


LaTeX Warning: Citation 'lai2023equivalence' on page 334 undefined on input lin
e 376.


LaTeX Warning: Reference `eq:semi-group' on page 1 undefined on input line 377.


[334]

LaTeX Warning: Reference `tb:consistency-methods' on page 1 undefined on input 
line 381.


LaTeX Warning: Reference `fig:cd-ct-loss-distill' on page 1 undefined on input 
line 381.


LaTeX Warning: Reference `sec:conti-cm' on page 1 undefined on input line 382.


LaTeX Warning: Reference `sec:discrete-cm' on page 1 undefined on input line 38
2.


LaTeX Warning: Reference `eq:cd-discrete-approx-N' on page 1 undefined on input
 line 397.


LaTeX Warning: Reference `eq:ct-discrete-approx-N' on page 1 undefined on input
 line 397.


LaTeX Warning: Reference `eq:cd-continuous-time' on page 1 undefined on input l
ine 397.


LaTeX Warning: Reference `eq:ct-continuous-time' on page 1 undefined on input l
ine 397.


LaTeX Warning: Reference `eq:oracle-cm' on page 1 undefined on input line 406.


LaTeX Warning: Citation 'song2023consistency' on page 335 undefined on input li
ne 414.

[335]

LaTeX Warning: Reference `mdf@pagelabel-29' on page 336 undefined on input line
 454.


LaTeX Warning: Reference `eq:ddim-update-all' on page 1 undefined on input line
 478.

[336]

LaTeX Warning: Reference `mdf@pagelabel-30' on page 337 undefined on input line
 511.


LaTeX Warning: Reference `sec:conditional-trick' on page 1 undefined on input l
ine 520.


Underfull \vbox (badness 10000) has occurred while \output is active [337]

LaTeX Warning: Reference `eq:one-pt-score' on page 1 undefined on input line 59
8.


LaTeX Warning: Reference `app-sec:flow-map' on page 1 undefined on input line 5
98.


LaTeX Warning: Citation 'song2023consistency' on page 338 undefined on input li
ne 606.


LaTeX Warning: Citation 'karras2022elucidating' on page 338 undefined on input 
line 607.


LaTeX Warning: Reference `sec:edm' on page 1 undefined on input line 607.


LaTeX Warning: Reference `eq:D-parametrization' on page 1 undefined on input li
ne 613.

[338]

LaTeX Warning: Reference `eq:edm-simple-coefficients' on page 1 undefined on in
put line 621.


LaTeX Warning: Reference `alg:cm_sampling' on page 1 undefined on input line 64
4.


pdfTeX warning (ext4): destination with the same identifier (name{ALG@line.1}) 
has been already used, duplicate ignored
<to be read again> 
                   \relax 
l.667         \If
                 {one-step}
pdfTeX warning (ext4): destination with the same identifier (name{ALG@line.2}) 
has been already used, duplicate ignored
<to be read again> 
                   \relax 
l.668             \State
                         $\rvx \leftarrow \rvf_{\bm{\theta}^\times}(\hat{\rv...

pdfTeX warning (ext4): destination with the same identifier (name{ALG@line.3}) 
has been already used, duplicate ignored
<to be read again> 
                   \relax 
l.669         \Else
                   
pdfTeX warning (ext4): destination with the same identifier (name{ALG@line.4}) 
has been already used, duplicate ignored
<to be read again> 
                   \relax 
l.670             \State
                         $\rvx \leftarrow \rvf_{\bm{\theta}^\times}(\hat{\rv...

pdfTeX warning (ext4): destination with the same identifier (name{ALG@line.5}) 
has been already used, duplicate ignored
<to be read again> 
                   \relax 
l.671             \For
                      {$m=1$ \textbf{to} $M-1$}
pdfTeX warning (ext4): destination with the same identifier (name{ALG@line.6}) 
has been already used, duplicate ignored
<to be read again> 
                   \relax 
l.672                 \State
                             Sample $\bm{\epsilon} \sim \mathcal{N}(\bm{0}, ...

pdfTeX warning (ext4): destination with the same identifier (name{ALG@line.7}) 
has been already used, duplicate ignored
<to be read again> 
                   \relax 
l.673                 \State
                             $\hat{\rvx}_{\tau_m} \leftarrow \alpha_{\tau_m}...

pdfTeX warning (ext4): destination with the same identifier (name{ALG@line.8}) 
has been already used, duplicate ignored
<to be read again> 
                   \relax 
l.674                 \State
                             $\rvx \leftarrow \rvf_{\bm{\theta}^\times}(\hat...

pdfTeX warning (ext4): destination with the same identifier (name{ALG@line.9}) 
has been already used, duplicate ignored
<to be read again> 
                   \relax 
l.675             \EndFor
                         
pdfTeX warning (ext4): destination with the same identifier (name{ALG@line.10})
 has been already used, duplicate ignored
<to be read again> 
                   \relax 
l.676         \EndIf
                     [339] [340]

LaTeX Warning: Reference `eq:cm-diff' on page 1 undefined on input line 757.


LaTeX Warning: Reference `sec:discrete-cm' on page 1 undefined on input line 77
8.


LaTeX Warning: Reference `eq:conti-ct-motivation' on page 1 undefined on input 
line 780.


LaTeX Warning: Citation 'raissi2018deep' on page 341 undefined on input line 78
0.


LaTeX Warning: Citation 'boffi2024flow' on page 341 undefined on input line 780
.


LaTeX Warning: Citation 'song2023consistency' on page 341 undefined on input li
ne 785.


LaTeX Warning: Citation 'lu2024simplifying' on page 341 undefined on input line
 785.


Overfull \hbox (14.70688pt too wide) in paragraph at lines 785--786
[]\T1/lmr/m/n/10.95 (-20) In prac-tice, how-ever, []; [] em-ploy teacher-
[341]

LaTeX Warning: Reference `eq:cm-discrete' on page 1 undefined on input line 798
.


LaTeX Warning: Reference `eq:ct-discrete-approx-N' on page 1 undefined on input
 line 800.


LaTeX Warning: Reference `eq:cd-discrete-approx-N' on page 1 undefined on input
 line 800.


LaTeX Warning: Reference `app-sec:flow-map' on page 1 undefined on input line 8
40.

[342]

LaTeX Warning: Reference `mdf@pagelabel-31' on page 343 undefined on input line
 855.


LaTeX Warning: Reference `subsec:approx-cm' on page 1 undefined on input line 8
59.


LaTeX Warning: Reference `eq:conti-ct-loss' on page 1 undefined on input line 8
61.


LaTeX Warning: Reference `subsec:cm-sampling' on page 1 undefined on input line
 868.


LaTeX Warning: Reference `eq:total-diff' on page 1 undefined on input line 874.



LaTeX Warning: Reference `continuous-time-ct' on page 343 undefined on input li
ne 884.


LaTeX Warning: Reference `eq:total-diff' on page 1 undefined on input line 899.



LaTeX Warning: Reference `continuous-time-ct' on page 343 undefined on input li
ne 910.


LaTeX Warning: Reference `tb:consistency-methods' on page 1 undefined on input 
line 923.


LaTeX Warning: Reference `fig:cd-ct-loss-distill' on page 1 undefined on input 
line 925.


LaTeX Warning: Reference `thm:ct-cm' on page 343 undefined on input line 1.


LaTeX Warning: Citation 'song2023consistency' on page 343 undefined on input li
ne 989.


LaTeX Warning: Reference `eq:conti-ct-loss' on page 1 undefined on input line 9
89.


LaTeX Warning: Reference `eq:cd-continuous-time' on page 1 undefined on input l
ine 989.


LaTeX Warning: Citation 'song2023consistency' on page 343 undefined on input li
ne 989.


LaTeX Warning: Reference `eq:conti-ct-loss' on page 1 undefined on input line 9
89.


LaTeX Warning: Reference `eq:cd-continuous-time' on page 1 undefined on input l
ine 989.


LaTeX Warning: Citation 'lu2024simplifying' on page 343 undefined on input line
 1000.

[343]

LaTeX Warning: Reference `eq:conti-ct-loss' on page 1 undefined on input line 1
011.


LaTeX Warning: Citation 'geng2025consistency' on page 344 undefined on input li
ne 1015.


LaTeX Warning: Citation 'lu2024simplifying' on page 344 undefined on input line
 1015.


LaTeX Warning: Reference `subsec:summary-disentagle' on page 1 undefined on inp
ut line 1016.


LaTeX Warning: Citation 'lu2024simplifying' on page 344 undefined on input line
 1027.


LaTeX Warning: Reference `eq:trig-para' on page 1 undefined on input line 1029.



LaTeX Warning: Reference `subsec:D-design-edm' on page 1 undefined on input lin
e 1033.

[344]

LaTeX Warning: Reference `eq:any-to-trig' on page 1 undefined on input line 104
2.


LaTeX Warning: Reference `subsec:D-design-edm' on page 1 undefined on input lin
e 1046.


LaTeX Warning: Citation 'lu2024simplifying' on page 345 undefined on input line
 1046.


LaTeX Warning: Reference `eq:D-parametrization' on page 1 undefined on input li
ne 1046.


Overfull \hbox (56.63602pt too wide) in paragraph at lines 1046--1047
[] []\T1/lmss/bx/n/10.95 (-20) Parametriza-tions.[] \T1/lmr/m/n/10.95 (-20) By 
con-sid-er-ing the anal-o-gous prin-ci-ples of EDM in [], []

LaTeX Warning: Reference `subsec:D-design-edm' on page 1 undefined on input lin
e 1050.


LaTeX Warning: Citation 'lu2024simplifying' on page 345 undefined on input line
 1050.


LaTeX Warning: Reference `eq:ds-decomposition' on page 1 undefined on input lin
e 1054.


LaTeX Warning: Reference `eq:trig-nn' on page 1 undefined on input line 1063.


LaTeX Warning: Reference `eq:conti-ct-loss' on page 1 undefined on input line 1
063.


LaTeX Warning: Reference `eq:conti-ct-loss-trig' on page 1 undefined on input l
ine 1067.


LaTeX Warning: Citation 'lu2024simplifying' on page 345 undefined on input line
 1067.

[345]

LaTeX Warning: Reference `eq:ds-decomposition' on page 1 undefined on input lin
e 1094.


LaTeX Warning: Citation 'lu2024simplifying' on page 346 undefined on input line
 1094.


Overfull \hbox (6.53564pt too wide) in paragraph at lines 1094--1095
[]\T1/lmss/bx/n/10.95 (-20) C. Time Em-bed-ding. \T1/lmr/m/n/10.95 (-20) In lig
ht of the deriva-tive chain in [], []

LaTeX Warning: Citation 'karras2024analyzing' on page 346 undefined on input li
ne 1099.


LaTeX Warning: Citation 'lu2024simplifying' on page 346 undefined on input line
 1099.


LaTeX Warning: Reference `eq:effect-adaptive-wgt' on page 1 undefined on input 
line 1099.

[346]

LaTeX Warning: Reference `eq:conti-ct-loss-trig' on page 1 undefined on input l
ine 1101.


LaTeX Warning: Reference `eq:conti-ct-loss-trig' on page 1 undefined on input l
ine 1105.


LaTeX Warning: Citation 'lu2024simplifying' on page 347 undefined on input line
 1110.


LaTeX Warning: Citation 'lu2024simplifying' on page 347 undefined on input line
 1120.


LaTeX Warning: Citation 'karras2022elucidating' on page 347 undefined on input 
line 1120.


LaTeX Warning: Reference `eq:s-dist' on page 1 undefined on input line 1140.


LaTeX Warning: Reference `eq:trig-scm' on page 1 undefined on input line 1140.


LaTeX Warning: Reference `alg:scm' on page 1 undefined on input line 1140.


pdfTeX warning (ext4): destination with the same identifier (name{ALG@line.1}) 
has been already used, duplicate ignored
<to be read again> 
                   \relax 
l.1148 \State
              \textbfs{Init:} $\bm{\theta} \gets \bm{\theta}_{\text{pretrain...

pdfTeX warning (ext4): destination with the same identifier (name{ALG@line.2}) 
has been already used, duplicate ignored
<to be read again> 
                   \relax 
l.1149 \Repeat
              
pdfTeX warning (ext4): destination with the same identifier (name{ALG@line.3}) 
has been already used, duplicate ignored
<to be read again> 
                   \relax 
l.1150     \State
                  $\rvx_0 \sim \mathcal{D}$, $\mathbf{z} \sim \mathcal{N}(\b...

pdfTeX warning (ext4): destination with the same identifier (name{ALG@line.4}) 
has been already used, duplicate ignored
<to be read again> 
                   \relax 
l.1151     \State
                  $\rvx_s \gets \cos(s) \rvx_0 + \sin(s) \mathbf{z}$
pdfTeX warning (ext4): destination with the same identifier (name{ALG@line.5}) 
has been already used, duplicate ignored
<to be read again> 
                   \relax 
l.1152     \If
              {consistency training}
pdfTeX warning (ext4): destination with the same identifier (name{ALG@line.6}) 
has been already used, duplicate ignored
<to be read again> 
                   \relax 
l.1153         \State
                      $\frac{\diff\rvx_s}{\diff s} \gets \cos(s) \mathbf{z} ...

pdfTeX warning (ext4): destination with the same identifier (name{ALG@line.7}) 
has been already used, duplicate ignored
<to be read again> 
                   \relax 
l.1154     \Else
                
pdfTeX warning (ext4): destination with the same identifier (name{ALG@line.8}) 
has been already used, duplicate ignored
<to be read again> 
                   \relax 
l.1155         \State
                      $\frac{\diff\rvx_s}{\diff s} \gets \sigma_{\mathrm{d}}...

pdfTeX warning (ext4): destination with the same identifier (name{ALG@line.9}) 
has been already used, duplicate ignored
<to be read again> 
                   \relax 
l.1156     \EndIf
                 
pdfTeX warning (ext4): destination with the same identifier (name{ALG@line.10})
 has been already used, duplicate ignored
<to be read again> 
                   \relax 
l.1157     \State
                  $r \gets \min\left(1, \frac{\text{Iters}}{H}\right)$ \hfil...

pdfTeX warning (ext4): destination with the same identifier (name{ALG@line.11})
 has been already used, duplicate ignored
<to be read again> 
                   \relax 
l.1158     \State
                  $\rvw \gets - \cos^2(s) (\sigma_{\mathrm{d}} \mathbf{F}_{\...

pdfTeX warning (ext4): destination with the same identifier (name{ALG@line.12})
 has been already used, duplicate ignored
<to be read again> 
                   \relax 
l.1159     \State
                  $\rvw \gets \frac{\rvw}{\|\rvw\| + c}$ \hfill \Comment{ Ta...

pdfTeX warning (ext4): destination with the same identifier (name{ALG@line.13})
 has been already used, duplicate ignored
<to be read again> 
                   \relax 
l.1160     \State
                  $\mathcal{L}_{\text{sCM}}(\bm{\theta}, \boldsymbol{\varphi...

pdfTeX warning (ext4): destination with the same identifier (name{ALG@line.14})
 has been already used, duplicate ignored
<to be read again> 
                   \relax 
l.1162     \State
                  $(\bm{\theta}, \boldsymbol{\varphi}) \gets (\bm{\theta}, \...

pdfTeX warning (ext4): destination with the same identifier (name{ALG@line.15})
 has been already used, duplicate ignored
<to be read again> 
                   \relax 
l.1163     \State
                  Iters $\gets$ Iters + 1
pdfTeX warning (ext4): destination with the same identifier (name{ALG@line.16})
 has been already used, duplicate ignored
<to be read again> 
                   \relax 
l.1164 \Until
             {convergence} [347] [348]

LaTeX Warning: Citation 'kim2023consistency' on page 349 undefined on input lin
e 1254.


LaTeX Warning: Citation 'karras2022elucidating' on page 349 undefined on input 
line 1259.


LaTeX Warning: Reference `sec:edm' on page 1 undefined on input line 1259.


LaTeX Warning: Reference `eq:ctm-formulation' on page 1 undefined on input line
 1275.

[349]

LaTeX Warning: Reference `eq:general-cm-loss:rep' on page 1 undefined on input 
line 1319.

[350]

LaTeX Warning: Reference `eq:ctm_para_1' on page 1 undefined on input line 1357
.


LaTeX Warning: Reference `subsec:ctm-consistency' on page 1 undefined on input 
line 1361.


LaTeX Warning: Reference `subsec:ctm-auxiliary' on page 1 undefined on input li
ne 1364.


LaTeX Warning: Reference `eq:ctm_para_1' on page 1 undefined on input line 1365
.


LaTeX Warning: Reference `eq:semi-group' on page 1 undefined on input line 1376
.


LaTeX Warning: Citation 'kim2023consistency' on page 351 undefined on input lin
e 1403.

[351]

LaTeX Warning: Reference `fig:ill_models' on page 1 undefined on input line 140
8.


LaTeX Warning: Reference `mdf@pagelabel-32' on page 352 undefined on input line
 1452.


LaTeX Warning: Reference `ctm-g-para' on page 352 undefined on input line 1458.


[352]

LaTeX Warning: Reference `eq:soft' on page 1 undefined on input line 1483.


LaTeX Warning: Reference `eq:ctm-consist-distill' on page 1 undefined on input 
line 1504.


LaTeX Warning: Reference `mdf@pagelabel-33' on page 353 undefined on input line
 1515.


LaTeX Warning: Citation 'kim2023consistency' on page 353 undefined on input lin
e 1528.


LaTeX Warning: Citation 'kim2023consistency' on page 353 undefined on input lin
e 1528.


LaTeX Warning: Citation 'goodfellow2014generative' on page 353 undefined on inp
ut line 1534.


Overfull \hbox (69.85025pt too wide) in paragraph at lines 1534--1535
\T1/lmr/m/n/10.95 (-20) tive with de-nois-ing score match-ing and an ad-ver-sar
-ial (GAN) term ([]),

LaTeX Warning: Reference `eq:fm-cfm' on page 1 undefined on input line 1537.

[353]

LaTeX Warning: Reference `eq:ctm_para_1' on page 1 undefined on input line 1573
.


LaTeX Warning: Reference `eq:ctm-consist-scratch' on page 1 undefined on input 
line 1576.


LaTeX Warning: Reference `eq:ctm-consist-distill' on page 1 undefined on input 
line 1576.


LaTeX Warning: Reference `eq:ctm-dsm' on page 1 undefined on input line 1577.

[354 <./Images/PartD/ctm-target.pdf>]

LaTeX Warning: Citation 'goodfellow2014generative' on page 355 undefined on inp
ut line 1593.


LaTeX Warning: Reference `mdf@pagelabel-34' on page 355 undefined on input line
 1605.


LaTeX Warning: Citation 'kim2024pagoda' on page 355 undefined on input line 161
0.


pdfTeX warning (ext4): destination with the same identifier (name{ALG@line.1}) 
has been already used, duplicate ignored
<to be read again> 
                   \relax 
l.1628     \State
                  Start from $\mathbf{x}_{\tau_{0}}\sim p_{\mathrm{prior}}=\...

pdfTeX warning (ext4): destination with the same identifier (name{ALG@line.2}) 
has been already used, duplicate ignored
<to be read again> 
                   \relax 
l.1629         \For
                   {$n=0$ to $M-1$}
pdfTeX warning (ext4): destination with the same identifier (name{ALG@line.3}) 
has been already used, duplicate ignored
<to be read again> 
                   \relax 
l.1630         \State
                      $\tilde{\tau}_{n+1}\leftarrow \sqrt{1-\gamma^{2}}\tau_...

pdfTeX warning (ext4): destination with the same identifier (name{ALG@line.4}) 
has been already used, duplicate ignored
<to be read again> 
                   \relax 
l.1631         \State
                      Denoise $\mathbf{x}_{\tilde{\tau}_{n+1}}\leftarrow \ma...

pdfTeX warning (ext4): destination with the same identifier (name{ALG@line.5}) 
has been already used, duplicate ignored
<to be read again> 
                   \relax 
l.1632         \State
                      Diffuse $\mathbf{x}_{\tau_{n+1}}\leftarrow\mathbf{x}_{...

pdfTeX warning (ext4): destination with the same identifier (name{ALG@line.6}) 
has been already used, duplicate ignored
<to be read again> 
                   \relax 
l.1633         \EndFor
                      
Underfull \vbox (badness 3460) has occurred while \output is active [355]

LaTeX Warning: Reference `alg:cm_sampling' on page 1 undefined on input line 16
40.


LaTeX Warning: Citation 'kim2023consistency' on page 356 undefined on input lin
e 1656.


LaTeX Warning: Citation 'kim2023consistency' on page 356 undefined on input lin
e 1656.


LaTeX Warning: Reference `fig:gamma_sampling' on page 1 undefined on input line
 1662.


LaTeX Warning: Reference `fig:gamma_sampling' on page 1 undefined on input line
 1664.

[356 <./Images/PartD/ctm_gamma.pdf>]

LaTeX Warning: Reference `fig:gamma_sampling' on page 1 undefined on input line
 1666.


LaTeX Warning: Reference `eq:f-div' on page 1 undefined on input line 1683.


LaTeX Warning: Citation 'kim2023consistency' on page 357 undefined on input lin
e 1683.

[357]

LaTeX Warning: Reference `eq:ctm_para_1' on page 1 undefined on input line 1696
.


LaTeX Warning: Reference `subsec:sde-sample' on page 1 undefined on input line 
1698.


LaTeX Warning: Reference `ch:solvers' on page 1 undefined on input line 1698.

[358]

LaTeX Warning: Citation 'geng2025mean' on page 359 undefined on input line 1710
.


LaTeX Warning: Reference `subsec:equivalence-ctm-mf' on page 1 undefined on inp
ut line 1735.


LaTeX Warning: Reference `eq:general-cm-loss:rep' on page 1 undefined on input 
line 1736.

[359]

LaTeX Warning: Reference `mdf@pagelabel-35' on page 360 undefined on input line
 1763.


LaTeX Warning: Reference `eq:mf-oracle' on page 1 undefined on input line 1818.



LaTeX Warning: Citation 'hu2025cmt' on page 360 undefined on input line 1818.

[360]

LaTeX Warning: Reference `eq:ctm_para_1' on page 1 undefined on input line 1830
.


LaTeX Warning: Reference `eq:ctm-g-oracle' on page 1 undefined on input line 18
30.


LaTeX Warning: Reference `eq:general-cm-loss:rep' on page 1 undefined on input 
line 1848.


LaTeX Warning: Reference `eq:ctm_para_1' on page 1 undefined on input line 1848
.

[361]

LaTeX Warning: Reference `eq:ctm-consist-scratch' on page 1 undefined on input 
line 1858.


LaTeX Warning: Reference `eq:ctm-dsm' on page 1 undefined on input line 1858.


LaTeX Warning: Reference `eq:mf-to-fm' on page 1 undefined on input line 1858.


LaTeX Warning: Reference `eq:mf-practice' on page 1 undefined on input line 185
8.


LaTeX Warning: Reference `eq:mf-to-fm' on page 1 undefined on input line 1858.


LaTeX Warning: Reference `ch:guidance' on page 1 undefined on input line 1870.


LaTeX Warning: Reference `eq:score-sde-likelihood' on page 1 undefined on input
 line 1870.


LaTeX Warning: Reference `ch:solvers' on page 1 undefined on input line 1870.

[362]

LaTeX Warning: Reference `sec:equivalent-parametrizations' on page 1 undefined 
on input line 1887.


LaTeX Warning: Reference `eq:mf-identity' on page 1 undefined on input line 188
9.

[363]

LaTeX Warning: Reference `eq:general-cm-loss:rep' on page 1 undefined on input 
line 1899.


LaTeX Warning: Reference `sec:distillation-prologue' on page 1 undefined on inp
ut line 1909.


LaTeX Warning: Reference `sec:PD' on page 1 undefined on input line 1909.


LaTeX Warning: Reference `sec:discrete-cm' on page 1 undefined on input line 19
09.


LaTeX Warning: Reference `sec:CTM' on page 1 undefined on input line 1910.


LaTeX Warning: Reference `sec:MF' on page 1 undefined on input line 1910.


LaTeX Warning: Citation 'boffi2024flow' on page 364 undefined on input line 191
3.


LaTeX Warning: Citation 'dieleman2026flowmaps' on page 364 undefined on input l
ine 1916.


LaTeX Warning: Reference `eq:semi-group' on page 1 undefined on input line 1924
.


LaTeX Warning: Reference `fig:semigroup' on page 1 undefined on input line 1930
.


LaTeX Warning: Citation 'dieleman2026flowmaps' on page 364 undefined on input l
ine 1960.

[364]

LaTeX Warning: Reference `eq:conti-ct-motivation' on page 1 undefined on input 
line 1996.


LaTeX Warning: Reference `sec:conti-cm' on page 1 undefined on input line 1997.



LaTeX Warning: Reference `sec:discrete-cm' on page 1 undefined on input line 19
97.


LaTeX Warning: Reference `subsec:equivalence-ctm-mf' on page 1 undefined on inp
ut line 2002.

[365 <./Images/PartD/lagrangian-1.pdf> <./Images/PartD/lagrangian-2.pdf

pdfTeX warning: pdflatex (file ./Images/PartD/lagrangian-2.pdf): PDF inclusion:
 multiple pdfs with page group included in a single page
>]

LaTeX Warning: Citation 'dieleman2026flowmaps' on page 366 undefined on input l
ine 2063.


LaTeX Warning: Citation 'boffi2024flow' on page 366 undefined on input line 206
8.

[366 <./Images/PartD/eulerian-1.pdf> <./Images/PartD/eulerian-2.pdf

pdfTeX warning: pdflatex (file ./Images/PartD/eulerian-2.pdf): PDF inclusion: m
ultiple pdfs with page group included in a single page
>]
Overfull \hbox (22.80934pt too wide) detected at line 2146
\OT1/lmr/bx/n/10.95 	[]\OT1/lmr/m/n/10.95 (\OT1/lmr/bx/n/10.95 x[]\OT1/lmr/m/n/
10.95 ) = \OT1/lmr/bx/n/10.95 	[]\OT1/lmr/m/n/10.95 (\OT1/lmr/bx/n/10.95 x[]\OT
1/lmr/m/n/10.95 ) \OMS/lmsy/m/n/10.95 ^^@ \OT1/lmr/m/n/10.95 ^^A\OML/lmm/m/it/1
0.95 s []@[]\OT1/lmr/bx/n/10.95 	[][]\OT1/lmr/m/n/10.95 (\OT1/lmr/bx/n/10.95 x[
]\OT1/lmr/m/n/10.95 )\OT1/lmr/bx/n/10.95 v[]\OT1/lmr/m/n/10.95 (\OT1/lmr/bx/n/1
0.95 x[]\OML/lmm/m/it/10.95 ; s\OT1/lmr/m/n/10.95 ) \OMS/lmsy/m/n/10.95 ^^@ \OT
1/lmr/m/n/10.95 ^^A\OML/lmm/m/it/10.95 s @[]\OT1/lmr/bx/n/10.95 	[]\OT1/lmr/m/n
/10.95 (\OT1/lmr/bx/n/10.95 x[]\OT1/lmr/m/n/10.95 ) + \OMS/lmsy/m/n/10.95 O[]\O
T1/lmr/m/n/10.95 (^^A\OML/lmm/m/it/10.95 s\OT1/lmr/m/n/10.95 )[][]\OML/lmm/m/it
/10.95 :
[367] [368]) [369] (./Chapter-10-Epilogue-and-Outlook.tex
Chapter 12.

LaTeX Warning: Reference `sec:epilogue-backbone' on page 1 undefined on input l
ine 5.


LaTeX Warning: Reference `sec:epilogue-discrete' on page 1 undefined on input l
ine 5.


LaTeX Warning: Reference `sec:epilogue-closing' on page 1 undefined on input li
ne 5.

[370]

LaTeX Warning: Reference `app:continuity' on page 1 undefined on input line 31.



LaTeX Warning: Citation 'lipman2024flow' on page 371 undefined on input line 65
.


LaTeX Warning: Citation 'lipman2024flow' on page 371 undefined on input line 65
.

[371] [372 <./Images/appendix/vector_field_only.pdf> <./Images/appendix/particl
e_cloud.pdf> <./Images/appendix/vector_field_with_density.pdf>] [373] [374]

LaTeX Warning: Citation 'richemond2022categorical' on page 375 undefined on inp
ut line 169.


LaTeX Warning: Citation 'li2022diffusionlm' on page 375 undefined on input line
 173.


LaTeX Warning: Citation 'dieleman2022continuous' on page 375 undefined on input
 line 173.

[375]

LaTeX Warning: Reference `subsec:epilogue-dtmc' on page 1 undefined on input li
ne 212.


LaTeX Warning: Reference `subsec:epilogue-ctmc' on page 1 undefined on input li
ne 213.


LaTeX Warning: Reference `subsec:epilogue-three-views' on page 1 undefined on i
nput line 215.


LaTeX Warning: Reference `subsec:epilogue-genuine-diff' on page 1 undefined on 
input line 217.


LaTeX Warning: Citation 'norris1998markov' on page 376 undefined on input line 
237.


LaTeX Warning: Citation 'kelly1979reversibility' on page 376 undefined on input
 line 237.


LaTeX Warning: Citation 'austin2021structured' on page 376 undefined on input l
ine 237.


LaTeX Warning: Citation 'sahoo2024simple' on page 376 undefined on input line 2
37.


LaTeX Warning: Citation 'lou2024discrete' on page 376 undefined on input line 2
37.

[376]
Underfull \vbox (badness 4316) has occurred while \output is active [377]
[378 <./Images/PartE/fig_notation_overview.pdf>]

LaTeX Warning: Reference `eq:cov-multi-layer-nolog' on page 1 undefined on inpu
t line 396.

[379]

LaTeX Warning: Reference `eq:discrete-reverse-kernel' on page 1 undefined on in
put line 420.


LaTeX Warning: Reference `subsec:cov-continuity-eq' on page 1 undefined on inpu
t line 444.

[380]

LaTeX Warning: Citation 'campbell2022continuous' on page 381 undefined on input
 line 458.


LaTeX Warning: Citation 'campbell2022continuous' on page 381 undefined on input
 line 458.

[381 <./Images/PartE/ctmc_trajectory.pdf>]

LaTeX Warning: Reference `eq:generator-expansion' on page 1 undefined on input 
line 510.


LaTeX Warning: Reference `mdf@pagelabel-36' on page 382 undefined on input line
 518.


LaTeX Warning: Citation 'norris1998markov' on page 382 undefined on input line 
520.


LaTeX Warning: Reference `eq:master-equation-vector' on page 1 undefined on inp
ut line 523.

[382] [383 <./Images/PartE/masked_vs_uniform_diffusion.pdf>] [384]

LaTeX Warning: Reference `ch:variational' on page 1 undefined on input line 660
.


LaTeX Warning: Reference `ch:score-sde' on page 1 undefined on input line 661.


LaTeX Warning: Reference `ch:score-based' on page 1 undefined on input line 661
.


LaTeX Warning: Reference `ch:flow-based' on page 1 undefined on input line 662.



LaTeX Warning: Reference `sec:ddpm' on page 1 undefined on input line 665.


LaTeX Warning: Reference `thm:equiv-marginal-kl' on page 385 undefined on input
 line 674.


LaTeX Warning: Reference `eq:ddpm-diffusion' on page 1 undefined on input line 
677.

[385]

LaTeX Warning: Reference `sec:ddpm' on page 1 undefined on input line 739.

[386]

LaTeX Warning: Citation 'hoogeboom2021argmax' on page 387 undefined on input li
ne 772.


LaTeX Warning: Citation 'austin2021structured' on page 387 undefined on input l
ine 772.


LaTeX Warning: Citation 'sahoo2024simple' on page 387 undefined on input line 7
76.


Overfull \hbox (3.32158pt too wide) in paragraph at lines 771--779
[]\T1/lmr/m/n/10.95 (-20) This clean-state parametriza-tion is com-mon in multi
nomial/D3PM-style discrete-

LaTeX Warning: Reference `ch:score-sde' on page 1 undefined on input line 781.


LaTeX Warning: Reference `ch:score-based' on page 1 undefined on input line 781
.

[387]

LaTeX Warning: Reference `mdf@pagelabel-37' on page 388 undefined on input line
 813.


LaTeX Warning: Citation 'kelly1979reversibility' on page 388 undefined on input
 line 828.


LaTeX Warning: Citation 'anderson2012continuous' on page 388 undefined on input
 line 828.


LaTeX Warning: Citation 'campbell2022continuous' on page 388 undefined on input
 line 829.


Overfull \hbox (32.75156pt too wide) in paragraph at lines 826--833
[]\T1/lmr/m/n/10.95 (-20) ), ap-plied to dis-crete dif-fu-sion by [].

LaTeX Warning: Reference `eq:reverse-rate-discrete' on page 1 undefined on inpu
t line 835.

[388]

LaTeX Warning: Reference `eq:reverse-rate-discrete' on page 1 undefined on inpu
t line 866.


LaTeX Warning: Citation 'lou2024discrete' on page 389 undefined on input line 8
69.


LaTeX Warning: Citation 'campbell2022continuous' on page 389 undefined on input
 line 872.


LaTeX Warning: Citation 'sun2023scorebased' on page 389 undefined on input line
 872.


LaTeX Warning: Citation 'meng2022concrete' on page 389 undefined on input line 
875.


LaTeX Warning: Reference `ch:flow-based' on page 1 undefined on input line 881.



LaTeX Warning: Reference `sec:flow-matching-framework' on page 1 undefined on i
nput line 886.


LaTeX Warning: Reference `subsec:fm-instantiations' on page 1 undefined on inpu
t line 895.

[389]

LaTeX Warning: Citation 'campbell2024generative' on page 390 undefined on input
 line 928.


LaTeX Warning: Citation 'gat2024discrete' on page 390 undefined on input line 9
29.


Overfull \hbox (18.87955pt too wide) in paragraph at lines 928--930
[]\T1/lmr/m/n/10.95 (-20) This per-spec-tive is de-vel-oped by [] and []
[390]
Underfull \hbox (badness 1742) in paragraph at lines 970--971
[]|\T1/lmr/m/n/7 (+20) Transition-matrix prop-a-ga-tion or mas-ter

Overfull \hbox (4.64502pt too wide) in paragraph at lines 951--1003
 [][] 
[391]

LaTeX Warning: Citation 'austin2021structured' on page 392 undefined on input l
ine 1028.

[392] [393]

LaTeX Warning: Citation 'lai2026unified' on page 394 undefined on input line 10
56.

) [394] (./A_Crash-Course-of-DE.tex [395]
Appendix A.
[396] [397 <./Images/PartE/discrete_vs_continuous_ode.pdf>]

LaTeX Warning: Reference `eq:general_ode' on page 1 undefined on input line 79.


[398]

LaTeX Warning: Reference `sec:picard' on page 1 undefined on input line 80.


LaTeX Warning: Citation 'reid1971ordinary' on page 399 undefined on input line 
97.


LaTeX Warning: Reference `eq:prob_ode_gt' on page 1 undefined on input line 100
.

[399] [400]

LaTeX Warning: Reference `ch:fast-scratch' on page 1 undefined on input line 14
5.


LaTeX Warning: Reference `ch:distillation' on page 1 undefined on input line 14
5.


LaTeX Warning: Reference `eq:prob_ode_gt' on page 1 undefined on input line 173
.


LaTeX Warning: Reference `ch:solvers' on page 1 undefined on input line 173.


LaTeX Warning: Reference `eq:semilinear-ode' on page 1 undefined on input line 
177.

[401]

LaTeX Warning: Reference `eq:exp-euler-step' on page 1 undefined on input line 
220.


LaTeX Warning: Reference `eq:euler-step' on page 1 undefined on input line 220.



LaTeX Warning: Reference `eq:general_ode' on page 1 undefined on input line 228
.

[402]

LaTeX Warning: Reference `eq:semilinear-ode' on page 1 undefined on input line 
239.


LaTeX Warning: Reference `eq:exp-int-factor-integration' on page 1 undefined on
 input line 239.


LaTeX Warning: Reference `ch:solvers' on page 1 undefined on input line 239.

[403]

LaTeX Warning: Reference `sec:dpm++' on page 1 undefined on input line 268.


LaTeX Warning: Reference `sec:exponential' on page 1 undefined on input line 26
8.


LaTeX Warning: Reference `sec:picard' on page 1 undefined on input line 272.


LaTeX Warning: Citation 'karras2022elucidating' on page 404 undefined on input 
line 288.


LaTeX Warning: Reference `sec:dpm++' on page 1 undefined on input line 288.


LaTeX Warning: Reference `sec:dpm' on page 1 undefined on input line 288.


LaTeX Warning: Citation 'lu2022dpm' on page 404 undefined on input line 299.

[404]

LaTeX Warning: Reference `eq:general_ode' on page 1 undefined on input line 313
.

[405]

LaTeX Warning: Reference `eq:ode' on page 1 undefined on input line 348.


LaTeX Warning: Reference `eq:euler-sde' on page 1 undefined on input line 368.

[406]

LaTeX Warning: Reference `eq:sde' on page 1 undefined on input line 398.


LaTeX Warning: Reference `eq:sde' on page 1 undefined on input line 399.


LaTeX Warning: Reference `subsec:rigorous-proof-linear-sde' on page 1 undefined
 on input line 410.

[407]

LaTeX Warning: Reference `app:Ito' on page 1 undefined on input line 427.


LaTeX Warning: Reference `eq:sde' on page 1 undefined on input line 441.


LaTeX Warning: Reference `eq:sde' on page 1 undefined on input line 447.


LaTeX Warning: Reference `eq:sde-integral-form' on page 1 undefined on input li
ne 447.

[408]

LaTeX Warning: Reference `eq:sde' on page 1 undefined on input line 450.


LaTeX Warning: Reference `eq:euler-sde' on page 1 undefined on input line 450.


LaTeX Warning: Reference `subsec:rigorous-proof-linear-sde' on page 1 undefined
 on input line 452.

) (./B_Continuity-Equation.tex [409]
Appendix B.

LaTeX Warning: Reference `sec:cov' on page 1 undefined on input line 5.


LaTeX Warning: Reference `fig:unified_framework_CoV' on page 1 undefined on inp
ut line 5.


LaTeX Warning: Reference `sec:intuition-continuity' on page 1 undefined on inpu
t line 7.

[410]

Package hyperref Warning: Token not allowed in a PDF string (Unicode):
(hyperref)                removing `\\' on input line 87.


LaTeX Warning: Reference `subsec:cov-det' on page 1 undefined on input line 89.



LaTeX Warning: Reference `subsec:cov-continuity-eq' on page 1 undefined on inpu
t line 89.


LaTeX Warning: Reference `subsec:cov-fpe' on page 1 undefined on input line 89.



Package fancyhdr Warning: \headheight is too small (14.4pt): 
(fancyhdr)                Make it at least 26.32425pt, for example:
(fancyhdr)                \setlength{\headheight}{26.32425pt}.
(fancyhdr)                You might also make \topmargin smaller:
(fancyhdr)                \addtolength{\topmargin}{-11.92426pt}.

[411]

LaTeX Warning: Reference `mdf@pagelabel-38' on page 412 undefined on input line
 115.

[412]

LaTeX Warning: Reference `eq:change-of-variable-density' on page 1 undefined on
 input line 155.


LaTeX Warning: Reference `eq:change-of-variable-density' on page 1 undefined on
 input line 166.


LaTeX Warning: Reference `eq:change-of-variable-density' on page 1 undefined on
 input line 190.


Package fancyhdr Warning: \headheight is too small (14.4pt): 
(fancyhdr)                Make it at least 26.32425pt, for example:
(fancyhdr)                \setlength{\headheight}{26.32425pt}.
(fancyhdr)                You might also make \topmargin smaller:
(fancyhdr)                \addtolength{\topmargin}{-11.92426pt}.

[413]
Overfull \hbox (13.12074pt too wide) detected at line 221
[]

LaTeX Warning: Reference `mdf@pagelabel-39' on page 414 undefined on input line
 248.

[414]

LaTeX Warning: Reference `eq:cov-multi-layer-nolog' on page 1 undefined on inpu
t line 257.


LaTeX Warning: Reference `subsec:NODE' on page 1 undefined on input line 257.


Package fancyhdr Warning: \headheight is too small (14.4pt): 
(fancyhdr)                Make it at least 26.32425pt, for example:
(fancyhdr)                \setlength{\headheight}{26.32425pt}.
(fancyhdr)                You might also make \topmargin smaller:
(fancyhdr)                \addtolength{\topmargin}{-11.92426pt}.

[415]

LaTeX Warning: Reference `app:de' on page 1 undefined on input line 280.


LaTeX Warning: Reference `eq:ode-f-continuity' on page 1 undefined on input lin
e 282.


LaTeX Warning: Reference `mdf@pagelabel-40' on page 416 undefined on input line
 310.


LaTeX Warning: Reference `eq:cov-multi-layer-nolog' on page 1 undefined on inpu
t line 317.


LaTeX Warning: Reference `eq:change-of-variable-density' on page 1 undefined on
 input line 317.

[416]

LaTeX Warning: Reference `eq:ode-f-continuity' on page 1 undefined on input lin
e 323.


LaTeX Warning: Reference `eq:change-of-variable-density' on page 1 undefined on
 input line 339.


LaTeX Warning: Reference `eq:log-density-diff' on page 1 undefined on input lin
e 373.


Package fancyhdr Warning: \headheight is too small (14.4pt): 
(fancyhdr)                Make it at least 26.32425pt, for example:
(fancyhdr)                \setlength{\headheight}{26.32425pt}.
(fancyhdr)                You might also make \topmargin smaller:
(fancyhdr)                \addtolength{\topmargin}{-11.92426pt}.

[417]

LaTeX Warning: Reference `eq:continuity-cov' on page 1 undefined on input line 
387.


LaTeX Warning: Reference `subsec:fm-instantiations' on page 1 undefined on inpu
t line 412.


LaTeX Warning: Reference `eq:continuity-cov' on page 1 undefined on input line 
422.

[418]

LaTeX Warning: Reference `eq:continuity-cov' on page 1 undefined on input line 
427.


Overfull \hbox (7.89894pt too wide) detected at line 441
[]

LaTeX Warning: Reference `eq:sde' on page 1 undefined on input line 489.


LaTeX Warning: Reference `mdf@pagelabel-41' on page 419 undefined on input line
 501.


LaTeX Warning: Reference `subsec:rigorous-proof-fpe' on page 1 undefined on inp
ut line 505.


Package fancyhdr Warning: \headheight is too small (14.4pt): 
(fancyhdr)                Make it at least 26.32425pt, for example:
(fancyhdr)                \setlength{\headheight}{26.32425pt}.
(fancyhdr)                You might also make \topmargin smaller:
(fancyhdr)                \addtolength{\topmargin}{-11.92426pt}.

[419] [420] [421]
Overfull \hbox (22.98817pt too wide) detected at line 585
[][]   [][] []\OML/lmm/m/it/10.95 P\OT1/lmr/m/n/10.95 (\OML/lmm/m/it/10.95 b; y
; z\OT1/lmr/m/n/10.95 ) \OMS/lmsy/m/n/10.95 ^^@ \OML/lmm/m/it/10.95 P\OT1/lmr/m
/n/10.95 (\OML/lmm/m/it/10.95 a; y; z\OT1/lmr/m/n/10.95 )[]  []  d\OML/lmm/m/it
/10.95 y  []  \OT1/lmr/m/n/10.95 d\OML/lmm/m/it/10.95 z  []  [][]   [][]   [][]
 []\OT1/lmr/m/n/10.95 (\OML/lmm/m/it/10.95 x; y; z\OT1/lmr/m/n/10.95 )  []  d\O
ML/lmm/m/it/10.95 x  []  \OT1/lmr/m/n/10.95 d\OML/lmm/m/it/10.95 y  []  \OT1/lm
r/m/n/10.95 d\OML/lmm/m/it/10.95 z  \OT1/lmr/m/n/10.95 =  [][] []  []  d\OML/lm
m/m/it/10.95 V:
[422]
Overfull \hbox (100.48482pt too wide) detected at line 620
[]
[423]
Overfull \hbox (7.09067pt too wide) in paragraph at lines 698--703
[]\T1/lmr/m/n/10.95 (-20) Throughout this op-tional sec-tion, $\OML/lmm/m/it/10
.95 ^^\$ \T1/lmr/m/n/10.95 (-20) de-notes \T1/lmr/m/it/10.95 (-20) train-ing ti
me\T1/lmr/m/n/10.95 (-20) : an ide-al-ized continuous-
[424]

LaTeX Warning: Citation 'jordan1998variational' on page 425 undefined on input 
line 740.


LaTeX Warning: Citation 'ambrosio2005gradient' on page 425 undefined on input l
ine 740.

[425]

LaTeX Warning: Reference `eq:MLE' on page 1 undefined on input line 889.

[426]

LaTeX Warning: Reference `sec:VSD' on page 1 undefined on input line 980.

[427]

LaTeX Warning: Citation 'weber2023the' on page 428 undefined on input line 1034
.


LaTeX Warning: Citation 'deng2026generative' on page 428 undefined on input lin
e 1034.


LaTeX Warning: Citation 'lai2026unified' on page 428 undefined on input line 10
35.


LaTeX Warning: Citation 'weber2023the' on page 428 undefined on input line 1037
.


LaTeX Warning: Citation 'deng2026generative' on page 428 undefined on input lin
e 1037.

[428]) (./C_SDE-and-Ito.tex
Appendix C.

Package hyperref Warning: Token not allowed in a PDF string (Unicode):
(hyperref)                removing `\\' on input line 1.

[429]

LaTeX Warning: Reference `eq:sde' on page 1 undefined on input line 31.


LaTeX Warning: Reference `eq:wiener-gaussian' on page 1 undefined on input line
 64.


Package fancyhdr Warning: \headheight is too small (14.4pt): 
(fancyhdr)                Make it at least 26.32425pt, for example:
(fancyhdr)                \setlength{\headheight}{26.32425pt}.
(fancyhdr)                You might also make \topmargin smaller:
(fancyhdr)                \addtolength{\topmargin}{-11.92426pt}.

[430]

LaTeX Warning: Citation 'kloeden1992stochastic' on page 431 undefined on input 
line 97.


LaTeX Warning: Reference `eq:wiener-gaussian' on page 1 undefined on input line
 109.

[431]

Package fancyhdr Warning: \headheight is too small (14.4pt): 
(fancyhdr)                Make it at least 26.32425pt, for example:
(fancyhdr)                \setlength{\headheight}{26.32425pt}.
(fancyhdr)                You might also make \topmargin smaller:
(fancyhdr)                \addtolength{\topmargin}{-11.92426pt}.

[432]

LaTeX Warning: Reference `mdf@pagelabel-42' on page 433 undefined on input line
 183.


LaTeX Warning: Reference `mdf@pagelabel-43' on page 433 undefined on input line
 200.

[433]

LaTeX Warning: Reference `eq:Ito-scalar' on page 1 undefined on input line 273.



LaTeX Warning: Reference `eq:sde' on page 1 undefined on input line 273.


Package fancyhdr Warning: \headheight is too small (14.4pt): 
(fancyhdr)                Make it at least 26.32425pt, for example:
(fancyhdr)                \setlength{\headheight}{26.32425pt}.
(fancyhdr)                You might also make \topmargin smaller:
(fancyhdr)                \addtolength{\topmargin}{-11.92426pt}.

[434]

LaTeX Warning: Reference `eq:app-linear-sde' on page 1 undefined on input line 
329.


LaTeX Warning: Reference `sec:dm-today' on page 1 undefined on input line 329.


LaTeX Warning: Reference `eq:ito-product' on page 1 undefined on input line 339
.

[435]

LaTeX Warning: Reference `eq:lienar-sde-solution' on page 1 undefined on input 
line 362.


Package fancyhdr Warning: \headheight is too small (14.4pt): 
(fancyhdr)                Make it at least 26.32425pt, for example:
(fancyhdr)                \setlength{\headheight}{26.32425pt}.
(fancyhdr)                You might also make \topmargin smaller:
(fancyhdr)                \addtolength{\topmargin}{-11.92426pt}.

[436]

LaTeX Warning: Reference `eq:mean-var-evolution' on page 1 undefined on input l
ine 403.


LaTeX Warning: Reference `eq:app-linear-sde' on page 1 undefined on input line 
404.


LaTeX Warning: Reference `eq:ito-product' on page 1 undefined on input line 416
.


LaTeX Warning: Reference `eq:mean-var-evolution' on page 1 undefined on input l
ine 435.

[437]

Package fancyhdr Warning: \headheight is too small (14.4pt): 
(fancyhdr)                Make it at least 26.32425pt, for example:
(fancyhdr)                \setlength{\headheight}{26.32425pt}.
(fancyhdr)                You might also make \topmargin smaller:
(fancyhdr)                \addtolength{\topmargin}{-11.92426pt}.

[438]

LaTeX Warning: Reference `mdf@pagelabel-44' on page 439 undefined on input line
 543.

[439]

LaTeX Warning: Citation 'song2021maximum' on page 440 undefined on input line 6
03.


Package fancyhdr Warning: \headheight is too small (14.4pt): 
(fancyhdr)                Make it at least 26.32425pt, for example:
(fancyhdr)                \setlength{\headheight}{26.32425pt}.
(fancyhdr)                You might also make \topmargin smaller:
(fancyhdr)                \addtolength{\topmargin}{-11.92426pt}.

[440]

LaTeX Warning: Reference `eq:girsanov-KL' on page 1 undefined on input line 611
.


LaTeX Warning: Reference `eq:girsanov-KL' on page 1 undefined on input line 611
.


LaTeX Warning: Reference `eq:girsanov-likelihood' on page 1 undefined on input 
line 611.

) (./D_Proofs.tex [441]
Appendix D.

LaTeX Warning: Reference `thm:equiv-marginal-kl' on page 442 undefined on input
 line 5.


LaTeX Warning: Reference `eq:kl-matching' on page 1 undefined on input line 6.

[442]

LaTeX Warning: Reference `thm:ddpm-elbo' on page 443 undefined on input line 13
1.

[443]
Overfull \hbox (10.24936pt too wide) detected at line 198
[]

Overfull \hbox (15.41023pt too wide) detected at line 212
[]
[444]

LaTeX Warning: Reference `sm-trace' on page 445 undefined on input line 262.


LaTeX Warning: Citation 'evans10' on page 445 undefined on input line 292.


Overfull \hbox (2.62305pt too wide) in paragraph at lines 290--293
\T1/lmss/bx/n/10.95 (-20) Integration by Parts.  \T1/lmr/m/n/10.95 (-20) We use
 the fol-low-ing integration-by-parts for-mula ([]),
[445]

LaTeX Warning: Reference `thm:sm-dsm' on page 446 undefined on input line 318.

[446]

LaTeX Warning: Reference `tweedie' on page 447 undefined on input line 376.

[447] [448]

LaTeX Warning: Reference `eq:stein-multi' on page 1 undefined on input line 474
.


LaTeX Warning: Reference `eq:stein-for-sure' on page 1 undefined on input line 
490.

[449]

LaTeX Warning: Reference `thm:fpe' on page 450 undefined on input line 510.

[450] [451] [452]
Overfull \hbox (32.47647pt too wide) detected at line 695
[]

LaTeX Warning: Reference `dsm-minimizer' on page 453 undefined on input line 70
0.

[453] [454] [455]

LaTeX Warning: Reference `instant-change-of-var' on page 456 undefined on input
 line 810.


LaTeX Warning: Reference `eq:nf-change-of-var-log' on page 1 undefined on input
 line 817.


LaTeX Warning: Reference `eq:log-det-tr' on page 1 undefined on input line 825.



LaTeX Warning: Reference `thm:continuity-mass' on page 456 undefined on input l
ine 850.

[456]

LaTeX Warning: Reference `subsec:cov-continuity-eq' on page 1 undefined on inpu
t line 871.

[457] [458]

LaTeX Warning: Reference `equi-para' on page 459 undefined on input line 955.


LaTeX Warning: Reference `dsm-minimizer' on page 459 undefined on input line 95
8.


LaTeX Warning: Citation 'vincent2011connection' on page 459 undefined on input 
line 967.


LaTeX Warning: Reference `dsm-minimizer' on page 459 undefined on input line 96
7.


Overfull \hbox (4.164pt too wide) in paragraph at lines 965--968
\T1/lmr/m/n/10.95 (-20) the min-i-mizer is unique. From de-nois-ing score match
-ing ([]),
[459]

LaTeX Warning: Reference `eq:general-cm-loss' on page 1 undefined on input line
 1008.


LaTeX Warning: Reference `vsd-grad' on page 460 undefined on input line 1046.


LaTeX Warning: Reference `vsd-grad' on page 460 undefined on input line 1047.

[460]

LaTeX Warning: Reference `thm:ct-cm' on page 461 undefined on input line 1223.

[461]

LaTeX Warning: Reference `continuous-time-ct' on page 462 undefined on input li
ne 1337.


LaTeX Warning: Reference `eq:cm-discrete' on page 1 undefined on input line 134
1.

[462] [463] [464]

LaTeX Warning: Citation 'karras2022elucidating' on page 465 undefined on input 
line 1471.


LaTeX Warning: Reference `eq:D-parametrization' on page 1 undefined on input li
ne 1474.


Overfull \hbox (65.69913pt too wide) in paragraph at lines 1469--1481
\T1/lmr/m/n/10.95 (-20) prediction model, as pro-posed in Elu-ci-dat-ing Dif-fu
-sion Mod-els (EDM) ([]).

LaTeX Warning: Reference `eq:general-dm-loss-D' on page 1 undefined on input li
ne 1496.


LaTeX Warning: Reference `eq:D-parametrization' on page 1 undefined on input li
ne 1506.


LaTeX Warning: Reference `eq:loss-F' on page 1 undefined on input line 1506.


LaTeX Warning: Reference `eq:loss-F' on page 1 undefined on input line 1506.

[465]

LaTeX Warning: Reference `eq:c-out' on page 1 undefined on input line 1538.

[466]

LaTeX Warning: Reference `mdf@pagelabel-45' on page 467 undefined on input line
 1565.


LaTeX Warning: Reference `eq:edm-coeff' on page 1 undefined on input line 1567.



LaTeX Warning: Reference `eq:D-parametrization' on page 1 undefined on input li
ne 1571.


LaTeX Warning: Reference `eq:loss-F' on page 1 undefined on input line 1571.


LaTeX Warning: Reference `sec:CTM' on page 1 undefined on input line 1592.


LaTeX Warning: Reference `eq:clean_pf_ode' on page 1 undefined on input line 16
14.

[467]

LaTeX Warning: Reference `eq:edm-coeff' on page 1 undefined on input line 1619.


) [468]

LaTeX Warning: Empty bibliography on input line 465.


enddocument/afterlastpage (AED): lastpage setting LastPage.
(build/main_v2.aux)

LaTeX Font Warning: Size substitutions with differences
(Font)              up to 1.0pt have occurred.


LaTeX Font Warning: Some font shapes were not available, defaults substituted.


LaTeX Warning: There were undefined references.


LaTeX Warning: Label(s) may have changed. Rerun to get cross-references right.


Package lastpage Warning: Rerun to get the references right on input line 467.


Package biblatex Warning: Please (re)run Biber on the file:
(biblatex)                main_v2
(biblatex)                and rerun LaTeX afterwards.

 )
(see the transcript file for additional information)</usr/local/texlive/2026/te
xmf-dist/fonts/type1/public/lm/lmbsy10.pfb></usr/local/texlive/2026/texmf-dist/
fonts/type1/public/lm/lmbsy7.pfb></usr/local/texlive/2026/texmf-dist/fonts/type
1/public/lm/lmbx10.pfb></usr/local/texlive/2026/texmf-dist/fonts/type1/public/l
m/lmbx12.pfb></usr/local/texlive/2026/texmf-dist/fonts/type1/public/lm/lmbx5.pf
b></usr/local/texlive/2026/texmf-dist/fonts/type1/public/lm/lmbx6.pfb></usr/loc
al/texlive/2026/texmf-dist/fonts/type1/public/lm/lmbx7.pfb></usr/local/texlive/
2026/texmf-dist/fonts/type1/public/lm/lmbx8.pfb></usr/local/texlive/2026/texmf-
dist/fonts/type1/public/lm/lmbx9.pfb></usr/local/texlive/2026/texmf-dist/fonts/
type1/public/lm/lmcsc10.pfb></usr/local/texlive/2026/texmf-dist/fonts/type1/pub
lic/lm/lmex10.pfb></usr/local/texlive/2026/texmf-dist/fonts/type1/public/lm/lmm
i10.pfb></usr/local/texlive/2026/texmf-dist/fonts/type1/public/lm/lmmi5.pfb></u
sr/local/texlive/2026/texmf-dist/fonts/type1/public/lm/lmmi6.pfb></usr/local/te
xlive/2026/texmf-dist/fonts/type1/public/lm/lmmi7.pfb></usr/local/texlive/2026/
texmf-dist/fonts/type1/public/lm/lmmi8.pfb></usr/local/texlive/2026/texmf-dist/
fonts/type1/public/lm/lmmi9.pfb></usr/local/texlive/2026/texmf-dist/fonts/type1
/public/lm/lmmib10.pfb></usr/local/texlive/2026/texmf-dist/fonts/type1/public/l
m/lmmib5.pfb></usr/local/texlive/2026/texmf-dist/fonts/type1/public/lm/lmmib7.p
fb></usr/local/texlive/2026/texmf-dist/fonts/type1/public/lm/lmr10.pfb></usr/lo
cal/texlive/2026/texmf-dist/fonts/type1/public/lm/lmr5.pfb></usr/local/texlive/
2026/texmf-dist/fonts/type1/public/lm/lmr6.pfb></usr/local/texlive/2026/texmf-d
ist/fonts/type1/public/lm/lmr7.pfb></usr/local/texlive/2026/texmf-dist/fonts/ty
pe1/public/lm/lmr8.pfb></usr/local/texlive/2026/texmf-dist/fonts/type1/public/l
m/lmr9.pfb></usr/local/texlive/2026/texmf-dist/fonts/type1/public/lm/lmri10.pfb
></usr/local/texlive/2026/texmf-dist/fonts/type1/public/lm/lmri9.pfb></usr/loca
l/texlive/2026/texmf-dist/fonts/type1/public/lm/lmro10.pfb></usr/local/texlive/
2026/texmf-dist/fonts/type1/public/lm/lmro8.pfb></usr/local/texlive/2026/texmf-
dist/fonts/type1/public/lm/lmss10.pfb></usr/local/texlive/2026/texmf-dist/fonts
/type1/public/lm/lmss12.pfb></usr/local/texlive/2026/texmf-dist/fonts/type1/pub
lic/lm/lmssbo10.pfb></usr/local/texlive/2026/texmf-dist/fonts/type1/public/lm/l
mssbx10.pfb></usr/local/texlive/2026/texmf-dist/fonts/type1/public/lm/lmsso10.p
fb></usr/local/texlive/2026/texmf-dist/fonts/type1/public/lm/lmsy10.pfb></usr/l
ocal/texlive/2026/texmf-dist/fonts/type1/public/lm/lmsy5.pfb></usr/local/texliv
e/2026/texmf-dist/fonts/type1/public/lm/lmsy6.pfb></usr/local/texlive/2026/texm
f-dist/fonts/type1/public/lm/lmsy7.pfb></usr/local/texlive/2026/texmf-dist/font
s/type1/public/lm/lmsy8.pfb></usr/local/texlive/2026/texmf-dist/fonts/type1/pub
lic/lm/lmsy9.pfb></usr/local/texlive/2026/texmf-dist/fonts/type1/public/lm/lmtk
10.pfb></usr/local/texlive/2026/texmf-dist/fonts/type1/public/lm/lmtt10.pfb></u
sr/local/texlive/2026/texmf-dist/fonts/type1/public/lm/lmtt9.pfb></usr/local/te
xlive/2026/texmf-dist/fonts/type1/public/lm/lmtti10.pfb></usr/local/texlive/202
6/texmf-dist/fonts/type1/public/lm/lmtto10.pfb></usr/local/texlive/2026/texmf-d
ist/fonts/type1/public/amsfonts/symbols/msam10.pfb></usr/local/texlive/2026/tex
mf-dist/fonts/type1/public/amsfonts/symbols/msam5.pfb></usr/local/texlive/2026/
texmf-dist/fonts/type1/public/amsfonts/symbols/msbm10.pfb></usr/local/texlive/2
026/texmf-dist/fonts/type1/public/amsfonts/symbols/msbm7.pfb></usr/local/texliv
e/2026/texmf-dist/fonts/type1/public/stmaryrd/stmary10.pfb>
Output written on build/main_v2.pdf (470 pages, 18906198 bytes).
Transcript written on build/main_v2.log.
Latexmk: Getting log file 'build/main_v2.log'
Latexmk: Examining 'build/main_v2.fls'
Latexmk: Examining 'build/main_v2.log'
Latexmk: Missing bbl file 'build/main_v2.bbl' in following:
 No file main_v2.bbl.
Latexmk: Missing input file 'main_v2.toc' message in .log file:
  No file main_v2.toc.
Latexmk: References changed.
Latexmk: References changed.
Latexmk: Log file says output to 'build/main_v2.pdf'
Latexmk: Using biber to make bibliography file(s).
Latexmk: Bibliography file(s) from .bcf file:
  main_v2.bib
Sources for biber
  main_v2.bib
  build/main_v2.bcf
Latexmk: applying rule 'biber build/main_v2'...
Rule 'biber build/main_v2':  Reasons for rerun
Category 'other':
  Rerun of 'biber build/main_v2' forced or previously required:
    Reason or flag: 'Initial set up of rule'

------------
Run number 1 of rule 'biber build/main_v2'
------------
------------
Running 'biber  "build/main_v2.bcf"'
------------
INFO - This is Biber 2.21
INFO - Logfile is 'build/main_v2.blg'
INFO - Reading 'build/main_v2.bcf'
INFO - Found 170 citekeys in bib section 0
INFO - Processing section 0
INFO - Looking for bibtex file 'main_v2.bib' for section 0
INFO - LaTeX decoding ...
INFO - Found BibTeX data source 'main_v2.bib'
INFO - Overriding locale 'en-US' defaults 'normalization = NFD' with 'normalization = prenormalized'
INFO - Overriding locale 'en-US' defaults 'variable = shifted' with 'variable = non-ignorable'
INFO - Sorting list 'nyt/global//global/global/global' of type 'entry' with template 'nyt' and locale 'en-US'
INFO - No sort tailoring available for locale 'en-US'
INFO - Writing 'build/main_v2.bbl' with encoding 'UTF-8'
INFO - Output to build/main_v2.bbl
Latexmk: Found biber source file(s) [build/main_v2.bcf, main_v2.bib]
Latexmk: applying rule 'pdflatex'...
Rule 'pdflatex':  Reasons for rerun
Changed files or newly in use/created:
  build/main_v2.aux
  build/main_v2.bbl
  build/main_v2.toc

------------
Run number 2 of rule 'pdflatex'
------------
------------
Running 'pdflatex  -interaction=nonstopmode -file-line-error -recorder -output-directory="build"  "main_v2.tex"'
------------
This is pdfTeX, Version 3.141592653-2.6-1.40.29 (TeX Live 2026) (preloaded format=pdflatex)
 restricted \write18 enabled.
entering extended mode
(./main_v2.tex
LaTeX2e <2025-11-01>
L3 programming layer <2026-01-19>
(./nowfnt-arxiv.cls

LaTeX Warning: You have requested document class `nowfnt-arxiv',
               but the document class provides `nowfnt'.

Document Class: nowfnt 2021/10/12 v0.95d NOW document class
(/usr/local/texlive/2026/texmf-dist/tex/latex/etoolbox/etoolbox.sty)
(./NOWFnT-data.tex)

Class nowfnt Warning: Unclear state. Remove the class option book or ebook or s
ample on input line 129.

(/usr/local/texlive/2026/texmf-dist/tex/latex/base/book.cls
Document Class: book 2025/01/22 v1.4n Standard LaTeX document class
(/usr/local/texlive/2026/texmf-dist/tex/latex/base/bk11.clo))
(/usr/local/texlive/2026/texmf-dist/tex/latex/lastpage/lastpage.sty
(/usr/local/texlive/2026/texmf-dist/tex/latex/lastpage/lastpage2e.sty
(/usr/local/texlive/2026/texmf-dist/tex/latex/lastpage/lastpagemodern.sty) 
)) (/usr/local/texlive/2026/texmf-dist/tex/latex/tools/multicol.sty)
(/usr/local/texlive/2026/texmf-dist/tex/latex/tools/array.sty)
(/usr/local/texlive/2026/texmf-dist/tex/latex/trimspaces/trimspaces.sty)
(/usr/local/texlive/2026/texmf-dist/tex/latex/footmisc/footmisc.sty)
(/usr/local/texlive/2026/texmf-dist/tex/latex/pdfpages/pdfpages.sty
(/usr/local/texlive/2026/texmf-dist/tex/latex/base/ifthen.sty)
(/usr/local/texlive/2026/texmf-dist/tex/latex/tools/calc.sty)
(/usr/local/texlive/2026/texmf-dist/tex/latex/eso-pic/eso-pic.sty
(/usr/local/texlive/2026/texmf-dist/tex/latex/graphics/keyval.sty)
(/usr/local/texlive/2026/texmf-dist/tex/latex/xcolor/xcolor.sty
(/usr/local/texlive/2026/texmf-dist/tex/latex/graphics-cfg/color.cfg)
(/usr/local/texlive/2026/texmf-dist/tex/latex/graphics-def/pdftex.def)
(/usr/local/texlive/2026/texmf-dist/tex/latex/graphics/mathcolor.ltx))
(/usr/local/texlive/2026/texmf-dist/tex/latex/graphics/dvipsnam.def))
(/usr/local/texlive/2026/texmf-dist/tex/latex/graphics/graphicx.sty
(/usr/local/texlive/2026/texmf-dist/tex/latex/graphics/graphics.sty
(/usr/local/texlive/2026/texmf-dist/tex/latex/graphics/trig.sty)
(/usr/local/texlive/2026/texmf-dist/tex/latex/graphics-cfg/graphics.cfg)))
(/usr/local/texlive/2026/texmf-dist/tex/latex/pdfpages/pppdftex.def))
(/usr/local/texlive/2026/texmf-dist/tex/latex/tools/xr.sty)
(/usr/local/texlive/2026/texmf-dist/tex/latex/microtype/microtype.sty
(/usr/local/texlive/2026/texmf-dist/tex/latex/microtype/microtype-pdftex.def)
(/usr/local/texlive/2026/texmf-dist/tex/latex/microtype/microtype.cfg))
(/usr/local/texlive/2026/texmf-dist/tex/latex/fancyhdr/fancyhdr.sty)
(/usr/local/texlive/2026/texmf-dist/tex/latex/titlesec/titlesec.sty)
(/usr/local/texlive/2026/texmf-dist/tex/latex/caption/caption.sty
(/usr/local/texlive/2026/texmf-dist/tex/latex/caption/caption3.sty))
(/usr/local/texlive/2026/texmf-dist/tex/latex/emptypage/emptypage.sty)
(/usr/local/texlive/2026/texmf-dist/tex/latex/url/url.sty)
(/usr/local/texlive/2026/texmf-dist/tex/latex/lm/lmodern.sty)
(/usr/local/texlive/2026/texmf-dist/tex/latex/base/fontenc.sty
(/usr/local/texlive/2026/texmf-dist/tex/latex/lm/t1lmr.fd))
(./nowfnt-biblatex.sty
(/usr/local/texlive/2026/texmf-dist/tex/latex/biblatex/biblatex.sty
(/usr/local/texlive/2026/texmf-dist/tex/generic/pdftexcmds/pdftexcmds.sty
(/usr/local/texlive/2026/texmf-dist/tex/generic/infwarerr/infwarerr.sty)
(/usr/local/texlive/2026/texmf-dist/tex/generic/iftex/iftex.sty)
(/usr/local/texlive/2026/texmf-dist/tex/generic/ltxcmds/ltxcmds.sty))
(/usr/local/texlive/2026/texmf-dist/tex/latex/kvoptions/kvoptions.sty
(/usr/local/texlive/2026/texmf-dist/tex/latex/kvsetkeys/kvsetkeys.sty))
(/usr/local/texlive/2026/texmf-dist/tex/latex/logreq/logreq.sty
(/usr/local/texlive/2026/texmf-dist/tex/latex/logreq/logreq.def))
(/usr/local/texlive/2026/texmf-dist/tex/latex/biblatex/blx-dm.def)
(/usr/local/texlive/2026/texmf-dist/tex/latex/biblatex/blx-compat.def)
(/usr/local/texlive/2026/texmf-dist/tex/latex/biblatex/biblatex.def)
(/usr/local/texlive/2026/texmf-dist/tex/latex/biblatex/blx-natbib.def)
(/usr/local/texlive/2026/texmf-dist/tex/latex/biblatex/bbx/authoryear.bbx
(/usr/local/texlive/2026/texmf-dist/tex/latex/biblatex/bbx/standard.bbx))
(/usr/local/texlive/2026/texmf-dist/tex/latex/biblatex/cbx/authoryear.cbx)
(/usr/local/texlive/2026/texmf-dist/tex/latex/biblatex/biblatex.cfg)
(/usr/local/texlive/2026/texmf-dist/tex/latex/l3kernel/expl3.sty
(/usr/local/texlive/2026/texmf-dist/tex/latex/l3backend/l3backend-pdftex.def))
(/usr/local/texlive/2026/texmf-dist/tex/latex/biblatex/blx-case-expl3.sty
(/usr/local/texlive/2026/texmf-dist/tex/latex/l3packages/xparse/xparse.sty)))
(/usr/local/texlive/2026/texmf-dist/tex/latex/csquotes/csquotes.sty
(/usr/local/texlive/2026/texmf-dist/tex/latex/csquotes/csquotes.def)
(/usr/local/texlive/2026/texmf-dist/tex/latex/csquotes/csquotes.cfg)))
(/usr/local/texlive/2026/texmf-dist/tex/latex/amscls/amsthm.sty)
(/usr/local/texlive/2026/texmf-dist/tex/latex/geometry/geometry.sty
(/usr/local/texlive/2026/texmf-dist/tex/generic/iftex/ifvtex.sty))
(/usr/local/texlive/2026/texmf-dist/tex/latex/hyperref/hyperref.sty
(/usr/local/texlive/2026/texmf-dist/tex/generic/kvdefinekeys/kvdefinekeys.sty)
(/usr/local/texlive/2026/texmf-dist/tex/generic/pdfescape/pdfescape.sty)
(/usr/local/texlive/2026/texmf-dist/tex/latex/hycolor/hycolor.sty)
(/usr/local/texlive/2026/texmf-dist/tex/latex/hyperref/nameref.sty
(/usr/local/texlive/2026/texmf-dist/tex/latex/refcount/refcount.sty)
(/usr/local/texlive/2026/texmf-dist/tex/generic/gettitlestring/gettitlestring.s
ty)) (/usr/local/texlive/2026/texmf-dist/tex/generic/stringenc/stringenc.sty)
(/usr/local/texlive/2026/texmf-dist/tex/latex/hyperref/pd1enc.def)
(/usr/local/texlive/2026/texmf-dist/tex/generic/intcalc/intcalc.sty)
(/usr/local/texlive/2026/texmf-dist/tex/latex/hyperref/puenc.def)
(/usr/local/texlive/2026/texmf-dist/tex/generic/bitset/bitset.sty
(/usr/local/texlive/2026/texmf-dist/tex/generic/bigintcalc/bigintcalc.sty)))
(/usr/local/texlive/2026/texmf-dist/tex/latex/hyperref/hpdftex.def
(/usr/local/texlive/2026/texmf-dist/tex/latex/rerunfilecheck/rerunfilecheck.sty

(/usr/local/texlive/2026/texmf-dist/tex/generic/uniquecounter/uniquecounter.sty
))) (/usr/local/texlive/2026/texmf-dist/tex/latex/bookmark/bookmark.sty
(/usr/local/texlive/2026/texmf-dist/tex/latex/bookmark/bkm-pdftex.def)))
(/usr/local/texlive/2026/texmf-dist/tex/latex/pgf/frontendlayer/tikz.sty
(/usr/local/texlive/2026/texmf-dist/tex/latex/pgf/basiclayer/pgf.sty
(/usr/local/texlive/2026/texmf-dist/tex/latex/pgf/utilities/pgfrcs.sty
(/usr/local/texlive/2026/texmf-dist/tex/generic/pgf/utilities/pgfutil-common.te
x)
(/usr/local/texlive/2026/texmf-dist/tex/generic/pgf/utilities/pgfutil-latex.def
) (/usr/local/texlive/2026/texmf-dist/tex/generic/pgf/utilities/pgfrcs.code.tex
(/usr/local/texlive/2026/texmf-dist/tex/generic/pgf/pgf.revision.tex)))
(/usr/local/texlive/2026/texmf-dist/tex/latex/pgf/basiclayer/pgfcore.sty
(/usr/local/texlive/2026/texmf-dist/tex/latex/pgf/systemlayer/pgfsys.sty
(/usr/local/texlive/2026/texmf-dist/tex/generic/pgf/systemlayer/pgfsys.code.tex
(/usr/local/texlive/2026/texmf-dist/tex/generic/pgf/utilities/pgfkeys.code.tex
(/usr/local/texlive/2026/texmf-dist/tex/generic/pgf/utilities/pgfkeyslibraryfil
tered.code.tex))
(/usr/local/texlive/2026/texmf-dist/tex/generic/pgf/systemlayer/pgf.cfg)
(/usr/local/texlive/2026/texmf-dist/tex/generic/pgf/systemlayer/pgfsys-pdftex.d
ef
(/usr/local/texlive/2026/texmf-dist/tex/generic/pgf/systemlayer/pgfsys-common-p
df.def)))
(/usr/local/texlive/2026/texmf-dist/tex/generic/pgf/systemlayer/pgfsyssoftpath.
code.tex)
(/usr/local/texlive/2026/texmf-dist/tex/generic/pgf/systemlayer/pgfsysprotocol.
code.tex))
(/usr/local/texlive/2026/texmf-dist/tex/generic/pgf/basiclayer/pgfcore.code.tex
(/usr/local/texlive/2026/texmf-dist/tex/generic/pgf/math/pgfmath.code.tex
(/usr/local/texlive/2026/texmf-dist/tex/generic/pgf/math/pgfmathutil.code.tex)
(/usr/local/texlive/2026/texmf-dist/tex/generic/pgf/math/pgfmathparser.code.tex
)
(/usr/local/texlive/2026/texmf-dist/tex/generic/pgf/math/pgfmathfunctions.code.
tex)
(/usr/local/texlive/2026/texmf-dist/tex/generic/pgf/math/pgfmathfunctions.basic
.code.tex)
(/usr/local/texlive/2026/texmf-dist/tex/generic/pgf/math/pgfmathfunctions.trigo
nometric.code.tex)
(/usr/local/texlive/2026/texmf-dist/tex/generic/pgf/math/pgfmathfunctions.rando
m.code.tex)
(/usr/local/texlive/2026/texmf-dist/tex/generic/pgf/math/pgfmathfunctions.compa
rison.code.tex)
(/usr/local/texlive/2026/texmf-dist/tex/generic/pgf/math/pgfmathfunctions.base.
code.tex)
(/usr/local/texlive/2026/texmf-dist/tex/generic/pgf/math/pgfmathfunctions.round
.code.tex)
(/usr/local/texlive/2026/texmf-dist/tex/generic/pgf/math/pgfmathfunctions.misc.
code.tex)
(/usr/local/texlive/2026/texmf-dist/tex/generic/pgf/math/pgfmathfunctions.integ
erarithmetics.code.tex)
(/usr/local/texlive/2026/texmf-dist/tex/generic/pgf/math/pgfmathcalc.code.tex)
(/usr/local/texlive/2026/texmf-dist/tex/generic/pgf/math/pgfmathfloat.code.tex)
) (/usr/local/texlive/2026/texmf-dist/tex/generic/pgf/math/pgfint.code.tex)
(/usr/local/texlive/2026/texmf-dist/tex/generic/pgf/basiclayer/pgfcorepoints.co
de.tex)
(/usr/local/texlive/2026/texmf-dist/tex/generic/pgf/basiclayer/pgfcorepathconst
ruct.code.tex)
(/usr/local/texlive/2026/texmf-dist/tex/generic/pgf/basiclayer/pgfcorepathusage
.code.tex)
(/usr/local/texlive/2026/texmf-dist/tex/generic/pgf/basiclayer/pgfcorescopes.co
de.tex)
(/usr/local/texlive/2026/texmf-dist/tex/generic/pgf/basiclayer/pgfcoregraphicst
ate.code.tex)
(/usr/local/texlive/2026/texmf-dist/tex/generic/pgf/basiclayer/pgfcoretransform
ations.code.tex)
(/usr/local/texlive/2026/texmf-dist/tex/generic/pgf/basiclayer/pgfcorequick.cod
e.tex)
(/usr/local/texlive/2026/texmf-dist/tex/generic/pgf/basiclayer/pgfcoreobjects.c
ode.tex)
(/usr/local/texlive/2026/texmf-dist/tex/generic/pgf/basiclayer/pgfcorepathproce
ssing.code.tex)
(/usr/local/texlive/2026/texmf-dist/tex/generic/pgf/basiclayer/pgfcorearrows.co
de.tex)
(/usr/local/texlive/2026/texmf-dist/tex/generic/pgf/basiclayer/pgfcoreshade.cod
e.tex)
(/usr/local/texlive/2026/texmf-dist/tex/generic/pgf/basiclayer/pgfcoreimage.cod
e.tex)
(/usr/local/texlive/2026/texmf-dist/tex/generic/pgf/basiclayer/pgfcoreexternal.
code.tex)
(/usr/local/texlive/2026/texmf-dist/tex/generic/pgf/basiclayer/pgfcorelayers.co
de.tex)
(/usr/local/texlive/2026/texmf-dist/tex/generic/pgf/basiclayer/pgfcoretranspare
ncy.code.tex)
(/usr/local/texlive/2026/texmf-dist/tex/generic/pgf/basiclayer/pgfcorepatterns.
code.tex)
(/usr/local/texlive/2026/texmf-dist/tex/generic/pgf/basiclayer/pgfcorerdf.code.
tex)))
(/usr/local/texlive/2026/texmf-dist/tex/generic/pgf/modules/pgfmoduleshapes.cod
e.tex)
(/usr/local/texlive/2026/texmf-dist/tex/generic/pgf/modules/pgfmoduleplot.code.
tex)
(/usr/local/texlive/2026/texmf-dist/tex/latex/pgf/compatibility/pgfcomp-version
-0-65.sty)
(/usr/local/texlive/2026/texmf-dist/tex/latex/pgf/compatibility/pgfcomp-version
-1-18.sty))
(/usr/local/texlive/2026/texmf-dist/tex/latex/pgf/utilities/pgffor.sty
(/usr/local/texlive/2026/texmf-dist/tex/latex/pgf/utilities/pgfkeys.sty
(/usr/local/texlive/2026/texmf-dist/tex/generic/pgf/utilities/pgfkeys.code.tex)
) (/usr/local/texlive/2026/texmf-dist/tex/latex/pgf/math/pgfmath.sty
(/usr/local/texlive/2026/texmf-dist/tex/generic/pgf/math/pgfmath.code.tex))
(/usr/local/texlive/2026/texmf-dist/tex/generic/pgf/utilities/pgffor.code.tex))

(/usr/local/texlive/2026/texmf-dist/tex/generic/pgf/frontendlayer/tikz/tikz.cod
e.tex
(/usr/local/texlive/2026/texmf-dist/tex/generic/pgf/libraries/pgflibraryplothan
dlers.code.tex)
(/usr/local/texlive/2026/texmf-dist/tex/generic/pgf/modules/pgfmodulematrix.cod
e.tex)
(/usr/local/texlive/2026/texmf-dist/tex/generic/pgf/frontendlayer/tikz/librarie
s/tikzlibrarytopaths.code.tex)))
(/usr/local/texlive/2026/texmf-dist/tex/generic/pgf/libraries/pgflibraryarrows.
meta.code.tex)
(/usr/local/texlive/2026/texmf-dist/tex/generic/pgf/frontendlayer/tikz/librarie
s/tikzlibrarycalc.code.tex)
(/usr/local/texlive/2026/texmf-dist/tex/generic/pgf/frontendlayer/tikz/librarie
s/tikzlibrarypositioning.code.tex)
(/usr/local/texlive/2026/texmf-dist/tex/generic/pgf/frontendlayer/tikz/librarie
s/tikzlibraryshapes.geometric.code.tex
(/usr/local/texlive/2026/texmf-dist/tex/generic/pgf/libraries/shapes/pgflibrary
shapes.geometric.code.tex))
(/usr/local/texlive/2026/texmf-dist/tex/latex/caption/subcaption.sty)
(/usr/local/texlive/2026/texmf-dist/tex/latex/jknapltx/mathrsfs.sty)
(/usr/local/texlive/2026/texmf-dist/tex/latex/tcolorbox/tcolorbox.sty
(/usr/local/texlive/2026/texmf-dist/tex/latex/tools/verbatim.sty)
(/usr/local/texlive/2026/texmf-dist/tex/latex/environ/environ.sty))
(/usr/local/texlive/2026/texmf-dist/tex/latex/booktabs/booktabs.sty)
(/usr/local/texlive/2026/texmf-dist/tex/generic/pgf/frontendlayer/tikz/librarie
s/tikzlibraryshapes.code.tex
(/usr/local/texlive/2026/texmf-dist/tex/generic/pgf/frontendlayer/tikz/librarie
s/tikzlibraryshapes.misc.code.tex
(/usr/local/texlive/2026/texmf-dist/tex/generic/pgf/libraries/shapes/pgflibrary
shapes.misc.code.tex))
(/usr/local/texlive/2026/texmf-dist/tex/generic/pgf/frontendlayer/tikz/librarie
s/tikzlibraryshapes.symbols.code.tex
(/usr/local/texlive/2026/texmf-dist/tex/generic/pgf/libraries/shapes/pgflibrary
shapes.symbols.code.tex))
(/usr/local/texlive/2026/texmf-dist/tex/generic/pgf/frontendlayer/tikz/librarie
s/tikzlibraryshapes.arrows.code.tex
(/usr/local/texlive/2026/texmf-dist/tex/generic/pgf/libraries/shapes/pgflibrary
shapes.arrows.code.tex))
(/usr/local/texlive/2026/texmf-dist/tex/generic/pgf/frontendlayer/tikz/librarie
s/tikzlibraryshapes.callouts.code.tex
(/usr/local/texlive/2026/texmf-dist/tex/generic/pgf/libraries/shapes/pgflibrary
shapes.callouts.code.tex))
(/usr/local/texlive/2026/texmf-dist/tex/generic/pgf/frontendlayer/tikz/librarie
s/tikzlibraryshapes.multipart.code.tex
(/usr/local/texlive/2026/texmf-dist/tex/generic/pgf/libraries/shapes/pgflibrary
shapes.multipart.code.tex)))
(/usr/local/texlive/2026/texmf-dist/tex/generic/pgf/frontendlayer/tikz/librarie
s/tikzlibraryarrows.code.tex
(/usr/local/texlive/2026/texmf-dist/tex/generic/pgf/libraries/pgflibraryarrows.
code.tex))
(/usr/local/texlive/2026/texmf-dist/tex/generic/pgf/frontendlayer/tikz/librarie
s/tikzlibrarybackgrounds.code.tex)
(/usr/local/texlive/2026/texmf-dist/tex/generic/pgf/frontendlayer/tikz/librarie
s/tikzlibraryshadows.code.tex
(/usr/local/texlive/2026/texmf-dist/tex/generic/pgf/frontendlayer/tikz/librarie
s/tikzlibraryfadings.code.tex
(/usr/local/texlive/2026/texmf-dist/tex/generic/pgf/libraries/pgflibraryfadings
.code.tex)))
(/usr/local/texlive/2026/texmf-dist/tex/latex/stmaryrd/stmaryrd.sty)
(/usr/local/texlive/2026/texmf-dist/tex/latex/placeins/placeins.sty)
(/usr/local/texlive/2026/texmf-dist/tex/latex/cancel/cancel.sty)
(/usr/local/texlive/2026/texmf-dist/tex/latex/mathtools/mathtools.sty
(/usr/local/texlive/2026/texmf-dist/tex/latex/mathtools/mhsetup.sty)
(/usr/local/texlive/2026/texmf-dist/tex/latex/amsmath/amsmath.sty
For additional information on amsmath, use the `?' option.
(/usr/local/texlive/2026/texmf-dist/tex/latex/amsmath/amstext.sty
(/usr/local/texlive/2026/texmf-dist/tex/latex/amsmath/amsgen.sty))
(/usr/local/texlive/2026/texmf-dist/tex/latex/amsmath/amsbsy.sty)
(/usr/local/texlive/2026/texmf-dist/tex/latex/amsmath/amsopn.sty)))
(/usr/local/texlive/2026/texmf-dist/tex/latex/fancybox/fancybox.sty
Style option: `fancybox' v1.4 <2010/05/15> (tvz)
) (/usr/local/texlive/2026/texmf-dist/tex/latex/colortbl/colortbl.sty)
(/usr/local/texlive/2026/texmf-dist/tex/latex/amsfonts/amssymb.sty
(/usr/local/texlive/2026/texmf-dist/tex/latex/amsfonts/amsfonts.sty))
(/usr/local/texlive/2026/texmf-dist/tex/latex/setspace/setspace.sty)
(/usr/local/texlive/2026/texmf-dist/tex/latex/float/float.sty)
(/usr/local/texlive/2026/texmf-dist/tex/latex/base/inputenc.sty)
(/usr/local/texlive/2026/texmf-dist/tex/generic/babel/babel.sty
(/usr/local/texlive/2026/texmf-dist/tex/generic/babel/txtbabel.def)
(/usr/local/texlive/2026/texmf-dist/tex/generic/babel/locale/en/babel-english.t
ex) (/usr/local/texlive/2026/texmf-dist/tex/generic/babel-english/english.ldf))
 (/usr/local/texlive/2026/texmf-dist/tex/latex/mwe/mwe.sty
(/usr/local/texlive/2026/texmf-dist/tex/latex/lipsum/lipsum.sty
(/usr/local/texlive/2026/texmf-dist/tex/latex/l3packages/l3keys2e/l3keys2e.sty)
(/usr/local/texlive/2026/texmf-dist/tex/latex/lipsum/lipsum.ltd.tex))
(/usr/local/texlive/2026/texmf-dist/tex/latex/blindtext/blindtext.sty
(/usr/local/texlive/2026/texmf-dist/tex/latex/tools/xspace.sty)))
(/usr/local/texlive/2026/texmf-dist/tex/latex/adjustbox/adjustbox.sty
(/usr/local/texlive/2026/texmf-dist/tex/latex/xkeyval/xkeyval.sty
(/usr/local/texlive/2026/texmf-dist/tex/generic/xkeyval/xkeyval.tex
(/usr/local/texlive/2026/texmf-dist/tex/generic/xkeyval/xkvutils.tex)))
(/usr/local/texlive/2026/texmf-dist/tex/latex/adjustbox/adjcalc.sty)
(/usr/local/texlive/2026/texmf-dist/tex/latex/adjustbox/trimclip.sty
(/usr/local/texlive/2026/texmf-dist/tex/latex/collectbox/collectbox.sty)
(/usr/local/texlive/2026/texmf-dist/tex/latex/adjustbox/tc-pdftex.def))
(/usr/local/texlive/2026/texmf-dist/tex/latex/ifoddpage/ifoddpage.sty)
(/usr/local/texlive/2026/texmf-dist/tex/latex/varwidth/varwidth.sty)
==> First Aid for varwidth.sty applied!
) (/usr/local/texlive/2026/texmf-dist/tex/latex/multirow/multirow.sty)
(/usr/local/texlive/2026/texmf-dist/tex/latex/makecell/makecell.sty)
(./annotate_eqs.sty

LaTeX Warning: You have requested package `annotate_eqs',
               but the package provides `annotate-equations'.

(/usr/local/texlive/2026/texmf-dist/tex/generic/iftex/ifluatex.sty)
(/usr/local/texlive/2026/texmf-dist/tex/latex/tikzmark/tikzlibrarytikzmark.code
.tex)
(/usr/local/texlive/2026/texmf-dist/tex/generic/pgf/frontendlayer/tikz/librarie
s/tikzlibrarybabel.code.tex))
(/usr/local/texlive/2026/texmf-dist/tex/generic/pgf/frontendlayer/tikz/librarie
s/tikzlibraryfit.code.tex)
(/usr/local/texlive/2026/texmf-dist/tex/latex/epigraph/epigraph.sty
(/usr/local/texlive/2026/texmf-dist/tex/latex/nextpage/nextpage.sty))
(/usr/local/texlive/2026/texmf-dist/tex/latex/thmbox/thmbox.sty)
(/usr/local/texlive/2026/texmf-dist/tex/latex/tcolorbox/tcbtheorems.code.tex
Library (tcolorbox): 'tcbtheorems.code.tex' version '6.9.0'
) (/usr/local/texlive/2026/texmf-dist/tex/latex/tcolorbox/tcbskins.code.tex
Library (tcolorbox): 'tcbskins.code.tex' version '6.9.0'
(/usr/local/texlive/2026/texmf-dist/tex/latex/tikzfill/tikzfill.image.sty
(/usr/local/texlive/2026/texmf-dist/tex/latex/tikzfill/tikzfill-common.sty)
(/usr/local/texlive/2026/texmf-dist/tex/latex/tikzfill/tikzlibraryfill.image.co
de.tex))
(/usr/local/texlive/2026/texmf-dist/tex/latex/tcolorbox/tcbskinsjigsaw.code.tex
Library (tcolorbox): 'tcbskinsjigsaw.code.tex' version '6.9.0'
))
(/usr/local/texlive/2026/texmf-dist/tex/latex/tcolorbox/tcbbreakable.code.tex
Library (tcolorbox): 'tcbbreakable.code.tex' version '6.9.0'
(/usr/local/texlive/2026/texmf-dist/tex/latex/pdfcol/pdfcol.sty))
(/usr/local/texlive/2026/texmf-dist/tex/latex/algorithms/algorithm.sty)
(/usr/local/texlive/2026/texmf-dist/tex/latex/algorithmicx/algpseudocode.sty
(/usr/local/texlive/2026/texmf-dist/tex/latex/algorithmicx/algorithmicx.sty
Document Style algorithmicx 1.2 - a greatly improved `algorithmic' style
)
Document Style - pseudocode environments for use with the `algorithmicx' style
) (/usr/local/texlive/2026/texmf-dist/tex/latex/cleveref/cleveref.sty)
==> First Aid for cleveref.sty applied!
(/usr/local/texlive/2026/texmf-dist/tex/latex/mdframed/mdframed.sty
(/usr/local/texlive/2026/texmf-dist/tex/latex/zref/zref-abspage.sty
(/usr/local/texlive/2026/texmf-dist/tex/latex/zref/zref-base.sty
(/usr/local/texlive/2026/texmf-dist/tex/generic/etexcmds/etexcmds.sty)
(/usr/local/texlive/2026/texmf-dist/tex/latex/auxhook/auxhook.sty)))
(/usr/local/texlive/2026/texmf-dist/tex/latex/needspace/needspace.sty)
(/usr/local/texlive/2026/texmf-dist/tex/latex/mdframed/md-frame-1.mdf))
(./math_commands.tex (/usr/local/texlive/2026/texmf-dist/tex/latex/tools/bm.sty
) (/usr/local/texlive/2026/texmf-dist/tex/latex/enumitem/enumitem.sty))
(./theorems.tex
(/usr/local/texlive/2026/texmf-dist/tex/latex/tcolorbox/tcbhooks.code.tex
Library (tcolorbox): 'tcbhooks.code.tex' version '6.9.0'
)) (/usr/local/texlive/2026/texmf-dist/tex/latex/psnfss/pifont.sty
(/usr/local/texlive/2026/texmf-dist/tex/latex/psnfss/upzd.fd)
(/usr/local/texlive/2026/texmf-dist/tex/latex/psnfss/upsy.fd))
(/usr/local/texlive/2026/texmf-dist/tex/latex/pstricks/pstricks.sty
(/usr/local/texlive/2026/texmf-dist/tex/generic/xkeyval/pst-xkey.tex)
(/usr/local/texlive/2026/texmf-dist/tex/generic/pstricks/pstricks.tex
(/usr/local/texlive/2026/texmf-dist/tex/generic/pstricks/pst-fp.tex
`pst-fp' v0.06, 2020/11/20 (hv))
`PSTricks' v3.22A  <2025/12/13> (tvz,hv)
--- We are running latex or xelatex ---
(/usr/local/texlive/2026/texmf-dist/tex/generic/pstricks/pstricks.con)
(/usr/local/texlive/2026/texmf-dist/tex/generic/pstricks/pstricks-color.tex)
(/usr/local/texlive/2026/texmf-dist/tex/generic/pstricks/pstricks-arrows.tex)
(/usr/local/texlive/2026/texmf-dist/tex/generic/pstricks/pstricks-dots.tex)
(/usr/local/texlive/2026/texmf-dist/tex/generic/pstricks/pst-code-grid.tex)
(/usr/local/texlive/2026/texmf-dist/tex/generic/pstricks/pst-code-box.tex)
(/usr/local/texlive/2026/texmf-dist/tex/generic/pstricks/pst-code-arc.tex)
(/usr/local/texlive/2026/texmf-dist/tex/generic/pstricks/pst-code-circle_ellips
e.tex)
(/usr/local/texlive/2026/texmf-dist/tex/generic/pstricks/pst-code-ref_rot.tex)
(/usr/local/texlive/2026/texmf-dist/tex/generic/pstricks/pst-code-put.tex)
(/usr/local/texlive/2026/texmf-dist/tex/generic/pstricks/pst-code-pspicture.tex
) (/usr/local/texlive/2026/texmf-dist/tex/generic/pstricks/pstricks.con))
(/usr/local/texlive/2026/texmf-dist/tex/generic/pstricks/pst-fp.tex
`pst-fp' v0.06, 2020/11/20 (hv)))
(/usr/local/texlive/2026/texmf-dist/tex/latex/pstricks-add/pstricks-add.sty
(/usr/local/texlive/2026/texmf-dist/tex/latex/pst-plot/pst-plot.sty
(/usr/local/texlive/2026/texmf-dist/tex/latex/xkeyval/pst-xkey.sty)
(/usr/local/texlive/2026/texmf-dist/tex/latex/multido/multido.sty
(/usr/local/texlive/2026/texmf-dist/tex/generic/multido/multido.tex
 v1.42, 2010/05/14 <tvz>))
(/usr/local/texlive/2026/texmf-dist/tex/generic/pst-plot/pst-plot.tex
(/usr/local/texlive/2026/texmf-dist/tex/generic/pst-tools/pst-tools.tex
`PST-tools' v0.12, 2021/09/23 (hv))
(/usr/local/texlive/2026/texmf-dist/tex/generic/pstricks-add/pstricks-add.tex
(/usr/local/texlive/2026/texmf-dist/tex/generic/pst-node/pst-node.tex
 v1.45, 2024/07/10)
(/usr/local/texlive/2026/texmf-dist/tex/generic/pst-arrow/pst-arrow.tex
`pst-arrow' v0.05, 2021/11/16 (dr,hv))
(/usr/local/texlive/2026/texmf-dist/tex/generic/pst-3d/pst-3d.tex
`PST-3d' v1.11, 2010/02/14 (tvz))
(/usr/local/texlive/2026/texmf-dist/tex/generic/pst-math/pst-math.tex
`pst-math' v0.67 , (CJ,hv)) `pstricks-add' v3.94, 2023/04/17 (dr,hv))
 v1.94, 2022/11/21 (tvz,hv)))
(/usr/local/texlive/2026/texmf-dist/tex/latex/pst-node/pst-node.sty
(/usr/local/texlive/2026/texmf-dist/tex/generic/pst-node/pst-node.tex))
(/usr/local/texlive/2026/texmf-dist/tex/latex/pst-3d/pst-3d.sty
(/usr/local/texlive/2026/texmf-dist/tex/generic/pst-3d/pst-3d.tex))
(/usr/local/texlive/2026/texmf-dist/tex/latex/pst-math/pst-math.sty
(/usr/local/texlive/2026/texmf-dist/tex/latex/pst-calculate/pst-calculate.sty
(/usr/local/texlive/2026/texmf-dist/tex/latex/siunitx/siunitx.sty
(/usr/local/texlive/2026/texmf-dist/tex/latex/translations/translations.sty)))
(/usr/local/texlive/2026/texmf-dist/tex/generic/xstring/xstring.sty
(/usr/local/texlive/2026/texmf-dist/tex/generic/xstring/xstring.tex))
(/usr/local/texlive/2026/texmf-dist/tex/generic/pst-math/pst-math.tex))
(/usr/local/texlive/2026/texmf-dist/tex/generic/pstricks-add/pstricks-add.tex))
 (/usr/local/texlive/2026/texmf-dist/tex/latex/cjk-ko/kotex.sty
(/usr/local/texlive/2026/texmf-dist/tex/latex/kotex-utf/kotex.cfg)
(/usr/local/texlive/2026/texmf-dist/tex/latex/kotex-utf/kotexutf.sty
(/usr/local/texlive/2026/texmf-dist/tex/plain/kotex-plain/kotexutf-core.tex)
(/usr/local/texlive/2026/texmf-dist/tex/latex/kotex-utf/lucenc.dfu)
(/usr/local/texlive/2026/texmf-dist/tex/latex/cjk-ko/kolabels-utf.sty)))
First name missing
First name missing
First name missing
First name missing
First name missing

Package biblatex Warning: Load 'inputenc' before biblatex.


Package csquotes Warning: Load 'inputenc' before 'csquotes' on input line 379.

(build/main_v2.aux)
(/usr/local/texlive/2026/texmf-dist/tex/latex/nanumtype1/lucnanummj.fd)
(/usr/local/texlive/2026/texmf-dist/tex/context/base/mkii/supp-pdf.mkii
[Loading MPS to PDF converter (version 2006.09.02).]
) (/usr/local/texlive/2026/texmf-dist/tex/latex/epstopdf-pkg/epstopdf-base.sty
(/usr/local/texlive/2026/texmf-dist/tex/latex/latexconfig/epstopdf-sys.cfg))
(/usr/local/texlive/2026/texmf-dist/tex/latex/pdflscape/pdflscape.sty
(/usr/local/texlive/2026/texmf-dist/tex/latex/pdflscape/pdflscape-nometadata.st
y (/usr/local/texlive/2026/texmf-dist/tex/latex/graphics/lscape.sty)))

Package microtype Warning: Command \pickup@font is not defined as expected.
(microtype)                Patching it anyway. Some things may break.
(microtype)                Double-check whether micro-typography is indeed
(microtype)                applied to the document.
(microtype)                (Hint: Turn on `verbose' mode).

(/usr/local/texlive/2026/texmf-dist/tex/latex/microtype/mt-cmr.cfg)
(/usr/local/texlive/2026/texmf-dist/tex/latex/biblatex/lbx/english.lbx)
(build/main_v2.bbl)
*geometry* driver: auto-detecting
*geometry* detected driver: pdftex

(/usr/local/texlive/2026/texmf-dist/tex/latex/translations/translations-basic-d
ictionary-english.trsl)
(/usr/local/texlive/2026/texmf-dist/tex/latex/lm/t1lmss.fd)
(/usr/local/texlive/2026/texmf-dist/tex/latex/lm/ot1lmr.fd)
(/usr/local/texlive/2026/texmf-dist/tex/latex/lm/omllmm.fd)
(/usr/local/texlive/2026/texmf-dist/tex/latex/lm/omslmsy.fd)
(/usr/local/texlive/2026/texmf-dist/tex/latex/lm/omxlmex.fd)
(/usr/local/texlive/2026/texmf-dist/tex/latex/jknapltx/ursfs.fd)
(/usr/local/texlive/2026/texmf-dist/tex/latex/stmaryrd/Ustmry.fd)
(/usr/local/texlive/2026/texmf-dist/tex/latex/amsfonts/umsa.fd)
(/usr/local/texlive/2026/texmf-dist/tex/latex/microtype/mt-msa.cfg)
(/usr/local/texlive/2026/texmf-dist/tex/latex/amsfonts/umsb.fd)
(/usr/local/texlive/2026/texmf-dist/tex/latex/microtype/mt-msb.cfg)

LaTeX Font Warning: Font shape `U/stmry/b/n' undefined
(Font)              using `U/stmry/m/n' instead on input line 379.


LaTeX Font Warning: Font shape `U/rsfs/m/n' in size <13> not available
(Font)              size <12> substituted on input line 379.


LaTeX Font Warning: Font shape `U/rsfs/m/n' in size <6.5> not available
(Font)              size <6> substituted on input line 379.


LaTeX Font Warning: Font shape `U/stmry/m/n' in size <13> not available
(Font)              size <12> substituted on input line 379.


LaTeX Font Warning: Font shape `U/stmry/m/n' in size <6.5> not available
(Font)              size <6> substituted on input line 379.


LaTeX Font Warning: Font shape `U/stmry/b/n' in size <13> not available
(Font)              size <12> substituted on input line 379.


LaTeX Font Warning: Font shape `U/stmry/b/n' in size <6.5> not available
(Font)              size <6> substituted on input line 379.

[1
Non-PDF special ignored!
<special> header=pstricks.pro
Non-PDF special ignored!
<special> header=pst-algparser.pro
Non-PDF special ignored!
<special> header=pst-tools.pro
Non-PDF special ignored!
<special> header=pst-dots.pro
Non-PDF special ignored!
<special> header=pst-node.pro
Non-PDF special ignored!
<special> header=pst-3d.pro
Non-PDF special ignored!
<special> header=pst-math.pro
Non-PDF special ignored!
<special> header=pstricks-add.pro
Non-PDF special ignored!
<special> ps: /pssetRGBcolor /setrgbcolor load def /pssetCMYKcolor /setcmyk...
Non-PDF special ignored!
<special> ps:tx@Dict begin  gsave STV CP T /ps@rot 0 def grestore  end
Non-PDF special ignored!
<special> ps:tx@Dict begin  gsave STV CP T /ps@refangle 0.  def grestore  e...
Non-PDF special ignored!
<special> ps:tx@Dict begin  gsave STV CP T /ps@rot 0 def grestore  end
{/usr/local/texlive/2026/texmf-var/fonts/map/pdftex/updmap/pdftex.map}{/usr/loc
al/texlive/2026/texmf-dist/fonts/enc/dvips/lm/lm-ec.enc}] (build/main_v2.toc
[2] [3] (/usr/local/texlive/2026/texmf-dist/tex/latex/lm/t1lmtt.fd) [4])
[5] (./fnfix.tex) (/usr/local/texlive/2026/texmf-dist/tex/latex/lm/ts1lmr.fd)
[1{/usr/local/texlive/2026/texmf-dist/fonts/enc/dvips/lm/lm-ts1.enc}] [2]
(./Preface.tex [3] [4] [5] [6 <./Images/PartA/diffusion_forward_vs_reverse.pdf>
] [7{/usr/local/texlive/2026/texmf-dist/fonts/enc/dvips/lm/lm-mathsy.enc}]
[8]
Underfull \vbox (badness 10000) has occurred while \output is active [9]
[10]) (./notations.tex [11]
Underfull \vbox (badness 10000) has occurred while \output is active [12{/usr/l
ocal/texlive/2026/texmf-dist/fonts/enc/dvips/lm/lm-mathit.enc}{/usr/local/texli
ve/2026/texmf-dist/fonts/enc/dvips/lm/lm-rm.enc}]
Overfull \hbox (23.66492pt too wide) in paragraph at lines 86--86
[]$\U/msb/m/n/10.95 E[]\OT1/lmr/bx/n/10.95 (-20) f\OT1/lmr/m/n/10.95 (-20) (\OT
1/lmr/bx/n/10.95 (-20) x\OT1/lmr/m/n/10.95 (-20) ) \OMS/lmsy/m/n/10.95 j \OT1/l
mr/bx/n/10.95 (-20) z[]$\T1/lmr/m/n/10.95 (-20) ,  

Overfull \hbox (42.28333pt too wide) in paragraph at lines 86--86
\U/msb/m/n/10.95 E[][]\OT1/lmr/bx/n/10.95 (-20) f\OT1/lmr/m/n/10.95 (-20) (\OT1
/lmr/bx/n/10.95 (-20) x\OT1/lmr/m/n/10.95 (-20) )[]$  

Underfull \vbox (badness 1603) has occurred while \output is active [13{/usr/lo
cal/texlive/2026/texmf-dist/fonts/enc/dvips/lm/lm-mathex.enc}]) [14] [15]
(./Prologue-Deep-Generative-Modeling.tex
Chapter 1.
[16] [17] [18 <./Images/PartB/dgm-learning.pdf>]
Overfull \hbox (1.45654pt too wide) in paragraph at lines 232--241
\T1/lmr/m/n/10.95 (-20) It mea-sures the dis-crep-ancy be-tween the \T1/lmr/m/i
t/10.95 (-20) score func-tions $\OMS/lmsy/m/n/10.95 r[] [] \OML/lmm/m/it/10.95 
p\OT1/lmr/m/n/10.95 (-20) (\OT1/lmr/bx/n/10.95 (-20) x\OT1/lmr/m/n/10.95 (-20) 
)$ \T1/lmr/m/n/10.95 (-20) and $\OMS/lmsy/m/n/10.95 r[] [] \OML/lmm/m/it/10.95 
q\OT1/lmr/m/n/10.95 (-20) (\OT1/lmr/bx/n/10.95 (-20) x\OT1/lmr/m/n/10.95 (-20) 
)$\T1/lmr/m/n/10.95 (-20) ,
[19] [20] [21]

LaTeX Warning: Float too large for page by 23.41594pt on input line 528.

[22]
Overfull \hbox (35.57693pt too wide) in paragraph at lines 744--745
[] []\T1/lmss/bx/n/10.95 (-20) Nor-mal-iz-ing Flows.[] \T1/lmr/m/n/10.95 (-20) 
Clas-sic flow-based mod-els, such as Nor-mal-iz-ing Flows (NFs) ([]Rezende
[23] [24] [25]) [26] [27] [28] (./Part-B-diagram.tex)
(./Chapter-1-Varational-Perspective-From-VAE-to-DDPM.tex [29]
Chapter 2.
[30] [31]
Underfull \vbox (badness 6477) has occurred while \output is active [32]
[33] [34] [35] [36] [37] [38] [39] [40] [41] [42 <./Images/PartB/vdm-forward.pd
f>] [43 <./Images/PartB/vdm-backward.pdf>] [44 <./Images/PartB/ddpm_conditional
_trick.pdf>] [45] [46] [47] [48] [49] [50] [51] [52 <./Images/PartB/diffusion-c
lean.pdf>]) (./Chapter-2-Score-Based-Perspective-From-EBMs-to-NCSN.tex [53]
Chapter 3.
[54] [55 <./Images/PartB/ebm-graph.pdf>] [56] [57 <./Images/PartB/score_functio
n_plot.pdf>] [58 <./Images/PartB/langevin_sampling.png>] [59] [60]

Package mdframed Warning: You got a bad break
(mdframed)                because the last box will be empty
(mdframed)                you have to change it manually
(mdframed)                by changing the text, the space
(mdframed)                or something else on input line 495.


Overfull \vbox (16.57092pt too high) detected at line 495

Overfull \vbox (17.57092pt too high) detected at line 495

Overfull \vbox (18.57092pt too high) detected at line 495

Overfull \vbox (19.57092pt too high) detected at line 495

Overfull \vbox (20.57092pt too high) detected at line 495

Overfull \vbox (21.57092pt too high) detected at line 495

Overfull \vbox (22.57092pt too high) detected at line 495

Overfull \vbox (23.57092pt too high) detected at line 495

Overfull \vbox (24.57092pt too high) detected at line 495

Overfull \vbox (25.57092pt too high) detected at line 495

Overfull \vbox (26.57092pt too high) detected at line 495

Overfull \vbox (27.57092pt too high) detected at line 495

Overfull \vbox (28.57092pt too high) detected at line 495

Overfull \vbox (29.57092pt too high) detected at line 495

Overfull \vbox (30.57092pt too high) detected at line 495

Overfull \vbox (31.57092pt too high) detected at line 495

Overfull \vbox (32.57092pt too high) detected at line 495

Overfull \vbox (33.57092pt too high) detected at line 495

Overfull \vbox (34.57092pt too high) detected at line 495

Overfull \vbox (35.57092pt too high) detected at line 495

Overfull \vbox (36.57092pt too high) detected at line 495

Overfull \vbox (37.57092pt too high) detected at line 495

Overfull \vbox (38.57092pt too high) detected at line 495

Overfull \vbox (39.57092pt too high) detected at line 495

Overfull \vbox (40.57092pt too high) detected at line 495

Overfull \vbox (41.57092pt too high) detected at line 495

Overfull \vbox (42.57092pt too high) detected at line 495

Overfull \vbox (43.57092pt too high) detected at line 495

Overfull \vbox (44.57092pt too high) detected at line 495

Overfull \vbox (45.57092pt too high) detected at line 495

Overfull \vbox (46.57092pt too high) detected at line 495

Overfull \vbox (47.57092pt too high) detected at line 495

Overfull \vbox (48.57092pt too high) detected at line 495

Overfull \vbox (49.57092pt too high) detected at line 495

Overfull \vbox (50.57092pt too high) detected at line 495

Overfull \vbox (51.57092pt too high) detected at line 495

Overfull \vbox (52.57092pt too high) detected at line 495

Overfull \vbox (53.57092pt too high) detected at line 495

Overfull \vbox (54.57092pt too high) detected at line 495

Overfull \vbox (55.57092pt too high) detected at line 495

Overfull \vbox (56.57092pt too high) detected at line 495

Overfull \vbox (57.57092pt too high) detected at line 495

Overfull \vbox (58.57092pt too high) detected at line 495

Overfull \vbox (59.57092pt too high) detected at line 495

Overfull \vbox (60.57092pt too high) detected at line 495

Overfull \vbox (61.57092pt too high) detected at line 495

Overfull \vbox (62.57092pt too high) detected at line 495

Overfull \vbox (63.57092pt too high) detected at line 495

Overfull \vbox (64.57092pt too high) detected at line 495

Overfull \vbox (65.57092pt too high) detected at line 495

Overfull \vbox (66.57092pt too high) detected at line 495

Overfull \vbox (67.57092pt too high) detected at line 495

Overfull \vbox (68.57092pt too high) detected at line 495

Overfull \vbox (69.57092pt too high) detected at line 495

Overfull \vbox (70.57092pt too high) detected at line 495

Overfull \vbox (71.57092pt too high) detected at line 495

Overfull \vbox (72.57092pt too high) detected at line 495

Overfull \vbox (73.57092pt too high) detected at line 495

Overfull \vbox (74.57092pt too high) detected at line 495

Overfull \vbox (75.57092pt too high) detected at line 495

Overfull \vbox (76.57092pt too high) detected at line 495

Overfull \vbox (77.57092pt too high) detected at line 495

Overfull \vbox (78.57092pt too high) detected at line 495

Overfull \vbox (79.57092pt too high) detected at line 495

Overfull \vbox (80.57092pt too high) detected at line 495

Overfull \vbox (81.57092pt too high) detected at line 495

Overfull \vbox (82.57092pt too high) detected at line 495

Overfull \vbox (83.57092pt too high) detected at line 495

Overfull \vbox (84.57092pt too high) detected at line 495

Overfull \vbox (85.57092pt too high) detected at line 495

Overfull \vbox (86.57092pt too high) detected at line 495

Overfull \vbox (87.57092pt too high) detected at line 495

Overfull \vbox (88.57092pt too high) detected at line 495

Overfull \vbox (89.57092pt too high) detected at line 495

Overfull \vbox (90.57092pt too high) detected at line 495

Overfull \vbox (91.57092pt too high) detected at line 495

Overfull \vbox (92.57092pt too high) detected at line 495

Overfull \vbox (93.57092pt too high) detected at line 495

Overfull \vbox (94.57092pt too high) detected at line 495

Overfull \vbox (95.57092pt too high) detected at line 495

Overfull \vbox (96.57092pt too high) detected at line 495

Overfull \vbox (97.57092pt too high) detected at line 495

Overfull \vbox (98.57092pt too high) detected at line 495

Overfull \vbox (99.57092pt too high) detected at line 495

Overfull \vbox (100.57092pt too high) detected at line 495

Overfull \vbox (101.57092pt too high) detected at line 495

Overfull \vbox (102.57092pt too high) detected at line 495

Overfull \vbox (103.57092pt too high) detected at line 495

Overfull \vbox (104.57092pt too high) detected at line 495

Overfull \vbox (105.57092pt too high) detected at line 495

Overfull \vbox (106.57092pt too high) detected at line 495

Overfull \vbox (107.57092pt too high) detected at line 495

Overfull \vbox (108.57092pt too high) detected at line 495

Overfull \vbox (109.57092pt too high) detected at line 495

Overfull \vbox (110.57092pt too high) detected at line 495

Overfull \vbox (111.57092pt too high) detected at line 495

Overfull \vbox (112.57092pt too high) detected at line 495

Overfull \vbox (113.57092pt too high) detected at line 495

Overfull \vbox (114.57092pt too high) detected at line 495

Overfull \vbox (115.57092pt too high) detected at line 495

Overfull \vbox (116.57092pt too high) detected at line 495

Overfull \vbox (117.57092pt too high) detected at line 495

Package mdframed Warning: correct box splittet fails
 It seems you are using a non splittable contents
(mdframed)                 on input line 495.

[61 <./Images/PartB/score_function_approximation.pdf>] [62] [63] [64] [65]
[66] [67] [68 <./Images/PartB/dsm-graph.pdf>]
Overfull \hbox (24.70169pt too wide) in paragraph at lines 790--790
\T1/lmr/m/n/10.95 (-20) The proof pro-ceeds by com-put-ing the score of the mar
ginal $\OML/lmm/m/it/10.95 p\OT1/lmr/m/n/10.95 (-20) ([]) = [] \OML/lmm/m/it/10
.95 p\OT1/lmr/m/n/10.95 (-20) ([]\OMS/lmsy/m/n/10.95 j\OT1/lmr/bx/n/10.95 (-20)
 x\OT1/lmr/m/n/10.95 (-20) )\OML/lmm/m/it/10.95 p[]\OT1/lmr/m/n/10.95 (-20) (\O
T1/lmr/bx/n/10.95 (-20) x\OT1/lmr/m/n/10.95 (-20) ) []  d\OT1/lmr/bx/n/10.95 (-
20) x$\T1/lmr/m/n/10.95 (-20) .
[69] [70] [71]
Overfull \hbox (13.39633pt too wide) in paragraph at lines 915--916
[] []\T1/lmss/bx/n/10.95 (-20) Link to Tweedie's For-mula and Bayes Op-ti-mal-i
ty.[] \T1/lmr/m/n/10.95 (-20) Let $\OML/lmm/m/it/10.95 p[]\OT1/lmr/m/n/10.95 (-
20) ([]) = []\OML/lmm/m/it/10.95 p[] \OMS/lmsy/m/n/10.95 ^^C N\OT1/lmr/m/n/10.9
5 (-20) (\OT1/lmr/bx/n/10.95 (-20) 0\OML/lmm/m/it/10.95 ; ^^[[]\OT1/lmr/bx/n/10
.95 (-20) I\OT1/lmr/m/n/10.95 (-20) )[]([])$

Overfull \hbox (12.46419pt too wide) in paragraph at lines 923--927
\T1/lmr/m/n/10.95 (-20) Hence min-i-miz-ing the ex-pected SURE equals min-i-miz
-ing the Bayes risk $\U/msb/m/n/10.95 E[][]\OMS/lmsy/m/n/10.95 k\OT1/lmr/bx/n/1
0.95 (-20) D\OT1/lmr/m/n/10.95 (-20) ([]) \OMS/lmsy/m/n/10.95 ^^@
[72] [73] [74] [75] [76 <./Images/PartB/score_function_acc.pdf>] [77 <./Images/
PartB/ncsn-graph.pdf>] [78] [79] [80] [81])
(./Chapter-3-Diffusion-Models-Today-Score-SDE-Framework.tex [82]
Chapter 4.
[83] [84 <./Images/PartB/score_landscape_2d.pdf>] [85] [86 <./Images/PartB/sde-
forward-noise.pdf>]
Overfull \hbox (11.15501pt too wide) in paragraph at lines 134--136
[]\T1/lmr/m/n/10.95 (-20) With this for-mu-la-tion, ear-lier meth-ods based on 
dis-crete time, such as NCSN ([]Song
[87 <./Images/PartB/forward_sde_ode_trajectories.pdf>] [88] [89 <./Images/PartB
/reverse_sde_and_ode_trajectories.pdf>] [90] [91] [92] [93]
Underfull \vbox (badness 10000) has occurred while \output is active [94]

LaTeX Warning: Text page 95 contains only floats.

[95 <./Images/PartB/score_sde_three_dynamics.pdf>]
Underfull \vbox (badness 3168) has occurred while \output is active [96]
[97] [98] [99] [100] [101] [102 <./Images/PartB/denoising_score_matching.pdf>]
[103]
Underfull \vbox (badness 1642) has occurred while \output is active [104 <./Ima
ges/PartB/sde_ode_trajectories.pdf>] [105] [106] [107] [108] [109] [110]
[111 <./Images/PartB/vdm-sde.pdf>] [112]
Underfull \vbox (badness 10000) has occurred while \output is active [113]
[114] [115] [116]

Package hyperref Warning: Token not allowed in a PDF string (Unicode):
(hyperref)                removing `\\' on input line 1256.


Package fancyhdr Warning: \headheight is too small (14.4pt): 
(fancyhdr)                Make it at least 26.78468pt, for example:
(fancyhdr)                \setlength{\headheight}{26.78468pt}.
(fancyhdr)                You might also make \topmargin smaller:
(fancyhdr)                \addtolength{\topmargin}{-12.38469pt}.

[117] [118]
Overfull \hbox (0.69289pt too wide) in paragraph at lines 1374--1375
[] []\T1/lmss/bx/n/10.95 (-20) Sub-sti-tut-ing into the Re-verse Tran-si-tion.[
] \T1/lmr/m/n/10.95 (-20) Sub-sti-tut-ing equa-tions Equa-tion ([][]4.1.2[][])

Package fancyhdr Warning: \headheight is too small (14.4pt): 
(fancyhdr)                Make it at least 26.78468pt, for example:
(fancyhdr)                \setlength{\headheight}{26.78468pt}.
(fancyhdr)                You might also make \topmargin smaller:
(fancyhdr)                \addtolength{\topmargin}{-12.38469pt}.

[119]
Overfull \hbox (1.01869pt too wide) in paragraph at lines 1406--1408
\T1/lmr/m/n/10.95 (-20) The ad-di-tional term $\OMS/lmsy/m/n/10.95 k\OML/lmm/m/
it/10.95 g[]\OT1/lmr/m/n/10.95 (-20) (\OML/lmm/m/it/10.95 t\OT1/lmr/m/n/10.95 (
-20) )^^A\OML/lmm/m/it/10.95 t\OMS/lmsy/m/n/10.95 r[] [] \OML/lmm/m/it/10.95 p[
]\OT1/lmr/m/n/10.95 (-20) (\OT1/lmr/bx/n/10.95 (-20) x[]\OT1/lmr/m/n/10.95 (-20
) )\OMS/lmsy/m/n/10.95 k[]$ \T1/lmr/m/n/10.95 (-20) from com-plet-ing the squar
e is $\OMS/lmsy/m/n/10.95 O\OT1/lmr/m/n/10.95 (-20) ((^^A\OML/lmm/m/it/10.95 t\
OT1/lmr/m/n/10.95 (-20) )[])$
[120]) (./Chapter-4-Flow-Based-Perspective-From-NFs-to-Flow-Matching.tex
[121]
Chapter 5.
[122] [123]
Underfull \vbox (badness 2277) has occurred while \output is active [124 <./Ima
ges/PartB/flow_density.pdf>] [125] [126]
Overfull \hbox (9.0443pt too wide) in paragraph at lines 252--253
[]\T1/lmr/m/n/10.95 (-20) This for-mu-la-tion, in-deed, cor-re-sponds to the Eu
-ler dis-cretiza-tion of the continuous-
[127 <./Images/PartB/discrete_vs_continuous_side_by_side_white.pdf>]
Underfull \vbox (badness 1448) has occurred while \output is active [128]
[129 <./Images/PartB/cov_2d_layers.pdf>] [130] [131] [132] [133 <./Images/PartB
/data_vs_prior_cone_with_oval.pdf>] [134 <./Images/PartB/four_panel_simple.pdf>
] [135] [136] [137] [138]
Underfull \vbox (badness 1983) has occurred while \output is active [139 <./Ima
ges/PartB/flow_matching_conditional.pdf>] [140] [141] [142] [143] [144]
[145] [146] [147 <./Images/PartB/triptych_gray_cones_final.pdf>] [148] [149]
[150]
Overfull \hbox (4.95784pt too wide) in paragraph at lines 1170--1171
[] [] \T1/lmss/bx/n/10.95 (-20) Two-Sided Con-di-tion-ing ($\OT1/lmr/bx/n/10.95
 (-20) z = (x[]\OML/lmm/b/it/10.95 ; \OT1/lmr/bx/n/10.95 (-20) x[])$\T1/lmss/bx
/n/10.95 (-20) ).[] \T1/lmr/m/n/10.95 (-20) The same tem-plate with $\OML/lmm/b
/it/10.95 ^^V[]\OT1/lmr/m/n/10.95 (-20) (\OT1/lmr/bx/n/10.95 (-20) x[]\OML/lmm/
m/it/10.95 ; \OT1/lmr/bx/n/10.95 (-20) x[]\OT1/lmr/m/n/10.95 (-20) ) =
[151] [152]
Underfull \hbox (badness 4872) in paragraph at lines 1208--1208
[]|\T1/lmr/m/n/7 (+20) Convenient when $\OML/lmm/m/it/7 p[]\OT1/lmr/m/n/7 (+20)
 (\OMS/lmsy/m/n/7 ^^Aj\OT1/lmr/bx/n/7 (+20) z\OT1/lmr/m/n/7 (+20) )$ \T1/lmr/m/
n/7 (+20) is Gaus-sian /

Underfull \hbox (badness 10000) in paragraph at lines 1208--1209
[]|\T1/lmr/m/n/7 (+20) Given $\OT1/lmr/bx/n/7 (+20) 	[]\OT1/lmr/m/n/7 (+20) (\O
MS/lmsy/m/n/7 ^^Aj\OT1/lmr/bx/n/7 (+20) z\OT1/lmr/m/n/7 (+20) )$\T1/lmr/m/n/7 (
+20) , both $\OML/lmm/m/it/7 p[]\OT1/lmr/m/n/7 (+20) (\OMS/lmsy/m/n/7 ^^Aj\OT1/
lmr/bx/n/7 (+20) z\OT1/lmr/m/n/7 (+20) ) =

Underfull \hbox (badness 10000) in paragraph at lines 1208--1209
\OT1/lmr/m/n/7 (+20) (\OT1/lmr/bx/n/7 (+20) 	[]\OT1/lmr/m/n/7 (+20) (\OMS/lmsy/
m/n/7 ^^Aj\OT1/lmr/bx/n/7 (+20) z\OT1/lmr/m/n/7 (+20) ))[]\OML/lmm/m/it/7 p[]$ 
\T1/lmr/m/n/7 (+20) and $\OT1/lmr/bx/n/7 (+20) v[]\OT1/lmr/m/n/7 (+20) (\OMS/lm
sy/m/n/7 ^^Aj\OT1/lmr/bx/n/7 (+20) z\OT1/lmr/m/n/7 (+20) )$ \T1/lmr/m/n/7 (+20)
 are de-ter-

Underfull \hbox (badness 10000) in paragraph at lines 1213--1215
\T1/lmr/m/n/7 (+20) easy bound-ary con-trol; ac-com-mo-dates

Overfull \hbox (4.65683pt too wide) in paragraph at lines 1205--1215
 [] 
[153] [154] [155 <./Images/PartB/straightness_counterexample.pdf>] [156]
pdfTeX warning (ext4): destination with the same identifier (name{ALG@line.1}) 
has been already used, duplicate ignored
<to be read again> 
                   \relax 
l.1406 \State
              \textbfs{Pre-Train Diffusion.} Fit $\rvv_{\bphi^\times}$ on th...

pdfTeX warning (ext4): destination with the same identifier (name{ALG@line.2}) 
has been already used, duplicate ignored
<to be read again> 
                   \relax 
l.1411 \State
              \textbfs{Rectify.} Sample $\rvz_0 \sim p_{\text{src}}$ and int...
[157] [158] [159] [160 <./Images/PartB/rectified_flow_trained.pdf>] [161])
(./Chapter-5-They-Are-All-Equivalent.tex [162]
Chapter 6.
[163] [164] [165] [166] [167] [168] [169]
Overfull \hbox (7.82498pt too wide) in paragraph at lines 313--314
[]\T1/lmr/m/n/10.95 (-20) Prediction types of $[][]$ and their as-so-ci-ated re
-gres-sion tar-gets $[][]$; 
[170] (/usr/local/texlive/2026/texmf-dist/tex/latex/lm/ot1lmtt.fd) [171{/usr/lo
cal/texlive/2026/texmf-dist/fonts/enc/dvips/lm/lm-rmtt.enc}] [172] [173]
[174] [175]
Underfull \vbox (badness 10000) has occurred while \output is active [176]
[177] [178] [179] [180] [181] [182] [183]
Underfull \vbox (badness 1874) has occurred while \output is active [184]
[185] [186] [187] [188] [189]) (./Chapter-4-plus-OT-and-Diffusion-Model.tex
[190]
Chapter 7.

Overfull \hbox (7.4983pt too wide) in paragraph at lines 13--24
\T1/lmr/m/n/10.95 (-20) trans-port, and Schrödinger bridges as for-mu-la-tions 
of the dis-tri-bu-tion^^Uto^^Udistribution
[191]
Underfull \vbox (badness 10000) detected at line 59
[192] [193] [194 <./Images/PartB/ot_2d_coupling_comparison.pdf>] [195] [196]
[197 <./Images/PartB/ot_illustration.pdf>] [198] [199] [200]
Underfull \vbox (badness 1253) has occurred while \output is active [201 <./Ima
ges/PartB/sb_illustration.pdf>] [202]
Overfull \hbox (3.07677pt too wide) in paragraph at lines 557--559
\T1/lmr/m/n/10.95 (-20) In the reverse-time stochas-tic con-trol for-mu-la-tion
 of Equa-tion ([][]7.2.8[][])(same quadratic
[203] [204] [205] [206] [207 <./Images/PartB/eot_epsilon_interpolation.pdf>]
[208] [209] [210] [211] [212] [213] [214] [215] [216 <./Images/PartB/pfode_vs_o
t_2d.pdf>] [217] [218] [219]
Underfull \vbox (badness 10000) has occurred while \output is active [220]
[221] [222] [223] [224]) [225] (./Part-C-D-diagram.tex)
(./Chapter-6-Guidance.tex [226]
Chapter 8.
[227] [228 <./Images/PartC/guidance.pdf>] [229] [230] [231] [232] [233]
[234] [235 <./Images/PartB/classifier_guidance_v2.pdf>]
pdfTeX warning (ext4): destination with the same identifier (name{ALG@line.1}) 
has been already used, duplicate ignored
<to be read again> 
                   \relax 
l.463       \Repeat
                   
pdfTeX warning (ext4): destination with the same identifier (name{ALG@line.2}) 
has been already used, duplicate ignored
<to be read again> 
                   \relax 
l.464         \State
                     $\rvx \sim p_{\text{data}}(\rvx)$
pdfTeX warning (ext4): destination with the same identifier (name{ALG@line.3}) 
has been already used, duplicate ignored
<to be read again> 
                   \relax 
l.465         \State
                     $t \sim \mathcal{U}[0, T]$
pdfTeX warning (ext4): destination with the same identifier (name{ALG@line.4}) 
has been already used, duplicate ignored
<to be read again> 
                   \relax 
l.466         \State
                     $\bm{\epsilon} \sim \mathcal{N}(\mathbf{0}, \mathbf{I})$
pdfTeX warning (ext4): destination with the same identifier (name{ALG@line.5}) 
has been already used, duplicate ignored
<to be read again> 
                   \relax 
l.467         \State
                     $\rvx_t = \alpha_t \rvx + \sigma_t \bm{\epsilon}$
pdfTeX warning (ext4): destination with the same identifier (name{ALG@line.6}) 
has been already used, duplicate ignored
<to be read again> 
                   \relax 
l.468         \State
                     Take gradient step on:
pdfTeX warning (ext4): destination with the same identifier (name{ALG@line.7}) 
has been already used, duplicate ignored
<to be read again> 
                   \relax 
l.470       \Until
                  {converged}
Underfull \hbox (badness 4479) in paragraph at lines 481--482
[][]$\OML/lmm/m/it/10 p[]$\T1/lmr/m/n/10 (+20) : prob. of un-con-di-tional

pdfTeX warning (ext4): destination with the same identifier (name{ALG@line.1}) 
has been already used, duplicate ignored
<to be read again> 
                   \relax 
l.482       \Repeat
                   
pdfTeX warning (ext4): destination with the same identifier (name{ALG@line.2}) 
has been already used, duplicate ignored
<to be read again> 
                   \relax 
l.483         \State
                     \textcolor{orange}{$(\rvx, \rvc) \sim p_{\text{data}}(\...

pdfTeX warning (ext4): destination with the same identifier (name{ALG@line.3}) 
has been already used, duplicate ignored
<to be read again> 
                   \relax 
l.484         \State
                     \textcolor{orange}{$\rvc \gets \emptyset$ with prob. $p...

pdfTeX warning (ext4): destination with the same identifier (name{ALG@line.4}) 
has been already used, duplicate ignored
<to be read again> 
                   \relax 
l.485         \State
                     $t \sim \mathcal{U}[0, T]$
pdfTeX warning (ext4): destination with the same identifier (name{ALG@line.5}) 
has been already used, duplicate ignored
<to be read again> 
                   \relax 
l.486         \State
                     $\bm{\epsilon} \sim \mathcal{N}(\mathbf{0}, \mathbf{I})$
pdfTeX warning (ext4): destination with the same identifier (name{ALG@line.6}) 
has been already used, duplicate ignored
<to be read again> 
                   \relax 
l.487         \State
                     $\rvx_t = \alpha_t \rvx + \sigma_t \bm{\epsilon}$
pdfTeX warning (ext4): destination with the same identifier (name{ALG@line.7}) 
has been already used, duplicate ignored
<to be read again> 
                   \relax 
l.488         \State
                     Take gradient step on:
pdfTeX warning (ext4): destination with the same identifier (name{ALG@line.8}) 
has been already used, duplicate ignored
<to be read again> 
                   \relax 
l.490       \Until
                  {converged}
Underfull \vbox (badness 1824) has occurred while \output is active [236]
[237] [238] [239] [240]
Underfull \vbox (badness 10000) has occurred while \output is active [241]
[242] [243] [244] [245] [246]

Package fancyhdr Warning: \headheight is too small (14.4pt): 
(fancyhdr)                Make it at least 26.32425pt, for example:
(fancyhdr)                \setlength{\headheight}{26.32425pt}.
(fancyhdr)                You might also make \topmargin smaller:
(fancyhdr)                \addtolength{\topmargin}{-11.92426pt}.

[247] [248]

Package fancyhdr Warning: \headheight is too small (14.4pt): 
(fancyhdr)                Make it at least 26.32425pt, for example:
(fancyhdr)                \setlength{\headheight}{26.32425pt}.
(fancyhdr)                You might also make \topmargin smaller:
(fancyhdr)                \addtolength{\topmargin}{-11.92426pt}.

[249]
Overfull \hbox (13.97963pt too wide) in paragraph at lines 1063--1065
\T1/lmr/m/n/10.95 (-20) where $\OML/lmm/m/it/10.95 ^^Y[]\OT1/lmr/m/n/10.95 (-20
) (\OT1/lmr/bx/n/10.95 (-20) x\OMS/lmsy/m/n/10.95 j\OT1/lmr/bx/n/10.95 (-20) c\
OT1/lmr/m/n/10.95 (-20) ) := \OML/lmm/m/it/10.95 p[]\OT1/lmr/m/n/10.95 (-20) (\
OT1/lmr/bx/n/10.95 (-20) x\OMS/lmsy/m/n/10.95 j\OT1/lmr/bx/n/10.95 (-20) c\OT1/
lmr/m/n/10.95 (-20) )$\T1/lmr/m/n/10.95 (-20) , and $\OML/lmm/m/it/10.95 Z\OT1/
lmr/m/n/10.95 (-20) (\OT1/lmr/bx/n/10.95 (-20) c\OT1/lmr/m/n/10.95 (-20) )$ \T1
/lmr/m/n/10.95 (-20) is the par-ti-tion func-tion en-sur-ing $[] \OML/lmm/m/it/
10.95 ^^Y[]\OT1/lmr/m/n/10.95 (-20) (\OT1/lmr/bx/n/10.95 (-20) x\OMS/lmsy/m/n/1
0.95 j\OT1/lmr/bx/n/10.95 (-20) c\OT1/lmr/m/n/10.95 (-20) ) []  d\OT1/lmr/bx/n/
10.95 (-20) x \OT1/lmr/m/n/10.95 (-20) =
[250]

Package fancyhdr Warning: \headheight is too small (14.4pt): 
(fancyhdr)                Make it at least 26.32425pt, for example:
(fancyhdr)                \setlength{\headheight}{26.32425pt}.
(fancyhdr)                You might also make \topmargin smaller:
(fancyhdr)                \addtolength{\topmargin}{-11.92426pt}.

[251] [252]

Package fancyhdr Warning: \headheight is too small (14.4pt): 
(fancyhdr)                Make it at least 26.32425pt, for example:
(fancyhdr)                \setlength{\headheight}{26.32425pt}.
(fancyhdr)                You might also make \topmargin smaller:
(fancyhdr)                \addtolength{\topmargin}{-11.92426pt}.

[253] [254]

Package fancyhdr Warning: \headheight is too small (14.4pt): 
(fancyhdr)                Make it at least 26.32425pt, for example:
(fancyhdr)                \setlength{\headheight}{26.32425pt}.
(fancyhdr)                You might also make \topmargin smaller:
(fancyhdr)                \addtolength{\topmargin}{-11.92426pt}.

[255]) (./Chapter-7-Sophisticated-Solvers-for-Fast-Sampling.tex [256]
Chapter 9.
[257]
Overfull \hbox (8.45221pt too wide) in paragraph at lines 24--26
[]\T1/lmr/m/n/10.95 (-20) Concretely, sup-pose we have a pre-trained dif-fu-sio
n model $\OT1/lmr/bx/n/10.95 (-20) s[]\OT1/lmr/m/n/10.95 (-20) (\OT1/lmr/bx/n/1
0.95 (-20) x\OML/lmm/m/it/10.95 ; t\OT1/lmr/m/n/10.95 (-20) ) \OMS/lmsy/m/n/10.
95 ^^Y r[] [] \OML/lmm/m/it/10.95 p[]\OT1/lmr/m/n/10.95 (-20) (\OT1/lmr/bx/n/10
.95 (-20) x\OT1/lmr/m/n/10.95 (-20) )$
[258]
Overfull \hbox (1.7571pt too wide) in paragraph at lines 94--96
\T1/lmr/m/n/10.95 (-20) vates spe-cial-ized in-te-gra-tors (see dis-cus-sion ne
ar Equa-tion ([][]9.1.6[][]) be-low) ([]Hochbruck
[259] [260] [261]
Overfull \hbox (5.58119pt too wide) in paragraph at lines 236--237
\T1/lmr/m/n/10.95 (-20) fam-ily, in-clud-ing DPM-Solver ([]Lu \T1/lmr/m/it/10.9
5 (-20) et al.\T1/lmr/m/n/10.95 (-20) , [][]2022b[][]) (Sec-tion [][]9.4[][]), 
and DPM-Solver\T1/lmtt/m/n/10.95 ++ \T1/lmr/m/n/10.95 (-20) ([]Lu
[262] [263] [264] [265]
Underfull \vbox (badness 10000) has occurred while \output is active [266]
[267]
Underfull \vbox (badness 10000) has occurred while \output is active [268 <./Im
ages/PartB/Euler.pdf>] [269] [270] [271] [272]
Overfull \hbox (5.26273pt too wide) in paragraph at lines 744--746
\T1/lmr/m/n/10.95 (-20) This con-struc-tion re-moves any de-pen-dence on the fo
r-ward one-step ker-nel $\OML/lmm/m/it/10.95 p\OT1/lmr/m/n/10.95 (-20) (\OT1/lm
r/bx/n/10.95 (-20) x[]\OMS/lmsy/m/n/10.95 j\OT1/lmr/bx/n/10.95 (-20) x[]\OT1/lm
r/m/n/10.95 (-20) )$
[273] [274] [275] [276] [277] [278]
Underfull \vbox (badness 4001) has occurred while \output is active [279]
[280 <./Images/PartC/DEIS.pdf>] [281]
Overfull \hbox (26.71896pt too wide) in paragraph at lines 1486--1490
\T1/lmr/m/n/10.95 (-20) where $\OML/lmm/m/it/10.95 `[]$ \T1/lmr/m/n/10.95 (-20)
 is the La-grange ba-sis of de-gree $\OML/lmm/m/it/10.95 i[]\OT1/lmr/m/n/10.95 
(-20) 1$ \T1/lmr/m/n/10.95 (-20) built on the nodes at time $\OMS/lmsy/m/n/10.9
5 f\OML/lmm/m/it/10.95 t[]; t[]; [] ; t[]\OMS/lmsy/m/n/10.95 g$\T1/lmr/m/n/10.9
5 (-20) .
[282] [283]
Overfull \hbox (5.46278pt too wide) in paragraph at lines 1576--1577
\T1/lmr/m/n/10.95 (-20) The DPM-Solver fam-ily, in-clud-ing DPM-Solver ([]Lu \T
1/lmr/m/it/10.95 (-20) et al.\T1/lmr/m/n/10.95 (-20) , [][]2022b[][]), DPM-Solv
er\T1/lmtt/m/n/10.95 ++ \T1/lmr/m/n/10.95 (-20) ([]Lu
[284]
Underfull \vbox (badness 3302) has occurred while \output is active [285]
Overfull \hbox (7.00385pt too wide) in paragraph at lines 1659--1660
[] []\T1/lmss/bx/n/10.95 (-20) In-tu-ition of Why Repa-ram-e-ter-ize Time?[] \T
1/lmr/m/n/10.95 (-20) For strictly mono-tone $\OML/lmm/m/it/10.95 ^^U\OT1/lmr/m
/n/10.95 (-20) (\OML/lmm/m/it/10.95 t\OT1/lmr/m/n/10.95 (-20) )$\T1/lmr/m/n/10.
95 (-20) , the first^^Uorder
[286]

Package mdframed Warning: You got a bad break
(mdframed)                because the last box will be empty
(mdframed)                you have to change it manually
(mdframed)                by changing the text, the space
(mdframed)                or something else on input line 1741.

[287] [288]
pdfTeX warning (ext4): destination with the same identifier (name{ALG@line.1}) 
has been already used, duplicate ignored
<to be read again> 
                   \relax 
l.1833         \State
                      $\tilde\rvx_{t_0}\gets\rvx_T$
pdfTeX warning (ext4): destination with the same identifier (name{ALG@line.2}) 
has been already used, duplicate ignored
<to be read again> 
                   \relax 
l.1834         \For
                   {$i\gets 1$ to $M$}
pdfTeX warning (ext4): destination with the same identifier (name{ALG@line.3}) 
has been already used, duplicate ignored
<to be read again> 
                   \relax 
l.1835         \State
                      $h_i \gets \lambda_{t_i} - \lambda_{t_{i-1}}$
pdfTeX warning (ext4): destination with the same identifier (name{ALG@line.4}) 
has been already used, duplicate ignored
<to be read again> 
                   \relax 
l.1836         \State
                      $s_{i}^{\text{mid}} \gets t_{\lambda}\left(\tfrac{\lam...

pdfTeX warning (ext4): destination with the same identifier (name{ALG@line.5}) 
has been already used, duplicate ignored
<to be read again> 
                   \relax 
l.1837         \State
                     
pdfTeX warning (ext4): destination with the same identifier (name{ALG@line.6}) 
has been already used, duplicate ignored
<to be read again> 
                   \relax 
l.1839     \State
                   $\tilde\rvx_{t_{i}} \gets \tfrac{\alpha_{t_{i}}}{\alpha_{...

pdfTeX warning (ext4): destination with the same identifier (name{ALG@line.7}) 
has been already used, duplicate ignored
<to be read again> 
                   \relax 
l.1840         \EndFor
                      
pdfTeX warning (ext4): destination with the same identifier (name{ALG@line.8}) 
has been already used, duplicate ignored
<to be read again> 
                   \relax 
l.1841         \State
                      \Return $\tilde\rvx_{t_M}$ [289]
Underfull \vbox (badness 2418) has occurred while \output is active [290]
[291] [292] [293 <./Images/PartC/Heun.pdf>] [294] [295] [296]
pdfTeX warning (ext4): destination with the same identifier (name{ALG@line.1}) 
has been already used, duplicate ignored
<to be read again> 
                   \relax 
l.2192     \State
                  $\tilde\rvx_{t_0}\gets\rvx_T$;\quad $\lambda_{t_i}\gets \l...

pdfTeX warning (ext4): destination with the same identifier (name{ALG@line.2}) 
has been already used, duplicate ignored
<to be read again> 
                   \relax 
l.2193     \State
                  $\hat\rvx_0 \gets \hat{\rvx}_{\bphi^\times}(\tilde\rvx_{t_...

pdfTeX warning (ext4): destination with the same identifier (name{ALG@line.3}) 
has been already used, duplicate ignored
<to be read again> 
                   \relax 
l.2194     \For
               {$i\gets 1$ \textbf{to} $M$}
pdfTeX warning (ext4): destination with the same identifier (name{ALG@line.4}) 
has been already used, duplicate ignored
<to be read again> 
                   \relax 
l.2195         \State
                      $h_i \gets \lambda_{t_i}-\lambda_{t_{i-1}}$;\quad $s_i...

pdfTeX warning (ext4): destination with the same identifier (name{ALG@line.5}) 
has been already used, duplicate ignored
<to be read again> 
                   \relax 
l.2196         \State
                      $\rvu_i \gets \tfrac{\sigma_{s_i^{\text{mid}}}}{\sigma...

pdfTeX warning (ext4): destination with the same identifier (name{ALG@line.6}) 
has been already used, duplicate ignored
<to be read again> 
                   \relax 
l.2198         \State
                      $\rmD_i^{\mathrm{mid}} \gets \hat{\rvx}_{\bphi^\times}...

pdfTeX warning (ext4): destination with the same identifier (name{ALG@line.7}) 
has been already used, duplicate ignored
<to be read again> 
                   \relax 
l.2199         \State
                      $\tilde\rvx_{t_i} \gets \tfrac{\sigma_{t_i}}{\sigma_{t...

pdfTeX warning (ext4): destination with the same identifier (name{ALG@line.8}) 
has been already used, duplicate ignored
<to be read again> 
                   \relax 
l.2201         \State
                      $\hat\rvx_i \gets \hat{\rvx}_{\bphi^\times}(\tilde\rvx...

pdfTeX warning (ext4): destination with the same identifier (name{ALG@line.9}) 
has been already used, duplicate ignored
<to be read again> 
                   \relax 
l.2202     \EndFor
                   [297] [298] [299]
pdfTeX warning (ext4): destination with the same identifier (name{ALG@line.1}) 
has been already used, duplicate ignored
<to be read again> 
                   \relax 
l.2372     \State
                  $\tilde\rvx_{t_0}\gets\rvx_T$;\quad $\lambda_{t_i}\gets \l...

pdfTeX warning (ext4): destination with the same identifier (name{ALG@line.2}) 
has been already used, duplicate ignored
<to be read again> 
                   \relax 
l.2373     \State
                  $\hat\rvx_0 \gets \hat{\rvx}_{\bphi^\times}(\tilde\rvx_{t_...

pdfTeX warning (ext4): destination with the same identifier (name{ALG@line.3}) 
has been already used, duplicate ignored
<to be read again> 
                   \relax 
l.2375     \State
                  $\tilde\rvx_{t_1} \gets \tfrac{\sigma_{t_1}}{\sigma_{t_0}}...

pdfTeX warning (ext4): destination with the same identifier (name{ALG@line.4}) 
has been already used, duplicate ignored
<to be read again> 
                   \relax 
l.2377     \State
                  $\hat\rvx_1 \gets \hat{\rvx}_{\bphi^\times}(\tilde\rvx_{t_...

pdfTeX warning (ext4): destination with the same identifier (name{ALG@line.5}) 
has been already used, duplicate ignored
<to be read again> 
                   \relax 
l.2379     \For
               {$i\gets 2$ \textbf{to} $M$}
pdfTeX warning (ext4): destination with the same identifier (name{ALG@line.6}) 
has been already used, duplicate ignored
<to be read again> 
                   \relax 
l.2380         \State
                      $r_i \gets h_i/h_{i-1}$ \Comment step ratio
pdfTeX warning (ext4): destination with the same identifier (name{ALG@line.7}) 
has been already used, duplicate ignored
<to be read again> 
                   \relax 
l.2381         \State
                      $\rmD_i^{\mathrm{sim}} \gets \Big(1+\tfrac12 r_i\Big)\...

pdfTeX warning (ext4): destination with the same identifier (name{ALG@line.8}) 
has been already used, duplicate ignored
<to be read again> 
                   \relax 
l.2382         \State
                      $\tilde\rvx_{t_i} \gets \tfrac{\sigma_{t_i}}{\sigma_{t...

pdfTeX warning (ext4): destination with the same identifier (name{ALG@line.9}) 
has been already used, duplicate ignored
<to be read again> 
                   \relax 
l.2384         \State
                      $\hat\rvx_i \gets \hat{\rvx}_{\bphi^\times}(\tilde\rvx...

pdfTeX warning (ext4): destination with the same identifier (name{ALG@line.10})
 has been already used, duplicate ignored
<to be read again> 
                   \relax 
l.2385     \EndFor
                   [300] [301] [302]
Overfull \hbox (21.52835pt too wide) in paragraph at lines 2448--2451
[]\T1/lmr/m/n/10.95 (-20) We high-light two rep-re-sen-ta-tive ex-am-ples in Ta
-ble [][]9.1[][]: the DDIM and DPM^^USolver^^U2
[303] [304] [305]
Overfull \hbox (5.70105pt too wide) in paragraph at lines 3108--3109
[]\T1/lmr/m/n/10.95 (-20) In this sec-tion, we turn to the \T1/lmr/m/it/10.95 (
-20) time^^Uparallel \T1/lmr/m/n/10.95 (-20) ap-proach, ex-em-pli-fied by \T1/l
mr/m/it/10.95 (-20) ParaDiGMS\T1/lmr/m/n/10.95 (-20) ,
[306] [307]
Underfull \hbox (badness 1515) in paragraph at lines 3220--3220
\T1/lmr/m/n/9 (+20) ward, based on the er-ror
[308 <./Images/PartC/paradigm-1.pdf> <./Images/PartC/paradigm-2.pdf

pdfTeX warning: pdflatex (file ./Images/PartC/paradigm-2.pdf): PDF inclusion: m
ultiple pdfs with page group included in a single page
> <./Images/PartC/paradigm-3.pdf

pdfTeX warning: pdflatex (file ./Images/PartC/paradigm-3.pdf): PDF inclusion: m
ultiple pdfs with page group included in a single page
>]
Overfull \hbox (19.12971pt too wide) in paragraph at lines 3261--3264
[] [] \T1/lmss/bx/n/10.95 (-20) Step 3. Progress Con-trol and Win-dow Ad-vance.
[] \T1/lmr/m/n/10.95 (-20) Hav-ing formed the left^^Uanchored

pdfTeX warning (ext4): destination with the same identifier (name{ALG@line.1}) 
has been already used, duplicate ignored
<to be read again> 
                   \relax 
l.3310     \State
                  $k \gets 0$, $\ell \gets 0$
pdfTeX warning (ext4): destination with the same identifier (name{ALG@line.2}) 
has been already used, duplicate ignored
<to be read again> 
                   \relax 
l.3311     \State
                  Sample $\rvx^{(0)}_0 \sim p_{\mathrm{prior}}$; set $\rvx^{...

pdfTeX warning (ext4): destination with the same identifier (name{ALG@line.3}) 
has been already used, duplicate ignored
<to be read again> 
                   \relax 
l.3312     \While
                 {$\ell < M$}
pdfTeX warning (ext4): destination with the same identifier (name{ALG@line.4}) 
has been already used, duplicate ignored
<to be read again> 
                   \relax 
l.3313       \State
                    $J \gets \min(p,  M-\ell)$   \Comment{current window len...

pdfTeX warning (ext4): destination with the same identifier (name{ALG@line.5}) 
has been already used, duplicate ignored
<to be read again> 
                   \relax 
l.3314       \State
                    \textbfs{Step 1: Parallel}
pdfTeX warning (ext4): destination with the same identifier (name{ALG@line.6}) 
has been already used, duplicate ignored
<to be read again> 
                   \relax 
l.3315       \State
                    For $i=0,\ldots,J-1$: $g_i \gets \rvv_{\bphi^\times} \bi...

pdfTeX warning (ext4): destination with the same identifier (name{ALG@line.7}) 
has been already used, duplicate ignored
<to be read again> 
                   \relax 
l.3317       \State
                    Compute prefix sums $S_j \gets \sum_{i=0}^{j} g_i$ for $...

pdfTeX warning (ext4): destination with the same identifier (name{ALG@line.8}) 
has been already used, duplicate ignored
<to be read again> 
                   \relax 
l.3319       \State
                    \textbfs{Step 2: Cumulative Updates}
pdfTeX warning (ext4): destination with the same identifier (name{ALG@line.9}) 
has been already used, duplicate ignored
<to be read again> 
                   \relax 
l.3320       \State
                    For $j=0,\ldots,J-1$: $\displaystyle \rvx^{(k+1)}_{\ell+...

pdfTeX warning (ext4): destination with the same identifier (name{ALG@line.10})
 has been already used, duplicate ignored
<to be read again> 
                   \relax 
l.3322       \State
                    \textbfs{Step 3: Progress Control and Window Advance}
pdfTeX warning (ext4): destination with the same identifier (name{ALG@line.11})
 has been already used, duplicate ignored
<to be read again> 
                   \relax 
l.3323       \State
                    For $j=1,\ldots,J-1$: $\mathtt{error}_j \gets \big\|\rvx...
[309] [310] [311] [312]) [313]
(./Chapter-8-Post-Training-Methods-for-Fast-Sampling.tex
Chapter 10.
[314] [315] [316] [317] [318] [319] [320] [321]
Overfull \hbox (11.47522pt too wide) in paragraph at lines 397--400
[] []\T1/lmss/bx/n/10.95 (-20) VSD for 3D Gen-er-a-tion Us-ing Only a 2D pre--t
rained Dif-fu-sion Model.[] \T1/lmr/m/n/10.95 (-20) VSD ([]Wang
[322]
Overfull \hbox (9.2261pt too wide) in paragraph at lines 464--465
\T1/lmr/m/n/10.95 (-20) In this sec-tion, we fix DDIM in the $\OT1/lmr/bx/n/10.
95 (-20) x$\T1/lmr/m/n/10.95 (-20) -prediction pa-ram-e-ter-i-za-tion as the ti
me^^Ustepping
[323 <./Images/PartD/PD.pdf>]
Underfull \vbox (badness 10000) has occurred while \output is active [324]
[325] [326] [327] [328] [329])
(./Chapter-9-Learning-Fast-Generator-from-Scratch.tex
Chapter 11.
[330] [331] [332] [333 <./Images/PartD/flow-map.pdf>] [334]
Underfull \vbox (badness 3158) has occurred while \output is active [335]
[336] [337 <./Images/PartD/semigroup.pdf>] [338] [339] [340]
Underfull \vbox (badness 3895) has occurred while \output is active [341]
Overfull \hbox (2.2714pt too wide) in paragraph at lines 611--614
\T1/lmr/m/n/10.95 (-20) and use the neu-ral net-work pa-ram-e-ter-i-za-tion pro
-posed therein (cf. Equa-tion ([][]D.6.1[][])): 
[342]
pdfTeX warning (ext4): destination with the same identifier (name{ALG@line.1}) 
has been already used, duplicate ignored
<to be read again> 
                   \relax 
l.667         \If
                 {one-step}
pdfTeX warning (ext4): destination with the same identifier (name{ALG@line.2}) 
has been already used, duplicate ignored
<to be read again> 
                   \relax 
l.668             \State
                         $\rvx \leftarrow \rvf_{\bm{\theta}^\times}(\hat{\rv...

pdfTeX warning (ext4): destination with the same identifier (name{ALG@line.3}) 
has been already used, duplicate ignored
<to be read again> 
                   \relax 
l.669         \Else
                   
pdfTeX warning (ext4): destination with the same identifier (name{ALG@line.4}) 
has been already used, duplicate ignored
<to be read again> 
                   \relax 
l.670             \State
                         $\rvx \leftarrow \rvf_{\bm{\theta}^\times}(\hat{\rv...

pdfTeX warning (ext4): destination with the same identifier (name{ALG@line.5}) 
has been already used, duplicate ignored
<to be read again> 
                   \relax 
l.671             \For
                      {$m=1$ \textbf{to} $M-1$}
pdfTeX warning (ext4): destination with the same identifier (name{ALG@line.6}) 
has been already used, duplicate ignored
<to be read again> 
                   \relax 
l.672                 \State
                             Sample $\bm{\epsilon} \sim \mathcal{N}(\bm{0}, ...

pdfTeX warning (ext4): destination with the same identifier (name{ALG@line.7}) 
has been already used, duplicate ignored
<to be read again> 
                   \relax 
l.673                 \State
                             $\hat{\rvx}_{\tau_m} \leftarrow \alpha_{\tau_m}...

pdfTeX warning (ext4): destination with the same identifier (name{ALG@line.8}) 
has been already used, duplicate ignored
<to be read again> 
                   \relax 
l.674                 \State
                             $\rvx \leftarrow \rvf_{\bm{\theta}^\times}(\hat...

pdfTeX warning (ext4): destination with the same identifier (name{ALG@line.9}) 
has been already used, duplicate ignored
<to be read again> 
                   \relax 
l.675             \EndFor
                         
pdfTeX warning (ext4): destination with the same identifier (name{ALG@line.10})
 has been already used, duplicate ignored
<to be read again> 
                   \relax 
l.676         \EndIf
                     [343] [344] [345] [346]
Overfull \hbox (3.5047pt too wide) in paragraph at lines 881--885
\T1/lmr/m/n/10.95 (-20) We de-note the re-sult-ing ob-jec-tive as $\OMS/lmsy/m/
n/10.95 L[]\OT1/lmr/m/n/10.95 (-20) (\OML/lmm/b/it/10.95 ^^R\OML/lmm/m/it/10.95
 ; \OML/lmm/b/it/10.95 ^^R[]\OT1/lmr/m/n/10.95 (-20) ; \OML/lmm/b/it/10.95 ^^^[
]\OT1/lmr/m/n/10.95 (-20) )$\T1/lmr/m/n/10.95 (-20) . Ac-cord-ingly, Propo-si-t
ion [][]11.3.1[][]
[347] [348] [349] [350] [351]
pdfTeX warning (ext4): destination with the same identifier (name{ALG@line.1}) 
has been already used, duplicate ignored
<to be read again> 
                   \relax 
l.1148 \State
              \textbfs{Init:} $\bm{\theta} \gets \bm{\theta}_{\text{pretrain...

pdfTeX warning (ext4): destination with the same identifier (name{ALG@line.2}) 
has been already used, duplicate ignored
<to be read again> 
                   \relax 
l.1149 \Repeat
              
pdfTeX warning (ext4): destination with the same identifier (name{ALG@line.3}) 
has been already used, duplicate ignored
<to be read again> 
                   \relax 
l.1150     \State
                  $\rvx_0 \sim \mathcal{D}$, $\mathbf{z} \sim \mathcal{N}(\b...

pdfTeX warning (ext4): destination with the same identifier (name{ALG@line.4}) 
has been already used, duplicate ignored
<to be read again> 
                   \relax 
l.1151     \State
                  $\rvx_s \gets \cos(s) \rvx_0 + \sin(s) \mathbf{z}$
pdfTeX warning (ext4): destination with the same identifier (name{ALG@line.5}) 
has been already used, duplicate ignored
<to be read again> 
                   \relax 
l.1152     \If
              {consistency training}
pdfTeX warning (ext4): destination with the same identifier (name{ALG@line.6}) 
has been already used, duplicate ignored
<to be read again> 
                   \relax 
l.1153         \State
                      $\frac{\diff\rvx_s}{\diff s} \gets \cos(s) \mathbf{z} ...

pdfTeX warning (ext4): destination with the same identifier (name{ALG@line.7}) 
has been already used, duplicate ignored
<to be read again> 
                   \relax 
l.1154     \Else
                
pdfTeX warning (ext4): destination with the same identifier (name{ALG@line.8}) 
has been already used, duplicate ignored
<to be read again> 
                   \relax 
l.1155         \State
                      $\frac{\diff\rvx_s}{\diff s} \gets \sigma_{\mathrm{d}}...

pdfTeX warning (ext4): destination with the same identifier (name{ALG@line.9}) 
has been already used, duplicate ignored
<to be read again> 
                   \relax 
l.1156     \EndIf
                 
pdfTeX warning (ext4): destination with the same identifier (name{ALG@line.10})
 has been already used, duplicate ignored
<to be read again> 
                   \relax 
l.1157     \State
                  $r \gets \min\left(1, \frac{\text{Iters}}{H}\right)$ \hfil...

pdfTeX warning (ext4): destination with the same identifier (name{ALG@line.11})
 has been already used, duplicate ignored
<to be read again> 
                   \relax 
l.1158     \State
                  $\rvw \gets - \cos^2(s) (\sigma_{\mathrm{d}} \mathbf{F}_{\...

pdfTeX warning (ext4): destination with the same identifier (name{ALG@line.12})
 has been already used, duplicate ignored
<to be read again> 
                   \relax 
l.1159     \State
                  $\rvw \gets \frac{\rvw}{\|\rvw\| + c}$ \hfill \Comment{ Ta...

pdfTeX warning (ext4): destination with the same identifier (name{ALG@line.13})
 has been already used, duplicate ignored
<to be read again> 
                   \relax 
l.1160     \State
                  $\mathcal{L}_{\text{sCM}}(\bm{\theta}, \boldsymbol{\varphi...

pdfTeX warning (ext4): destination with the same identifier (name{ALG@line.14})
 has been already used, duplicate ignored
<to be read again> 
                   \relax 
l.1162     \State
                  $(\bm{\theta}, \boldsymbol{\varphi}) \gets (\bm{\theta}, \...

pdfTeX warning (ext4): destination with the same identifier (name{ALG@line.15})
 has been already used, duplicate ignored
<to be read again> 
                   \relax 
l.1163     \State
                  Iters $\gets$ Iters + 1
pdfTeX warning (ext4): destination with the same identifier (name{ALG@line.16})
 has been already used, duplicate ignored
<to be read again> 
                   \relax 
l.1164 \Until
             {convergence} [352] [353] [354] [355] [356] [357] [358 <./Images/P
artD/ctm-target.pdf>]
pdfTeX warning (ext4): destination with the same identifier (name{ALG@line.1}) 
has been already used, duplicate ignored
<to be read again> 
                   \relax 
l.1628     \State
                  Start from $\mathbf{x}_{\tau_{0}}\sim p_{\mathrm{prior}}=\...

pdfTeX warning (ext4): destination with the same identifier (name{ALG@line.2}) 
has been already used, duplicate ignored
<to be read again> 
                   \relax 
l.1629         \For
                   {$n=0$ to $M-1$}
pdfTeX warning (ext4): destination with the same identifier (name{ALG@line.3}) 
has been already used, duplicate ignored
<to be read again> 
                   \relax 
l.1630         \State
                      $\tilde{\tau}_{n+1}\leftarrow \sqrt{1-\gamma^{2}}\tau_...

pdfTeX warning (ext4): destination with the same identifier (name{ALG@line.4}) 
has been already used, duplicate ignored
<to be read again> 
                   \relax 
l.1631         \State
                      Denoise $\mathbf{x}_{\tilde{\tau}_{n+1}}\leftarrow \ma...

pdfTeX warning (ext4): destination with the same identifier (name{ALG@line.5}) 
has been already used, duplicate ignored
<to be read again> 
                   \relax 
l.1632         \State
                      Diffuse $\mathbf{x}_{\tau_{n+1}}\leftarrow\mathbf{x}_{...

pdfTeX warning (ext4): destination with the same identifier (name{ALG@line.6}) 
has been already used, duplicate ignored
<to be read again> 
                   \relax 
l.1633         \EndFor
                      
Underfull \vbox (badness 3460) has occurred while \output is active [359]
[360 <./Images/PartD/ctm_gamma.pdf>] [361] [362] [363] [364] [365] [366]
[367] [368] [369 <./Images/PartD/lagrangian-1.pdf> <./Images/PartD/lagrangian-2
.pdf

pdfTeX warning: pdflatex (file ./Images/PartD/lagrangian-2.pdf): PDF inclusion:
 multiple pdfs with page group included in a single page
>] [370 <./Images/PartD/eulerian-1.pdf> <./Images/PartD/eulerian-2.pdf

pdfTeX warning: pdflatex (file ./Images/PartD/eulerian-2.pdf): PDF inclusion: m
ultiple pdfs with page group included in a single page
>]
Overfull \hbox (22.80934pt too wide) detected at line 2146
\OT1/lmr/bx/n/10.95 	[]\OT1/lmr/m/n/10.95 (\OT1/lmr/bx/n/10.95 x[]\OT1/lmr/m/n/
10.95 ) = \OT1/lmr/bx/n/10.95 	[]\OT1/lmr/m/n/10.95 (\OT1/lmr/bx/n/10.95 x[]\OT
1/lmr/m/n/10.95 ) \OMS/lmsy/m/n/10.95 ^^@ \OT1/lmr/m/n/10.95 ^^A\OML/lmm/m/it/1
0.95 s []@[]\OT1/lmr/bx/n/10.95 	[][]\OT1/lmr/m/n/10.95 (\OT1/lmr/bx/n/10.95 x[
]\OT1/lmr/m/n/10.95 )\OT1/lmr/bx/n/10.95 v[]\OT1/lmr/m/n/10.95 (\OT1/lmr/bx/n/1
0.95 x[]\OML/lmm/m/it/10.95 ; s\OT1/lmr/m/n/10.95 ) \OMS/lmsy/m/n/10.95 ^^@ \OT
1/lmr/m/n/10.95 ^^A\OML/lmm/m/it/10.95 s @[]\OT1/lmr/bx/n/10.95 	[]\OT1/lmr/m/n
/10.95 (\OT1/lmr/bx/n/10.95 x[]\OT1/lmr/m/n/10.95 ) + \OMS/lmsy/m/n/10.95 O[]\O
T1/lmr/m/n/10.95 (^^A\OML/lmm/m/it/10.95 s\OT1/lmr/m/n/10.95 )[][]\OML/lmm/m/it
/10.95 :
[371] [372]) [373] (./Chapter-10-Epilogue-and-Outlook.tex
Chapter 12.
[374] [375] [376 <./Images/appendix/vector_field_only.pdf> <./Images/appendix/p
article_cloud.pdf> <./Images/appendix/vector_field_with_density.pdf>] [377]
[378] [379] [380] [381] [382 <./Images/PartE/fig_notation_overview.pdf>]
[383] [384] [385 <./Images/PartE/ctmc_trajectory.pdf>] [386] [387 <./Images/Par
tE/masked_vs_uniform_diffusion.pdf>] [388] [389] [390]
Overfull \hbox (3.32158pt too wide) in paragraph at lines 771--779
[]\T1/lmr/m/n/10.95 (-20) This clean-state parametriza-tion is com-mon in multi
nomial/D3PM-style discrete-
[391]
Overfull \hbox (5.91972pt too wide) in paragraph at lines 835--842
[] [] \T1/lmss/bx/n/10.95 (-20) The Ra-tio as a Dis-crete Ana-logue of the Scor
e.[] \T1/lmr/m/n/10.95 (-20) Now in-spect Equa-tion ([][]12.2.7[][]).
[392] [393] [394]
Underfull \hbox (badness 1742) in paragraph at lines 970--971
[]|\T1/lmr/m/n/7 (+20) Transition-matrix prop-a-ga-tion or mas-ter

Overfull \hbox (4.64502pt too wide) in paragraph at lines 951--1003
 [][] 
[395] [396] [397]) [398] (./A_Crash-Course-of-DE.tex [399]
Appendix A.
[400] [401 <./Images/PartE/discrete_vs_continuous_ode.pdf>] [402] [403]
[404] [405] [406] [407] [408] [409] [410]
Overfull \hbox (1.79828pt too wide) in paragraph at lines 368--369
[] []\T1/lmss/bx/n/10.95 (-20) Stochas-tic Dif-fer-en-tial Equa-tions.[] \T1/lm
r/m/n/10.95 (-20) For-mally, the limit of the dis-crete up-date Equa-
[411] [412] [413]) (./B_Continuity-Equation.tex [414]
Appendix B.
[415]

Package hyperref Warning: Token not allowed in a PDF string (Unicode):
(hyperref)                removing `\\' on input line 87.

[416]

Package fancyhdr Warning: \headheight is too small (14.4pt): 
(fancyhdr)                Make it at least 26.32425pt, for example:
(fancyhdr)                \setlength{\headheight}{26.32425pt}.
(fancyhdr)                You might also make \topmargin smaller:
(fancyhdr)                \addtolength{\topmargin}{-11.92426pt}.

[417] [418]
Overfull \hbox (13.12074pt too wide) detected at line 221
[]

Package fancyhdr Warning: \headheight is too small (14.4pt): 
(fancyhdr)                Make it at least 26.32425pt, for example:
(fancyhdr)                \setlength{\headheight}{26.32425pt}.
(fancyhdr)                You might also make \topmargin smaller:
(fancyhdr)                \addtolength{\topmargin}{-11.92426pt}.

[419] [420]

Package fancyhdr Warning: \headheight is too small (14.4pt): 
(fancyhdr)                Make it at least 26.32425pt, for example:
(fancyhdr)                \setlength{\headheight}{26.32425pt}.
(fancyhdr)                You might also make \topmargin smaller:
(fancyhdr)                \addtolength{\topmargin}{-11.92426pt}.

[421]
Overfull \hbox (47.15231pt too wide) in paragraph at lines 339--342
\T1/lmr/m/it/10.95 (-20) Why? \T1/lmr/m/n/10.95 (-20) By Equa-tion ([][]B.1.1[]
[]) writ-ten in the orig-i-nal co-or-di-nates, $\OML/lmm/m/it/10.95 p[]\OT1/lmr
/m/n/10.95 (-20) (\OT1/lmr/bx/n/10.95 (-20) x[]\OT1/lmr/m/n/10.95 (-20) ) = \OM
L/lmm/m/it/10.95 p[]\OT1/lmr/m/n/10.95 (-20) (\OT1/lmr/bx/n/10.95 (-20) x[]\OT1
/lmr/m/n/10.95 (-20) )  []  [][][]$\T1/lmr/m/n/10.95 (-20) ,
[422]

Package fancyhdr Warning: \headheight is too small (14.4pt): 
(fancyhdr)                Make it at least 26.32425pt, for example:
(fancyhdr)                \setlength{\headheight}{26.32425pt}.
(fancyhdr)                You might also make \topmargin smaller:
(fancyhdr)                \addtolength{\topmargin}{-11.92426pt}.

[423]
Overfull \hbox (7.89894pt too wide) detected at line 441
[]
[424]

Package fancyhdr Warning: \headheight is too small (14.4pt): 
(fancyhdr)                Make it at least 26.32425pt, for example:
(fancyhdr)                \setlength{\headheight}{26.32425pt}.
(fancyhdr)                You might also make \topmargin smaller:
(fancyhdr)                \addtolength{\topmargin}{-11.92426pt}.

[425] [426]
Overfull \hbox (22.98817pt too wide) detected at line 585
[][]   [][] []\OML/lmm/m/it/10.95 P\OT1/lmr/m/n/10.95 (\OML/lmm/m/it/10.95 b; y
; z\OT1/lmr/m/n/10.95 ) \OMS/lmsy/m/n/10.95 ^^@ \OML/lmm/m/it/10.95 P\OT1/lmr/m
/n/10.95 (\OML/lmm/m/it/10.95 a; y; z\OT1/lmr/m/n/10.95 )[]  []  d\OML/lmm/m/it
/10.95 y  []  \OT1/lmr/m/n/10.95 d\OML/lmm/m/it/10.95 z  []  [][]   [][]   [][]
 []\OT1/lmr/m/n/10.95 (\OML/lmm/m/it/10.95 x; y; z\OT1/lmr/m/n/10.95 )  []  d\O
ML/lmm/m/it/10.95 x  []  \OT1/lmr/m/n/10.95 d\OML/lmm/m/it/10.95 y  []  \OT1/lm
r/m/n/10.95 d\OML/lmm/m/it/10.95 z  \OT1/lmr/m/n/10.95 =  [][] []  []  d\OML/lm
m/m/it/10.95 V:
[427]
Overfull \hbox (100.48482pt too wide) detected at line 620
[]
[428]
Overfull \hbox (7.09067pt too wide) in paragraph at lines 698--703
[]\T1/lmr/m/n/10.95 (-20) Throughout this op-tional sec-tion, $\OML/lmm/m/it/10
.95 ^^\$ \T1/lmr/m/n/10.95 (-20) de-notes \T1/lmr/m/it/10.95 (-20) train-ing ti
me\T1/lmr/m/n/10.95 (-20) : an ide-al-ized continuous-
[429] [430] [431] [432] [433]) (./C_SDE-and-Ito.tex
Appendix C.

Package hyperref Warning: Token not allowed in a PDF string (Unicode):
(hyperref)                removing `\\' on input line 1.

[434] [435]

Package fancyhdr Warning: \headheight is too small (14.4pt): 
(fancyhdr)                Make it at least 26.32425pt, for example:
(fancyhdr)                \setlength{\headheight}{26.32425pt}.
(fancyhdr)                You might also make \topmargin smaller:
(fancyhdr)                \addtolength{\topmargin}{-11.92426pt}.

[436] [437]

Package fancyhdr Warning: \headheight is too small (14.4pt): 
(fancyhdr)                Make it at least 26.32425pt, for example:
(fancyhdr)                \setlength{\headheight}{26.32425pt}.
(fancyhdr)                You might also make \topmargin smaller:
(fancyhdr)                \addtolength{\topmargin}{-11.92426pt}.

[438] [439]

Package fancyhdr Warning: \headheight is too small (14.4pt): 
(fancyhdr)                Make it at least 26.32425pt, for example:
(fancyhdr)                \setlength{\headheight}{26.32425pt}.
(fancyhdr)                You might also make \topmargin smaller:
(fancyhdr)                \addtolength{\topmargin}{-11.92426pt}.

[440] [441]

Package fancyhdr Warning: \headheight is too small (14.4pt): 
(fancyhdr)                Make it at least 26.32425pt, for example:
(fancyhdr)                \setlength{\headheight}{26.32425pt}.
(fancyhdr)                You might also make \topmargin smaller:
(fancyhdr)                \addtolength{\topmargin}{-11.92426pt}.

[442] [443]

Package fancyhdr Warning: \headheight is too small (14.4pt): 
(fancyhdr)                Make it at least 26.32425pt, for example:
(fancyhdr)                \setlength{\headheight}{26.32425pt}.
(fancyhdr)                You might also make \topmargin smaller:
(fancyhdr)                \addtolength{\topmargin}{-11.92426pt}.

[444] [445]) (./D_Proofs.tex

Package fancyhdr Warning: \headheight is too small (14.4pt): 
(fancyhdr)                Make it at least 26.32425pt, for example:
(fancyhdr)                \setlength{\headheight}{26.32425pt}.
(fancyhdr)                You might also make \topmargin smaller:
(fancyhdr)                \addtolength{\topmargin}{-11.92426pt}.

[446]
Appendix D.
[447] [448]
Overfull \hbox (10.24936pt too wide) detected at line 198
[]

Overfull \hbox (15.41023pt too wide) detected at line 212
[]
[449] [450] [451] [452] [453] [454] [455] [456] [457]
Overfull \hbox (32.47647pt too wide) detected at line 695
[]
[458] [459] [460] [461] [462] [463] [464] [465] [466] [467] [468] [469]
[470] [471]

LaTeX Warning: Reference `mdf@pagelabel-46' on page 472 undefined on input line
 1565.

[472]) [473] [474] [475] [476] [477] [478] [479] [480] [481] [482] [483]
Overfull \hbox (1.82469pt too wide) in paragraph at lines 466--466
[][]\T1/lmr/m/n/10.95 (-20) Sun, H., L. Yu, B. Dai, D. Schu-ur-mans, and H. Dai
. (2023). ^^P  Score-based Continuous-
[484] [485]
Overfull \hbox (7.02348pt too wide) in paragraph at lines 466--466
\T1/lmr/m/n/10.95 (-20) free energy-guided con-di-tional dif-fu-sion model^^Q. 
In: \T1/lmr/m/it/10.95 (-20) Pro-ceed-ings of the IEEE/CVF
[486] 
enddocument/afterlastpage (AED): lastpage setting LastPage.
(build/main_v2.aux)

LaTeX Font Warning: Size substitutions with differences
(Font)              up to 1.0pt have occurred.


LaTeX Font Warning: Some font shapes were not available, defaults substituted.


LaTeX Warning: There were undefined references.


LaTeX Warning: Label(s) may have changed. Rerun to get cross-references right.


Package biblatex Warning: Please rerun LaTeX.
(biblatex)                Page breaks have changed.

 )
(see the transcript file for additional information)</usr/local/texlive/2026/te
xmf-dist/fonts/type1/public/lm/lmbsy10.pfb></usr/local/texlive/2026/texmf-dist/
fonts/type1/public/lm/lmbsy7.pfb></usr/local/texlive/2026/texmf-dist/fonts/type
1/public/lm/lmbx10.pfb></usr/local/texlive/2026/texmf-dist/fonts/type1/public/l
m/lmbx12.pfb></usr/local/texlive/2026/texmf-dist/fonts/type1/public/lm/lmbx5.pf
b></usr/local/texlive/2026/texmf-dist/fonts/type1/public/lm/lmbx6.pfb></usr/loc
al/texlive/2026/texmf-dist/fonts/type1/public/lm/lmbx7.pfb></usr/local/texlive/
2026/texmf-dist/fonts/type1/public/lm/lmbx8.pfb></usr/local/texlive/2026/texmf-
dist/fonts/type1/public/lm/lmbx9.pfb></usr/local/texlive/2026/texmf-dist/fonts/
type1/public/lm/lmcsc10.pfb></usr/local/texlive/2026/texmf-dist/fonts/type1/pub
lic/lm/lmex10.pfb></usr/local/texlive/2026/texmf-dist/fonts/type1/public/lm/lmm
i10.pfb></usr/local/texlive/2026/texmf-dist/fonts/type1/public/lm/lmmi5.pfb></u
sr/local/texlive/2026/texmf-dist/fonts/type1/public/lm/lmmi6.pfb></usr/local/te
xlive/2026/texmf-dist/fonts/type1/public/lm/lmmi7.pfb></usr/local/texlive/2026/
texmf-dist/fonts/type1/public/lm/lmmi8.pfb></usr/local/texlive/2026/texmf-dist/
fonts/type1/public/lm/lmmi9.pfb></usr/local/texlive/2026/texmf-dist/fonts/type1
/public/lm/lmmib10.pfb></usr/local/texlive/2026/texmf-dist/fonts/type1/public/l
m/lmmib5.pfb></usr/local/texlive/2026/texmf-dist/fonts/type1/public/lm/lmmib7.p
fb></usr/local/texlive/2026/texmf-dist/fonts/type1/public/lm/lmr10.pfb></usr/lo
cal/texlive/2026/texmf-dist/fonts/type1/public/lm/lmr5.pfb></usr/local/texlive/
2026/texmf-dist/fonts/type1/public/lm/lmr6.pfb></usr/local/texlive/2026/texmf-d
ist/fonts/type1/public/lm/lmr7.pfb></usr/local/texlive/2026/texmf-dist/fonts/ty
pe1/public/lm/lmr8.pfb></usr/local/texlive/2026/texmf-dist/fonts/type1/public/l
m/lmr9.pfb></usr/local/texlive/2026/texmf-dist/fonts/type1/public/lm/lmri10.pfb
></usr/local/texlive/2026/texmf-dist/fonts/type1/public/lm/lmri9.pfb></usr/loca
l/texlive/2026/texmf-dist/fonts/type1/public/lm/lmro10.pfb></usr/local/texlive/
2026/texmf-dist/fonts/type1/public/lm/lmro8.pfb></usr/local/texlive/2026/texmf-
dist/fonts/type1/public/lm/lmss10.pfb></usr/local/texlive/2026/texmf-dist/fonts
/type1/public/lm/lmss12.pfb></usr/local/texlive/2026/texmf-dist/fonts/type1/pub
lic/lm/lmssbo10.pfb></usr/local/texlive/2026/texmf-dist/fonts/type1/public/lm/l
mssbx10.pfb></usr/local/texlive/2026/texmf-dist/fonts/type1/public/lm/lmsso10.p
fb></usr/local/texlive/2026/texmf-dist/fonts/type1/public/lm/lmsy10.pfb></usr/l
ocal/texlive/2026/texmf-dist/fonts/type1/public/lm/lmsy5.pfb></usr/local/texliv
e/2026/texmf-dist/fonts/type1/public/lm/lmsy6.pfb></usr/local/texlive/2026/texm
f-dist/fonts/type1/public/lm/lmsy7.pfb></usr/local/texlive/2026/texmf-dist/font
s/type1/public/lm/lmsy8.pfb></usr/local/texlive/2026/texmf-dist/fonts/type1/pub
lic/lm/lmsy9.pfb></usr/local/texlive/2026/texmf-dist/fonts/type1/public/lm/lmtk
10.pfb></usr/local/texlive/2026/texmf-dist/fonts/type1/public/lm/lmtt10.pfb></u
sr/local/texlive/2026/texmf-dist/fonts/type1/public/lm/lmtt9.pfb></usr/local/te
xlive/2026/texmf-dist/fonts/type1/public/lm/lmtti10.pfb></usr/local/texlive/202
6/texmf-dist/fonts/type1/public/lm/lmtto10.pfb></usr/local/texlive/2026/texmf-d
ist/fonts/type1/public/amsfonts/symbols/msam10.pfb></usr/local/texlive/2026/tex
mf-dist/fonts/type1/public/amsfonts/symbols/msam5.pfb></usr/local/texlive/2026/
texmf-dist/fonts/type1/public/amsfonts/symbols/msbm10.pfb></usr/local/texlive/2
026/texmf-dist/fonts/type1/public/amsfonts/symbols/msbm7.pfb></usr/local/texliv
e/2026/texmf-dist/fonts/type1/public/stmaryrd/stmary10.pfb>
Output written on build/main_v2.pdf (491 pages, 19029889 bytes).
Transcript written on build/main_v2.log.
Latexmk: Getting log file 'build/main_v2.log'
Latexmk: Examining 'build/main_v2.fls'
Latexmk: Examining 'build/main_v2.log'
Latexmk: Found input bbl file 'build/main_v2.bbl'
Latexmk: References changed.
Latexmk: Log file says output to 'build/main_v2.pdf'
Latexmk: Using biber to make bibliography file(s).
Latexmk: Bibliography file(s) from .bcf file:
  main_v2.bib
Sources for biber
  main_v2.bib
  build/main_v2.bcf
Latexmk: applying rule 'pdflatex'...
Rule 'pdflatex':  Reasons for rerun
Changed files or newly in use/created:
  build/main_v2.aux
  build/main_v2.run.xml
  build/main_v2.toc

------------
Run number 3 of rule 'pdflatex'
------------
------------
Running 'pdflatex  -interaction=nonstopmode -file-line-error -recorder -output-directory="build"  "main_v2.tex"'
------------
This is pdfTeX, Version 3.141592653-2.6-1.40.29 (TeX Live 2026) (preloaded format=pdflatex)
 restricted \write18 enabled.
entering extended mode
(./main_v2.tex
LaTeX2e <2025-11-01>
L3 programming layer <2026-01-19>
(./nowfnt-arxiv.cls

LaTeX Warning: You have requested document class `nowfnt-arxiv',
               but the document class provides `nowfnt'.

Document Class: nowfnt 2021/10/12 v0.95d NOW document class
(/usr/local/texlive/2026/texmf-dist/tex/latex/etoolbox/etoolbox.sty)
(./NOWFnT-data.tex)

Class nowfnt Warning: Unclear state. Remove the class option book or ebook or s
ample on input line 129.

(/usr/local/texlive/2026/texmf-dist/tex/latex/base/book.cls
Document Class: book 2025/01/22 v1.4n Standard LaTeX document class
(/usr/local/texlive/2026/texmf-dist/tex/latex/base/bk11.clo))
(/usr/local/texlive/2026/texmf-dist/tex/latex/lastpage/lastpage.sty
(/usr/local/texlive/2026/texmf-dist/tex/latex/lastpage/lastpage2e.sty
(/usr/local/texlive/2026/texmf-dist/tex/latex/lastpage/lastpagemodern.sty) 
)) (/usr/local/texlive/2026/texmf-dist/tex/latex/tools/multicol.sty)
(/usr/local/texlive/2026/texmf-dist/tex/latex/tools/array.sty)
(/usr/local/texlive/2026/texmf-dist/tex/latex/trimspaces/trimspaces.sty)
(/usr/local/texlive/2026/texmf-dist/tex/latex/footmisc/footmisc.sty)
(/usr/local/texlive/2026/texmf-dist/tex/latex/pdfpages/pdfpages.sty
(/usr/local/texlive/2026/texmf-dist/tex/latex/base/ifthen.sty)
(/usr/local/texlive/2026/texmf-dist/tex/latex/tools/calc.sty)
(/usr/local/texlive/2026/texmf-dist/tex/latex/eso-pic/eso-pic.sty
(/usr/local/texlive/2026/texmf-dist/tex/latex/graphics/keyval.sty)
(/usr/local/texlive/2026/texmf-dist/tex/latex/xcolor/xcolor.sty
(/usr/local/texlive/2026/texmf-dist/tex/latex/graphics-cfg/color.cfg)
(/usr/local/texlive/2026/texmf-dist/tex/latex/graphics-def/pdftex.def)
(/usr/local/texlive/2026/texmf-dist/tex/latex/graphics/mathcolor.ltx))
(/usr/local/texlive/2026/texmf-dist/tex/latex/graphics/dvipsnam.def))
(/usr/local/texlive/2026/texmf-dist/tex/latex/graphics/graphicx.sty
(/usr/local/texlive/2026/texmf-dist/tex/latex/graphics/graphics.sty
(/usr/local/texlive/2026/texmf-dist/tex/latex/graphics/trig.sty)
(/usr/local/texlive/2026/texmf-dist/tex/latex/graphics-cfg/graphics.cfg)))
(/usr/local/texlive/2026/texmf-dist/tex/latex/pdfpages/pppdftex.def))
(/usr/local/texlive/2026/texmf-dist/tex/latex/tools/xr.sty)
(/usr/local/texlive/2026/texmf-dist/tex/latex/microtype/microtype.sty
(/usr/local/texlive/2026/texmf-dist/tex/latex/microtype/microtype-pdftex.def)
(/usr/local/texlive/2026/texmf-dist/tex/latex/microtype/microtype.cfg))
(/usr/local/texlive/2026/texmf-dist/tex/latex/fancyhdr/fancyhdr.sty)
(/usr/local/texlive/2026/texmf-dist/tex/latex/titlesec/titlesec.sty)
(/usr/local/texlive/2026/texmf-dist/tex/latex/caption/caption.sty
(/usr/local/texlive/2026/texmf-dist/tex/latex/caption/caption3.sty))
(/usr/local/texlive/2026/texmf-dist/tex/latex/emptypage/emptypage.sty)
(/usr/local/texlive/2026/texmf-dist/tex/latex/url/url.sty)
(/usr/local/texlive/2026/texmf-dist/tex/latex/lm/lmodern.sty)
(/usr/local/texlive/2026/texmf-dist/tex/latex/base/fontenc.sty
(/usr/local/texlive/2026/texmf-dist/tex/latex/lm/t1lmr.fd))
(./nowfnt-biblatex.sty
(/usr/local/texlive/2026/texmf-dist/tex/latex/biblatex/biblatex.sty
(/usr/local/texlive/2026/texmf-dist/tex/generic/pdftexcmds/pdftexcmds.sty
(/usr/local/texlive/2026/texmf-dist/tex/generic/infwarerr/infwarerr.sty)
(/usr/local/texlive/2026/texmf-dist/tex/generic/iftex/iftex.sty)
(/usr/local/texlive/2026/texmf-dist/tex/generic/ltxcmds/ltxcmds.sty))
(/usr/local/texlive/2026/texmf-dist/tex/latex/kvoptions/kvoptions.sty
(/usr/local/texlive/2026/texmf-dist/tex/latex/kvsetkeys/kvsetkeys.sty))
(/usr/local/texlive/2026/texmf-dist/tex/latex/logreq/logreq.sty
(/usr/local/texlive/2026/texmf-dist/tex/latex/logreq/logreq.def))
(/usr/local/texlive/2026/texmf-dist/tex/latex/biblatex/blx-dm.def)
(/usr/local/texlive/2026/texmf-dist/tex/latex/biblatex/blx-compat.def)
(/usr/local/texlive/2026/texmf-dist/tex/latex/biblatex/biblatex.def)
(/usr/local/texlive/2026/texmf-dist/tex/latex/biblatex/blx-natbib.def)
(/usr/local/texlive/2026/texmf-dist/tex/latex/biblatex/bbx/authoryear.bbx
(/usr/local/texlive/2026/texmf-dist/tex/latex/biblatex/bbx/standard.bbx))
(/usr/local/texlive/2026/texmf-dist/tex/latex/biblatex/cbx/authoryear.cbx)
(/usr/local/texlive/2026/texmf-dist/tex/latex/biblatex/biblatex.cfg)
(/usr/local/texlive/2026/texmf-dist/tex/latex/l3kernel/expl3.sty
(/usr/local/texlive/2026/texmf-dist/tex/latex/l3backend/l3backend-pdftex.def))
(/usr/local/texlive/2026/texmf-dist/tex/latex/biblatex/blx-case-expl3.sty
(/usr/local/texlive/2026/texmf-dist/tex/latex/l3packages/xparse/xparse.sty)))
(/usr/local/texlive/2026/texmf-dist/tex/latex/csquotes/csquotes.sty
(/usr/local/texlive/2026/texmf-dist/tex/latex/csquotes/csquotes.def)
(/usr/local/texlive/2026/texmf-dist/tex/latex/csquotes/csquotes.cfg)))
(/usr/local/texlive/2026/texmf-dist/tex/latex/amscls/amsthm.sty)
(/usr/local/texlive/2026/texmf-dist/tex/latex/geometry/geometry.sty
(/usr/local/texlive/2026/texmf-dist/tex/generic/iftex/ifvtex.sty))
(/usr/local/texlive/2026/texmf-dist/tex/latex/hyperref/hyperref.sty
(/usr/local/texlive/2026/texmf-dist/tex/generic/kvdefinekeys/kvdefinekeys.sty)
(/usr/local/texlive/2026/texmf-dist/tex/generic/pdfescape/pdfescape.sty)
(/usr/local/texlive/2026/texmf-dist/tex/latex/hycolor/hycolor.sty)
(/usr/local/texlive/2026/texmf-dist/tex/latex/hyperref/nameref.sty
(/usr/local/texlive/2026/texmf-dist/tex/latex/refcount/refcount.sty)
(/usr/local/texlive/2026/texmf-dist/tex/generic/gettitlestring/gettitlestring.s
ty)) (/usr/local/texlive/2026/texmf-dist/tex/generic/stringenc/stringenc.sty)
(/usr/local/texlive/2026/texmf-dist/tex/latex/hyperref/pd1enc.def)
(/usr/local/texlive/2026/texmf-dist/tex/generic/intcalc/intcalc.sty)
(/usr/local/texlive/2026/texmf-dist/tex/latex/hyperref/puenc.def)
(/usr/local/texlive/2026/texmf-dist/tex/generic/bitset/bitset.sty
(/usr/local/texlive/2026/texmf-dist/tex/generic/bigintcalc/bigintcalc.sty)))
(/usr/local/texlive/2026/texmf-dist/tex/latex/hyperref/hpdftex.def
(/usr/local/texlive/2026/texmf-dist/tex/latex/rerunfilecheck/rerunfilecheck.sty

(/usr/local/texlive/2026/texmf-dist/tex/generic/uniquecounter/uniquecounter.sty
))) (/usr/local/texlive/2026/texmf-dist/tex/latex/bookmark/bookmark.sty
(/usr/local/texlive/2026/texmf-dist/tex/latex/bookmark/bkm-pdftex.def)))
(/usr/local/texlive/2026/texmf-dist/tex/latex/pgf/frontendlayer/tikz.sty
(/usr/local/texlive/2026/texmf-dist/tex/latex/pgf/basiclayer/pgf.sty
(/usr/local/texlive/2026/texmf-dist/tex/latex/pgf/utilities/pgfrcs.sty
(/usr/local/texlive/2026/texmf-dist/tex/generic/pgf/utilities/pgfutil-common.te
x)
(/usr/local/texlive/2026/texmf-dist/tex/generic/pgf/utilities/pgfutil-latex.def
) (/usr/local/texlive/2026/texmf-dist/tex/generic/pgf/utilities/pgfrcs.code.tex
(/usr/local/texlive/2026/texmf-dist/tex/generic/pgf/pgf.revision.tex)))
(/usr/local/texlive/2026/texmf-dist/tex/latex/pgf/basiclayer/pgfcore.sty
(/usr/local/texlive/2026/texmf-dist/tex/latex/pgf/systemlayer/pgfsys.sty
(/usr/local/texlive/2026/texmf-dist/tex/generic/pgf/systemlayer/pgfsys.code.tex
(/usr/local/texlive/2026/texmf-dist/tex/generic/pgf/utilities/pgfkeys.code.tex
(/usr/local/texlive/2026/texmf-dist/tex/generic/pgf/utilities/pgfkeyslibraryfil
tered.code.tex))
(/usr/local/texlive/2026/texmf-dist/tex/generic/pgf/systemlayer/pgf.cfg)
(/usr/local/texlive/2026/texmf-dist/tex/generic/pgf/systemlayer/pgfsys-pdftex.d
ef
(/usr/local/texlive/2026/texmf-dist/tex/generic/pgf/systemlayer/pgfsys-common-p
df.def)))
(/usr/local/texlive/2026/texmf-dist/tex/generic/pgf/systemlayer/pgfsyssoftpath.
code.tex)
(/usr/local/texlive/2026/texmf-dist/tex/generic/pgf/systemlayer/pgfsysprotocol.
code.tex))
(/usr/local/texlive/2026/texmf-dist/tex/generic/pgf/basiclayer/pgfcore.code.tex
(/usr/local/texlive/2026/texmf-dist/tex/generic/pgf/math/pgfmath.code.tex
(/usr/local/texlive/2026/texmf-dist/tex/generic/pgf/math/pgfmathutil.code.tex)
(/usr/local/texlive/2026/texmf-dist/tex/generic/pgf/math/pgfmathparser.code.tex
)
(/usr/local/texlive/2026/texmf-dist/tex/generic/pgf/math/pgfmathfunctions.code.
tex)
(/usr/local/texlive/2026/texmf-dist/tex/generic/pgf/math/pgfmathfunctions.basic
.code.tex)
(/usr/local/texlive/2026/texmf-dist/tex/generic/pgf/math/pgfmathfunctions.trigo
nometric.code.tex)
(/usr/local/texlive/2026/texmf-dist/tex/generic/pgf/math/pgfmathfunctions.rando
m.code.tex)
(/usr/local/texlive/2026/texmf-dist/tex/generic/pgf/math/pgfmathfunctions.compa
rison.code.tex)
(/usr/local/texlive/2026/texmf-dist/tex/generic/pgf/math/pgfmathfunctions.base.
code.tex)
(/usr/local/texlive/2026/texmf-dist/tex/generic/pgf/math/pgfmathfunctions.round
.code.tex)
(/usr/local/texlive/2026/texmf-dist/tex/generic/pgf/math/pgfmathfunctions.misc.
code.tex)
(/usr/local/texlive/2026/texmf-dist/tex/generic/pgf/math/pgfmathfunctions.integ
erarithmetics.code.tex)
(/usr/local/texlive/2026/texmf-dist/tex/generic/pgf/math/pgfmathcalc.code.tex)
(/usr/local/texlive/2026/texmf-dist/tex/generic/pgf/math/pgfmathfloat.code.tex)
) (/usr/local/texlive/2026/texmf-dist/tex/generic/pgf/math/pgfint.code.tex)
(/usr/local/texlive/2026/texmf-dist/tex/generic/pgf/basiclayer/pgfcorepoints.co
de.tex)
(/usr/local/texlive/2026/texmf-dist/tex/generic/pgf/basiclayer/pgfcorepathconst
ruct.code.tex)
(/usr/local/texlive/2026/texmf-dist/tex/generic/pgf/basiclayer/pgfcorepathusage
.code.tex)
(/usr/local/texlive/2026/texmf-dist/tex/generic/pgf/basiclayer/pgfcorescopes.co
de.tex)
(/usr/local/texlive/2026/texmf-dist/tex/generic/pgf/basiclayer/pgfcoregraphicst
ate.code.tex)
(/usr/local/texlive/2026/texmf-dist/tex/generic/pgf/basiclayer/pgfcoretransform
ations.code.tex)
(/usr/local/texlive/2026/texmf-dist/tex/generic/pgf/basiclayer/pgfcorequick.cod
e.tex)
(/usr/local/texlive/2026/texmf-dist/tex/generic/pgf/basiclayer/pgfcoreobjects.c
ode.tex)
(/usr/local/texlive/2026/texmf-dist/tex/generic/pgf/basiclayer/pgfcorepathproce
ssing.code.tex)
(/usr/local/texlive/2026/texmf-dist/tex/generic/pgf/basiclayer/pgfcorearrows.co
de.tex)
(/usr/local/texlive/2026/texmf-dist/tex/generic/pgf/basiclayer/pgfcoreshade.cod
e.tex)
(/usr/local/texlive/2026/texmf-dist/tex/generic/pgf/basiclayer/pgfcoreimage.cod
e.tex)
(/usr/local/texlive/2026/texmf-dist/tex/generic/pgf/basiclayer/pgfcoreexternal.
code.tex)
(/usr/local/texlive/2026/texmf-dist/tex/generic/pgf/basiclayer/pgfcorelayers.co
de.tex)
(/usr/local/texlive/2026/texmf-dist/tex/generic/pgf/basiclayer/pgfcoretranspare
ncy.code.tex)
(/usr/local/texlive/2026/texmf-dist/tex/generic/pgf/basiclayer/pgfcorepatterns.
code.tex)
(/usr/local/texlive/2026/texmf-dist/tex/generic/pgf/basiclayer/pgfcorerdf.code.
tex)))
(/usr/local/texlive/2026/texmf-dist/tex/generic/pgf/modules/pgfmoduleshapes.cod
e.tex)
(/usr/local/texlive/2026/texmf-dist/tex/generic/pgf/modules/pgfmoduleplot.code.
tex)
(/usr/local/texlive/2026/texmf-dist/tex/latex/pgf/compatibility/pgfcomp-version
-0-65.sty)
(/usr/local/texlive/2026/texmf-dist/tex/latex/pgf/compatibility/pgfcomp-version
-1-18.sty))
(/usr/local/texlive/2026/texmf-dist/tex/latex/pgf/utilities/pgffor.sty
(/usr/local/texlive/2026/texmf-dist/tex/latex/pgf/utilities/pgfkeys.sty
(/usr/local/texlive/2026/texmf-dist/tex/generic/pgf/utilities/pgfkeys.code.tex)
) (/usr/local/texlive/2026/texmf-dist/tex/latex/pgf/math/pgfmath.sty
(/usr/local/texlive/2026/texmf-dist/tex/generic/pgf/math/pgfmath.code.tex))
(/usr/local/texlive/2026/texmf-dist/tex/generic/pgf/utilities/pgffor.code.tex))

(/usr/local/texlive/2026/texmf-dist/tex/generic/pgf/frontendlayer/tikz/tikz.cod
e.tex
(/usr/local/texlive/2026/texmf-dist/tex/generic/pgf/libraries/pgflibraryplothan
dlers.code.tex)
(/usr/local/texlive/2026/texmf-dist/tex/generic/pgf/modules/pgfmodulematrix.cod
e.tex)
(/usr/local/texlive/2026/texmf-dist/tex/generic/pgf/frontendlayer/tikz/librarie
s/tikzlibrarytopaths.code.tex)))
(/usr/local/texlive/2026/texmf-dist/tex/generic/pgf/libraries/pgflibraryarrows.
meta.code.tex)
(/usr/local/texlive/2026/texmf-dist/tex/generic/pgf/frontendlayer/tikz/librarie
s/tikzlibrarycalc.code.tex)
(/usr/local/texlive/2026/texmf-dist/tex/generic/pgf/frontendlayer/tikz/librarie
s/tikzlibrarypositioning.code.tex)
(/usr/local/texlive/2026/texmf-dist/tex/generic/pgf/frontendlayer/tikz/librarie
s/tikzlibraryshapes.geometric.code.tex
(/usr/local/texlive/2026/texmf-dist/tex/generic/pgf/libraries/shapes/pgflibrary
shapes.geometric.code.tex))
(/usr/local/texlive/2026/texmf-dist/tex/latex/caption/subcaption.sty)
(/usr/local/texlive/2026/texmf-dist/tex/latex/jknapltx/mathrsfs.sty)
(/usr/local/texlive/2026/texmf-dist/tex/latex/tcolorbox/tcolorbox.sty
(/usr/local/texlive/2026/texmf-dist/tex/latex/tools/verbatim.sty)
(/usr/local/texlive/2026/texmf-dist/tex/latex/environ/environ.sty))
(/usr/local/texlive/2026/texmf-dist/tex/latex/booktabs/booktabs.sty)
(/usr/local/texlive/2026/texmf-dist/tex/generic/pgf/frontendlayer/tikz/librarie
s/tikzlibraryshapes.code.tex
(/usr/local/texlive/2026/texmf-dist/tex/generic/pgf/frontendlayer/tikz/librarie
s/tikzlibraryshapes.misc.code.tex
(/usr/local/texlive/2026/texmf-dist/tex/generic/pgf/libraries/shapes/pgflibrary
shapes.misc.code.tex))
(/usr/local/texlive/2026/texmf-dist/tex/generic/pgf/frontendlayer/tikz/librarie
s/tikzlibraryshapes.symbols.code.tex
(/usr/local/texlive/2026/texmf-dist/tex/generic/pgf/libraries/shapes/pgflibrary
shapes.symbols.code.tex))
(/usr/local/texlive/2026/texmf-dist/tex/generic/pgf/frontendlayer/tikz/librarie
s/tikzlibraryshapes.arrows.code.tex
(/usr/local/texlive/2026/texmf-dist/tex/generic/pgf/libraries/shapes/pgflibrary
shapes.arrows.code.tex))
(/usr/local/texlive/2026/texmf-dist/tex/generic/pgf/frontendlayer/tikz/librarie
s/tikzlibraryshapes.callouts.code.tex
(/usr/local/texlive/2026/texmf-dist/tex/generic/pgf/libraries/shapes/pgflibrary
shapes.callouts.code.tex))
(/usr/local/texlive/2026/texmf-dist/tex/generic/pgf/frontendlayer/tikz/librarie
s/tikzlibraryshapes.multipart.code.tex
(/usr/local/texlive/2026/texmf-dist/tex/generic/pgf/libraries/shapes/pgflibrary
shapes.multipart.code.tex)))
(/usr/local/texlive/2026/texmf-dist/tex/generic/pgf/frontendlayer/tikz/librarie
s/tikzlibraryarrows.code.tex
(/usr/local/texlive/2026/texmf-dist/tex/generic/pgf/libraries/pgflibraryarrows.
code.tex))
(/usr/local/texlive/2026/texmf-dist/tex/generic/pgf/frontendlayer/tikz/librarie
s/tikzlibrarybackgrounds.code.tex)
(/usr/local/texlive/2026/texmf-dist/tex/generic/pgf/frontendlayer/tikz/librarie
s/tikzlibraryshadows.code.tex
(/usr/local/texlive/2026/texmf-dist/tex/generic/pgf/frontendlayer/tikz/librarie
s/tikzlibraryfadings.code.tex
(/usr/local/texlive/2026/texmf-dist/tex/generic/pgf/libraries/pgflibraryfadings
.code.tex)))
(/usr/local/texlive/2026/texmf-dist/tex/latex/stmaryrd/stmaryrd.sty)
(/usr/local/texlive/2026/texmf-dist/tex/latex/placeins/placeins.sty)
(/usr/local/texlive/2026/texmf-dist/tex/latex/cancel/cancel.sty)
(/usr/local/texlive/2026/texmf-dist/tex/latex/mathtools/mathtools.sty
(/usr/local/texlive/2026/texmf-dist/tex/latex/mathtools/mhsetup.sty)
(/usr/local/texlive/2026/texmf-dist/tex/latex/amsmath/amsmath.sty
For additional information on amsmath, use the `?' option.
(/usr/local/texlive/2026/texmf-dist/tex/latex/amsmath/amstext.sty
(/usr/local/texlive/2026/texmf-dist/tex/latex/amsmath/amsgen.sty))
(/usr/local/texlive/2026/texmf-dist/tex/latex/amsmath/amsbsy.sty)
(/usr/local/texlive/2026/texmf-dist/tex/latex/amsmath/amsopn.sty)))
(/usr/local/texlive/2026/texmf-dist/tex/latex/fancybox/fancybox.sty
Style option: `fancybox' v1.4 <2010/05/15> (tvz)
) (/usr/local/texlive/2026/texmf-dist/tex/latex/colortbl/colortbl.sty)
(/usr/local/texlive/2026/texmf-dist/tex/latex/amsfonts/amssymb.sty
(/usr/local/texlive/2026/texmf-dist/tex/latex/amsfonts/amsfonts.sty))
(/usr/local/texlive/2026/texmf-dist/tex/latex/setspace/setspace.sty)
(/usr/local/texlive/2026/texmf-dist/tex/latex/float/float.sty)
(/usr/local/texlive/2026/texmf-dist/tex/latex/base/inputenc.sty)
(/usr/local/texlive/2026/texmf-dist/tex/generic/babel/babel.sty
(/usr/local/texlive/2026/texmf-dist/tex/generic/babel/txtbabel.def)
(/usr/local/texlive/2026/texmf-dist/tex/generic/babel/locale/en/babel-english.t
ex) (/usr/local/texlive/2026/texmf-dist/tex/generic/babel-english/english.ldf))
 (/usr/local/texlive/2026/texmf-dist/tex/latex/mwe/mwe.sty
(/usr/local/texlive/2026/texmf-dist/tex/latex/lipsum/lipsum.sty
(/usr/local/texlive/2026/texmf-dist/tex/latex/l3packages/l3keys2e/l3keys2e.sty)
(/usr/local/texlive/2026/texmf-dist/tex/latex/lipsum/lipsum.ltd.tex))
(/usr/local/texlive/2026/texmf-dist/tex/latex/blindtext/blindtext.sty
(/usr/local/texlive/2026/texmf-dist/tex/latex/tools/xspace.sty)))
(/usr/local/texlive/2026/texmf-dist/tex/latex/adjustbox/adjustbox.sty
(/usr/local/texlive/2026/texmf-dist/tex/latex/xkeyval/xkeyval.sty
(/usr/local/texlive/2026/texmf-dist/tex/generic/xkeyval/xkeyval.tex
(/usr/local/texlive/2026/texmf-dist/tex/generic/xkeyval/xkvutils.tex)))
(/usr/local/texlive/2026/texmf-dist/tex/latex/adjustbox/adjcalc.sty)
(/usr/local/texlive/2026/texmf-dist/tex/latex/adjustbox/trimclip.sty
(/usr/local/texlive/2026/texmf-dist/tex/latex/collectbox/collectbox.sty)
(/usr/local/texlive/2026/texmf-dist/tex/latex/adjustbox/tc-pdftex.def))
(/usr/local/texlive/2026/texmf-dist/tex/latex/ifoddpage/ifoddpage.sty)
(/usr/local/texlive/2026/texmf-dist/tex/latex/varwidth/varwidth.sty)
==> First Aid for varwidth.sty applied!
) (/usr/local/texlive/2026/texmf-dist/tex/latex/multirow/multirow.sty)
(/usr/local/texlive/2026/texmf-dist/tex/latex/makecell/makecell.sty)
(./annotate_eqs.sty

LaTeX Warning: You have requested package `annotate_eqs',
               but the package provides `annotate-equations'.

(/usr/local/texlive/2026/texmf-dist/tex/generic/iftex/ifluatex.sty)
(/usr/local/texlive/2026/texmf-dist/tex/latex/tikzmark/tikzlibrarytikzmark.code
.tex)
(/usr/local/texlive/2026/texmf-dist/tex/generic/pgf/frontendlayer/tikz/librarie
s/tikzlibrarybabel.code.tex))
(/usr/local/texlive/2026/texmf-dist/tex/generic/pgf/frontendlayer/tikz/librarie
s/tikzlibraryfit.code.tex)
(/usr/local/texlive/2026/texmf-dist/tex/latex/epigraph/epigraph.sty
(/usr/local/texlive/2026/texmf-dist/tex/latex/nextpage/nextpage.sty))
(/usr/local/texlive/2026/texmf-dist/tex/latex/thmbox/thmbox.sty)
(/usr/local/texlive/2026/texmf-dist/tex/latex/tcolorbox/tcbtheorems.code.tex
Library (tcolorbox): 'tcbtheorems.code.tex' version '6.9.0'
) (/usr/local/texlive/2026/texmf-dist/tex/latex/tcolorbox/tcbskins.code.tex
Library (tcolorbox): 'tcbskins.code.tex' version '6.9.0'
(/usr/local/texlive/2026/texmf-dist/tex/latex/tikzfill/tikzfill.image.sty
(/usr/local/texlive/2026/texmf-dist/tex/latex/tikzfill/tikzfill-common.sty)
(/usr/local/texlive/2026/texmf-dist/tex/latex/tikzfill/tikzlibraryfill.image.co
de.tex))
(/usr/local/texlive/2026/texmf-dist/tex/latex/tcolorbox/tcbskinsjigsaw.code.tex
Library (tcolorbox): 'tcbskinsjigsaw.code.tex' version '6.9.0'
))
(/usr/local/texlive/2026/texmf-dist/tex/latex/tcolorbox/tcbbreakable.code.tex
Library (tcolorbox): 'tcbbreakable.code.tex' version '6.9.0'
(/usr/local/texlive/2026/texmf-dist/tex/latex/pdfcol/pdfcol.sty))
(/usr/local/texlive/2026/texmf-dist/tex/latex/algorithms/algorithm.sty)
(/usr/local/texlive/2026/texmf-dist/tex/latex/algorithmicx/algpseudocode.sty
(/usr/local/texlive/2026/texmf-dist/tex/latex/algorithmicx/algorithmicx.sty
Document Style algorithmicx 1.2 - a greatly improved `algorithmic' style
)
Document Style - pseudocode environments for use with the `algorithmicx' style
) (/usr/local/texlive/2026/texmf-dist/tex/latex/cleveref/cleveref.sty)
==> First Aid for cleveref.sty applied!
(/usr/local/texlive/2026/texmf-dist/tex/latex/mdframed/mdframed.sty
(/usr/local/texlive/2026/texmf-dist/tex/latex/zref/zref-abspage.sty
(/usr/local/texlive/2026/texmf-dist/tex/latex/zref/zref-base.sty
(/usr/local/texlive/2026/texmf-dist/tex/generic/etexcmds/etexcmds.sty)
(/usr/local/texlive/2026/texmf-dist/tex/latex/auxhook/auxhook.sty)))
(/usr/local/texlive/2026/texmf-dist/tex/latex/needspace/needspace.sty)
(/usr/local/texlive/2026/texmf-dist/tex/latex/mdframed/md-frame-1.mdf))
(./math_commands.tex (/usr/local/texlive/2026/texmf-dist/tex/latex/tools/bm.sty
) (/usr/local/texlive/2026/texmf-dist/tex/latex/enumitem/enumitem.sty))
(./theorems.tex
(/usr/local/texlive/2026/texmf-dist/tex/latex/tcolorbox/tcbhooks.code.tex
Library (tcolorbox): 'tcbhooks.code.tex' version '6.9.0'
)) (/usr/local/texlive/2026/texmf-dist/tex/latex/psnfss/pifont.sty
(/usr/local/texlive/2026/texmf-dist/tex/latex/psnfss/upzd.fd)
(/usr/local/texlive/2026/texmf-dist/tex/latex/psnfss/upsy.fd))
(/usr/local/texlive/2026/texmf-dist/tex/latex/pstricks/pstricks.sty
(/usr/local/texlive/2026/texmf-dist/tex/generic/xkeyval/pst-xkey.tex)
(/usr/local/texlive/2026/texmf-dist/tex/generic/pstricks/pstricks.tex
(/usr/local/texlive/2026/texmf-dist/tex/generic/pstricks/pst-fp.tex
`pst-fp' v0.06, 2020/11/20 (hv))
`PSTricks' v3.22A  <2025/12/13> (tvz,hv)
--- We are running latex or xelatex ---
(/usr/local/texlive/2026/texmf-dist/tex/generic/pstricks/pstricks.con)
(/usr/local/texlive/2026/texmf-dist/tex/generic/pstricks/pstricks-color.tex)
(/usr/local/texlive/2026/texmf-dist/tex/generic/pstricks/pstricks-arrows.tex)
(/usr/local/texlive/2026/texmf-dist/tex/generic/pstricks/pstricks-dots.tex)
(/usr/local/texlive/2026/texmf-dist/tex/generic/pstricks/pst-code-grid.tex)
(/usr/local/texlive/2026/texmf-dist/tex/generic/pstricks/pst-code-box.tex)
(/usr/local/texlive/2026/texmf-dist/tex/generic/pstricks/pst-code-arc.tex)
(/usr/local/texlive/2026/texmf-dist/tex/generic/pstricks/pst-code-circle_ellips
e.tex)
(/usr/local/texlive/2026/texmf-dist/tex/generic/pstricks/pst-code-ref_rot.tex)
(/usr/local/texlive/2026/texmf-dist/tex/generic/pstricks/pst-code-put.tex)
(/usr/local/texlive/2026/texmf-dist/tex/generic/pstricks/pst-code-pspicture.tex
) (/usr/local/texlive/2026/texmf-dist/tex/generic/pstricks/pstricks.con))
(/usr/local/texlive/2026/texmf-dist/tex/generic/pstricks/pst-fp.tex
`pst-fp' v0.06, 2020/11/20 (hv)))
(/usr/local/texlive/2026/texmf-dist/tex/latex/pstricks-add/pstricks-add.sty
(/usr/local/texlive/2026/texmf-dist/tex/latex/pst-plot/pst-plot.sty
(/usr/local/texlive/2026/texmf-dist/tex/latex/xkeyval/pst-xkey.sty)
(/usr/local/texlive/2026/texmf-dist/tex/latex/multido/multido.sty
(/usr/local/texlive/2026/texmf-dist/tex/generic/multido/multido.tex
 v1.42, 2010/05/14 <tvz>))
(/usr/local/texlive/2026/texmf-dist/tex/generic/pst-plot/pst-plot.tex
(/usr/local/texlive/2026/texmf-dist/tex/generic/pst-tools/pst-tools.tex
`PST-tools' v0.12, 2021/09/23 (hv))
(/usr/local/texlive/2026/texmf-dist/tex/generic/pstricks-add/pstricks-add.tex
(/usr/local/texlive/2026/texmf-dist/tex/generic/pst-node/pst-node.tex
 v1.45, 2024/07/10)
(/usr/local/texlive/2026/texmf-dist/tex/generic/pst-arrow/pst-arrow.tex
`pst-arrow' v0.05, 2021/11/16 (dr,hv))
(/usr/local/texlive/2026/texmf-dist/tex/generic/pst-3d/pst-3d.tex
`PST-3d' v1.11, 2010/02/14 (tvz))
(/usr/local/texlive/2026/texmf-dist/tex/generic/pst-math/pst-math.tex
`pst-math' v0.67 , (CJ,hv)) `pstricks-add' v3.94, 2023/04/17 (dr,hv))
 v1.94, 2022/11/21 (tvz,hv)))
(/usr/local/texlive/2026/texmf-dist/tex/latex/pst-node/pst-node.sty
(/usr/local/texlive/2026/texmf-dist/tex/generic/pst-node/pst-node.tex))
(/usr/local/texlive/2026/texmf-dist/tex/latex/pst-3d/pst-3d.sty
(/usr/local/texlive/2026/texmf-dist/tex/generic/pst-3d/pst-3d.tex))
(/usr/local/texlive/2026/texmf-dist/tex/latex/pst-math/pst-math.sty
(/usr/local/texlive/2026/texmf-dist/tex/latex/pst-calculate/pst-calculate.sty
(/usr/local/texlive/2026/texmf-dist/tex/latex/siunitx/siunitx.sty
(/usr/local/texlive/2026/texmf-dist/tex/latex/translations/translations.sty)))
(/usr/local/texlive/2026/texmf-dist/tex/generic/xstring/xstring.sty
(/usr/local/texlive/2026/texmf-dist/tex/generic/xstring/xstring.tex))
(/usr/local/texlive/2026/texmf-dist/tex/generic/pst-math/pst-math.tex))
(/usr/local/texlive/2026/texmf-dist/tex/generic/pstricks-add/pstricks-add.tex))
 (/usr/local/texlive/2026/texmf-dist/tex/latex/cjk-ko/kotex.sty
(/usr/local/texlive/2026/texmf-dist/tex/latex/kotex-utf/kotex.cfg)
(/usr/local/texlive/2026/texmf-dist/tex/latex/kotex-utf/kotexutf.sty
(/usr/local/texlive/2026/texmf-dist/tex/plain/kotex-plain/kotexutf-core.tex)
(/usr/local/texlive/2026/texmf-dist/tex/latex/kotex-utf/lucenc.dfu)
(/usr/local/texlive/2026/texmf-dist/tex/latex/cjk-ko/kolabels-utf.sty)))
First name missing
First name missing
First name missing
First name missing
First name missing

Package biblatex Warning: Load 'inputenc' before biblatex.


Package csquotes Warning: Load 'inputenc' before 'csquotes' on input line 379.

(build/main_v2.aux)
(/usr/local/texlive/2026/texmf-dist/tex/latex/nanumtype1/lucnanummj.fd)
(/usr/local/texlive/2026/texmf-dist/tex/context/base/mkii/supp-pdf.mkii
[Loading MPS to PDF converter (version 2006.09.02).]
) (/usr/local/texlive/2026/texmf-dist/tex/latex/epstopdf-pkg/epstopdf-base.sty
(/usr/local/texlive/2026/texmf-dist/tex/latex/latexconfig/epstopdf-sys.cfg))
(/usr/local/texlive/2026/texmf-dist/tex/latex/pdflscape/pdflscape.sty
(/usr/local/texlive/2026/texmf-dist/tex/latex/pdflscape/pdflscape-nometadata.st
y (/usr/local/texlive/2026/texmf-dist/tex/latex/graphics/lscape.sty)))

Package microtype Warning: Command \pickup@font is not defined as expected.
(microtype)                Patching it anyway. Some things may break.
(microtype)                Double-check whether micro-typography is indeed
(microtype)                applied to the document.
(microtype)                (Hint: Turn on `verbose' mode).

(/usr/local/texlive/2026/texmf-dist/tex/latex/microtype/mt-cmr.cfg)
(/usr/local/texlive/2026/texmf-dist/tex/latex/biblatex/lbx/english.lbx)
(build/main_v2.bbl)
*geometry* driver: auto-detecting
*geometry* detected driver: pdftex

(/usr/local/texlive/2026/texmf-dist/tex/latex/translations/translations-basic-d
ictionary-english.trsl)
(/usr/local/texlive/2026/texmf-dist/tex/latex/lm/t1lmss.fd)
(/usr/local/texlive/2026/texmf-dist/tex/latex/lm/ot1lmr.fd)
(/usr/local/texlive/2026/texmf-dist/tex/latex/lm/omllmm.fd)
(/usr/local/texlive/2026/texmf-dist/tex/latex/lm/omslmsy.fd)
(/usr/local/texlive/2026/texmf-dist/tex/latex/lm/omxlmex.fd)
(/usr/local/texlive/2026/texmf-dist/tex/latex/jknapltx/ursfs.fd)
(/usr/local/texlive/2026/texmf-dist/tex/latex/stmaryrd/Ustmry.fd)
(/usr/local/texlive/2026/texmf-dist/tex/latex/amsfonts/umsa.fd)
(/usr/local/texlive/2026/texmf-dist/tex/latex/microtype/mt-msa.cfg)
(/usr/local/texlive/2026/texmf-dist/tex/latex/amsfonts/umsb.fd)
(/usr/local/texlive/2026/texmf-dist/tex/latex/microtype/mt-msb.cfg)

LaTeX Font Warning: Font shape `U/stmry/b/n' undefined
(Font)              using `U/stmry/m/n' instead on input line 379.


LaTeX Font Warning: Font shape `U/rsfs/m/n' in size <13> not available
(Font)              size <12> substituted on input line 379.


LaTeX Font Warning: Font shape `U/rsfs/m/n' in size <6.5> not available
(Font)              size <6> substituted on input line 379.


LaTeX Font Warning: Font shape `U/stmry/m/n' in size <13> not available
(Font)              size <12> substituted on input line 379.


LaTeX Font Warning: Font shape `U/stmry/m/n' in size <6.5> not available
(Font)              size <6> substituted on input line 379.


LaTeX Font Warning: Font shape `U/stmry/b/n' in size <13> not available
(Font)              size <12> substituted on input line 379.


LaTeX Font Warning: Font shape `U/stmry/b/n' in size <6.5> not available
(Font)              size <6> substituted on input line 379.

[1
Non-PDF special ignored!
<special> header=pstricks.pro
Non-PDF special ignored!
<special> header=pst-algparser.pro
Non-PDF special ignored!
<special> header=pst-tools.pro
Non-PDF special ignored!
<special> header=pst-dots.pro
Non-PDF special ignored!
<special> header=pst-node.pro
Non-PDF special ignored!
<special> header=pst-3d.pro
Non-PDF special ignored!
<special> header=pst-math.pro
Non-PDF special ignored!
<special> header=pstricks-add.pro
Non-PDF special ignored!
<special> ps: /pssetRGBcolor /setrgbcolor load def /pssetCMYKcolor /setcmyk...
Non-PDF special ignored!
<special> ps:tx@Dict begin  gsave STV CP T /ps@rot 0 def grestore  end
Non-PDF special ignored!
<special> ps:tx@Dict begin  gsave STV CP T /ps@refangle 0.  def grestore  e...
Non-PDF special ignored!
<special> ps:tx@Dict begin  gsave STV CP T /ps@rot 0 def grestore  end
{/usr/local/texlive/2026/texmf-var/fonts/map/pdftex/updmap/pdftex.map}{/usr/loc
al/texlive/2026/texmf-dist/fonts/enc/dvips/lm/lm-ec.enc}] (build/main_v2.toc
[2] [3] (/usr/local/texlive/2026/texmf-dist/tex/latex/lm/t1lmtt.fd) [4])
[5] (./fnfix.tex) (/usr/local/texlive/2026/texmf-dist/tex/latex/lm/ts1lmr.fd)
[1{/usr/local/texlive/2026/texmf-dist/fonts/enc/dvips/lm/lm-ts1.enc}] [2]
(./Preface.tex [3] [4] [5] [6 <./Images/PartA/diffusion_forward_vs_reverse.pdf>
] [7{/usr/local/texlive/2026/texmf-dist/fonts/enc/dvips/lm/lm-mathsy.enc}]
[8]
Underfull \vbox (badness 10000) has occurred while \output is active [9]
[10]) (./notations.tex [11]
Underfull \vbox (badness 10000) has occurred while \output is active [12{/usr/l
ocal/texlive/2026/texmf-dist/fonts/enc/dvips/lm/lm-mathit.enc}{/usr/local/texli
ve/2026/texmf-dist/fonts/enc/dvips/lm/lm-rm.enc}]
Overfull \hbox (23.66492pt too wide) in paragraph at lines 86--86
[]$\U/msb/m/n/10.95 E[]\OT1/lmr/bx/n/10.95 (-20) f\OT1/lmr/m/n/10.95 (-20) (\OT
1/lmr/bx/n/10.95 (-20) x\OT1/lmr/m/n/10.95 (-20) ) \OMS/lmsy/m/n/10.95 j \OT1/l
mr/bx/n/10.95 (-20) z[]$\T1/lmr/m/n/10.95 (-20) ,  

Overfull \hbox (42.28333pt too wide) in paragraph at lines 86--86
\U/msb/m/n/10.95 E[][]\OT1/lmr/bx/n/10.95 (-20) f\OT1/lmr/m/n/10.95 (-20) (\OT1
/lmr/bx/n/10.95 (-20) x\OT1/lmr/m/n/10.95 (-20) )[]$  

Underfull \vbox (badness 1603) has occurred while \output is active [13{/usr/lo
cal/texlive/2026/texmf-dist/fonts/enc/dvips/lm/lm-mathex.enc}]) [14] [15]
(./Prologue-Deep-Generative-Modeling.tex
Chapter 1.
[16] [17] [18 <./Images/PartB/dgm-learning.pdf>]
Overfull \hbox (1.45654pt too wide) in paragraph at lines 232--241
\T1/lmr/m/n/10.95 (-20) It mea-sures the dis-crep-ancy be-tween the \T1/lmr/m/i
t/10.95 (-20) score func-tions $\OMS/lmsy/m/n/10.95 r[] [] \OML/lmm/m/it/10.95 
p\OT1/lmr/m/n/10.95 (-20) (\OT1/lmr/bx/n/10.95 (-20) x\OT1/lmr/m/n/10.95 (-20) 
)$ \T1/lmr/m/n/10.95 (-20) and $\OMS/lmsy/m/n/10.95 r[] [] \OML/lmm/m/it/10.95 
q\OT1/lmr/m/n/10.95 (-20) (\OT1/lmr/bx/n/10.95 (-20) x\OT1/lmr/m/n/10.95 (-20) 
)$\T1/lmr/m/n/10.95 (-20) ,
[19] [20] [21]

LaTeX Warning: Float too large for page by 23.41594pt on input line 528.

[22]
Overfull \hbox (35.57693pt too wide) in paragraph at lines 744--745
[] []\T1/lmss/bx/n/10.95 (-20) Nor-mal-iz-ing Flows.[] \T1/lmr/m/n/10.95 (-20) 
Clas-sic flow-based mod-els, such as Nor-mal-iz-ing Flows (NFs) ([]Rezende
[23] [24] [25]) [26] [27] [28] (./Part-B-diagram.tex)
(./Chapter-1-Varational-Perspective-From-VAE-to-DDPM.tex [29]
Chapter 2.
[30] [31]
Underfull \vbox (badness 6477) has occurred while \output is active [32]
[33] [34] [35] [36] [37] [38] [39] [40] [41] [42 <./Images/PartB/vdm-forward.pd
f>] [43 <./Images/PartB/vdm-backward.pdf>] [44 <./Images/PartB/ddpm_conditional
_trick.pdf>] [45] [46] [47] [48] [49] [50] [51] [52 <./Images/PartB/diffusion-c
lean.pdf>]) (./Chapter-2-Score-Based-Perspective-From-EBMs-to-NCSN.tex [53]
Chapter 3.
[54] [55 <./Images/PartB/ebm-graph.pdf>] [56] [57 <./Images/PartB/score_functio
n_plot.pdf>] [58 <./Images/PartB/langevin_sampling.png>] [59] [60]

Package mdframed Warning: You got a bad break
(mdframed)                because the last box will be empty
(mdframed)                you have to change it manually
(mdframed)                by changing the text, the space
(mdframed)                or something else on input line 495.


Overfull \vbox (16.57092pt too high) detected at line 495

Overfull \vbox (17.57092pt too high) detected at line 495

Overfull \vbox (18.57092pt too high) detected at line 495

Overfull \vbox (19.57092pt too high) detected at line 495

Overfull \vbox (20.57092pt too high) detected at line 495

Overfull \vbox (21.57092pt too high) detected at line 495

Overfull \vbox (22.57092pt too high) detected at line 495

Overfull \vbox (23.57092pt too high) detected at line 495

Overfull \vbox (24.57092pt too high) detected at line 495

Overfull \vbox (25.57092pt too high) detected at line 495

Overfull \vbox (26.57092pt too high) detected at line 495

Overfull \vbox (27.57092pt too high) detected at line 495

Overfull \vbox (28.57092pt too high) detected at line 495

Overfull \vbox (29.57092pt too high) detected at line 495

Overfull \vbox (30.57092pt too high) detected at line 495

Overfull \vbox (31.57092pt too high) detected at line 495

Overfull \vbox (32.57092pt too high) detected at line 495

Overfull \vbox (33.57092pt too high) detected at line 495

Overfull \vbox (34.57092pt too high) detected at line 495

Overfull \vbox (35.57092pt too high) detected at line 495

Overfull \vbox (36.57092pt too high) detected at line 495

Overfull \vbox (37.57092pt too high) detected at line 495

Overfull \vbox (38.57092pt too high) detected at line 495

Overfull \vbox (39.57092pt too high) detected at line 495

Overfull \vbox (40.57092pt too high) detected at line 495

Overfull \vbox (41.57092pt too high) detected at line 495

Overfull \vbox (42.57092pt too high) detected at line 495

Overfull \vbox (43.57092pt too high) detected at line 495

Overfull \vbox (44.57092pt too high) detected at line 495

Overfull \vbox (45.57092pt too high) detected at line 495

Overfull \vbox (46.57092pt too high) detected at line 495

Overfull \vbox (47.57092pt too high) detected at line 495

Overfull \vbox (48.57092pt too high) detected at line 495

Overfull \vbox (49.57092pt too high) detected at line 495

Overfull \vbox (50.57092pt too high) detected at line 495

Overfull \vbox (51.57092pt too high) detected at line 495

Overfull \vbox (52.57092pt too high) detected at line 495

Overfull \vbox (53.57092pt too high) detected at line 495

Overfull \vbox (54.57092pt too high) detected at line 495

Overfull \vbox (55.57092pt too high) detected at line 495

Overfull \vbox (56.57092pt too high) detected at line 495

Overfull \vbox (57.57092pt too high) detected at line 495

Overfull \vbox (58.57092pt too high) detected at line 495

Overfull \vbox (59.57092pt too high) detected at line 495

Overfull \vbox (60.57092pt too high) detected at line 495

Overfull \vbox (61.57092pt too high) detected at line 495

Overfull \vbox (62.57092pt too high) detected at line 495

Overfull \vbox (63.57092pt too high) detected at line 495

Overfull \vbox (64.57092pt too high) detected at line 495

Overfull \vbox (65.57092pt too high) detected at line 495

Overfull \vbox (66.57092pt too high) detected at line 495

Overfull \vbox (67.57092pt too high) detected at line 495

Overfull \vbox (68.57092pt too high) detected at line 495

Overfull \vbox (69.57092pt too high) detected at line 495

Overfull \vbox (70.57092pt too high) detected at line 495

Overfull \vbox (71.57092pt too high) detected at line 495

Overfull \vbox (72.57092pt too high) detected at line 495

Overfull \vbox (73.57092pt too high) detected at line 495

Overfull \vbox (74.57092pt too high) detected at line 495

Overfull \vbox (75.57092pt too high) detected at line 495

Overfull \vbox (76.57092pt too high) detected at line 495

Overfull \vbox (77.57092pt too high) detected at line 495

Overfull \vbox (78.57092pt too high) detected at line 495

Overfull \vbox (79.57092pt too high) detected at line 495

Overfull \vbox (80.57092pt too high) detected at line 495

Overfull \vbox (81.57092pt too high) detected at line 495

Overfull \vbox (82.57092pt too high) detected at line 495

Overfull \vbox (83.57092pt too high) detected at line 495

Overfull \vbox (84.57092pt too high) detected at line 495

Overfull \vbox (85.57092pt too high) detected at line 495

Overfull \vbox (86.57092pt too high) detected at line 495

Overfull \vbox (87.57092pt too high) detected at line 495

Overfull \vbox (88.57092pt too high) detected at line 495

Overfull \vbox (89.57092pt too high) detected at line 495

Overfull \vbox (90.57092pt too high) detected at line 495

Overfull \vbox (91.57092pt too high) detected at line 495

Overfull \vbox (92.57092pt too high) detected at line 495

Overfull \vbox (93.57092pt too high) detected at line 495

Overfull \vbox (94.57092pt too high) detected at line 495

Overfull \vbox (95.57092pt too high) detected at line 495

Overfull \vbox (96.57092pt too high) detected at line 495

Overfull \vbox (97.57092pt too high) detected at line 495

Overfull \vbox (98.57092pt too high) detected at line 495

Overfull \vbox (99.57092pt too high) detected at line 495

Overfull \vbox (100.57092pt too high) detected at line 495

Overfull \vbox (101.57092pt too high) detected at line 495

Overfull \vbox (102.57092pt too high) detected at line 495

Overfull \vbox (103.57092pt too high) detected at line 495

Overfull \vbox (104.57092pt too high) detected at line 495

Overfull \vbox (105.57092pt too high) detected at line 495

Overfull \vbox (106.57092pt too high) detected at line 495

Overfull \vbox (107.57092pt too high) detected at line 495

Overfull \vbox (108.57092pt too high) detected at line 495

Overfull \vbox (109.57092pt too high) detected at line 495

Overfull \vbox (110.57092pt too high) detected at line 495

Overfull \vbox (111.57092pt too high) detected at line 495

Overfull \vbox (112.57092pt too high) detected at line 495

Overfull \vbox (113.57092pt too high) detected at line 495

Overfull \vbox (114.57092pt too high) detected at line 495

Overfull \vbox (115.57092pt too high) detected at line 495

Overfull \vbox (116.57092pt too high) detected at line 495

Overfull \vbox (117.57092pt too high) detected at line 495

Package mdframed Warning: correct box splittet fails
 It seems you are using a non splittable contents
(mdframed)                 on input line 495.

[61 <./Images/PartB/score_function_approximation.pdf>] [62] [63] [64] [65]
[66] [67] [68 <./Images/PartB/dsm-graph.pdf>]
Overfull \hbox (24.70169pt too wide) in paragraph at lines 790--790
\T1/lmr/m/n/10.95 (-20) The proof pro-ceeds by com-put-ing the score of the mar
ginal $\OML/lmm/m/it/10.95 p\OT1/lmr/m/n/10.95 (-20) ([]) = [] \OML/lmm/m/it/10
.95 p\OT1/lmr/m/n/10.95 (-20) ([]\OMS/lmsy/m/n/10.95 j\OT1/lmr/bx/n/10.95 (-20)
 x\OT1/lmr/m/n/10.95 (-20) )\OML/lmm/m/it/10.95 p[]\OT1/lmr/m/n/10.95 (-20) (\O
T1/lmr/bx/n/10.95 (-20) x\OT1/lmr/m/n/10.95 (-20) ) []  d\OT1/lmr/bx/n/10.95 (-
20) x$\T1/lmr/m/n/10.95 (-20) .
[69] [70] [71]
Overfull \hbox (13.39633pt too wide) in paragraph at lines 915--916
[] []\T1/lmss/bx/n/10.95 (-20) Link to Tweedie's For-mula and Bayes Op-ti-mal-i
ty.[] \T1/lmr/m/n/10.95 (-20) Let $\OML/lmm/m/it/10.95 p[]\OT1/lmr/m/n/10.95 (-
20) ([]) = []\OML/lmm/m/it/10.95 p[] \OMS/lmsy/m/n/10.95 ^^C N\OT1/lmr/m/n/10.9
5 (-20) (\OT1/lmr/bx/n/10.95 (-20) 0\OML/lmm/m/it/10.95 ; ^^[[]\OT1/lmr/bx/n/10
.95 (-20) I\OT1/lmr/m/n/10.95 (-20) )[]([])$

Overfull \hbox (12.46419pt too wide) in paragraph at lines 923--927
\T1/lmr/m/n/10.95 (-20) Hence min-i-miz-ing the ex-pected SURE equals min-i-miz
-ing the Bayes risk $\U/msb/m/n/10.95 E[][]\OMS/lmsy/m/n/10.95 k\OT1/lmr/bx/n/1
0.95 (-20) D\OT1/lmr/m/n/10.95 (-20) ([]) \OMS/lmsy/m/n/10.95 ^^@
[72] [73] [74] [75] [76 <./Images/PartB/score_function_acc.pdf>] [77 <./Images/
PartB/ncsn-graph.pdf>] [78] [79] [80] [81])
(./Chapter-3-Diffusion-Models-Today-Score-SDE-Framework.tex [82]
Chapter 4.
[83] [84 <./Images/PartB/score_landscape_2d.pdf>] [85] [86 <./Images/PartB/sde-
forward-noise.pdf>]
Overfull \hbox (11.15501pt too wide) in paragraph at lines 134--136
[]\T1/lmr/m/n/10.95 (-20) With this for-mu-la-tion, ear-lier meth-ods based on 
dis-crete time, such as NCSN ([]Song
[87 <./Images/PartB/forward_sde_ode_trajectories.pdf>] [88] [89 <./Images/PartB
/reverse_sde_and_ode_trajectories.pdf>] [90] [91] [92] [93]
Underfull \vbox (badness 10000) has occurred while \output is active [94]

LaTeX Warning: Text page 95 contains only floats.

[95 <./Images/PartB/score_sde_three_dynamics.pdf>]
Underfull \vbox (badness 3168) has occurred while \output is active [96]
[97] [98] [99] [100] [101] [102 <./Images/PartB/denoising_score_matching.pdf>]
[103]
Underfull \vbox (badness 1642) has occurred while \output is active [104 <./Ima
ges/PartB/sde_ode_trajectories.pdf>] [105] [106] [107] [108] [109] [110]
[111 <./Images/PartB/vdm-sde.pdf>] [112]
Underfull \vbox (badness 10000) has occurred while \output is active [113]
[114] [115] [116]

Package hyperref Warning: Token not allowed in a PDF string (Unicode):
(hyperref)                removing `\\' on input line 1256.


Package fancyhdr Warning: \headheight is too small (14.4pt): 
(fancyhdr)                Make it at least 26.78468pt, for example:
(fancyhdr)                \setlength{\headheight}{26.78468pt}.
(fancyhdr)                You might also make \topmargin smaller:
(fancyhdr)                \addtolength{\topmargin}{-12.38469pt}.

[117] [118]
Overfull \hbox (0.69289pt too wide) in paragraph at lines 1374--1375
[] []\T1/lmss/bx/n/10.95 (-20) Sub-sti-tut-ing into the Re-verse Tran-si-tion.[
] \T1/lmr/m/n/10.95 (-20) Sub-sti-tut-ing equa-tions Equa-tion ([][]4.1.2[][])

Package fancyhdr Warning: \headheight is too small (14.4pt): 
(fancyhdr)                Make it at least 26.78468pt, for example:
(fancyhdr)                \setlength{\headheight}{26.78468pt}.
(fancyhdr)                You might also make \topmargin smaller:
(fancyhdr)                \addtolength{\topmargin}{-12.38469pt}.

[119]
Overfull \hbox (1.01869pt too wide) in paragraph at lines 1406--1408
\T1/lmr/m/n/10.95 (-20) The ad-di-tional term $\OMS/lmsy/m/n/10.95 k\OML/lmm/m/
it/10.95 g[]\OT1/lmr/m/n/10.95 (-20) (\OML/lmm/m/it/10.95 t\OT1/lmr/m/n/10.95 (
-20) )^^A\OML/lmm/m/it/10.95 t\OMS/lmsy/m/n/10.95 r[] [] \OML/lmm/m/it/10.95 p[
]\OT1/lmr/m/n/10.95 (-20) (\OT1/lmr/bx/n/10.95 (-20) x[]\OT1/lmr/m/n/10.95 (-20
) )\OMS/lmsy/m/n/10.95 k[]$ \T1/lmr/m/n/10.95 (-20) from com-plet-ing the squar
e is $\OMS/lmsy/m/n/10.95 O\OT1/lmr/m/n/10.95 (-20) ((^^A\OML/lmm/m/it/10.95 t\
OT1/lmr/m/n/10.95 (-20) )[])$
[120]) (./Chapter-4-Flow-Based-Perspective-From-NFs-to-Flow-Matching.tex
[121]
Chapter 5.
[122] [123]
Underfull \vbox (badness 2277) has occurred while \output is active [124 <./Ima
ges/PartB/flow_density.pdf>] [125] [126]
Overfull \hbox (9.0443pt too wide) in paragraph at lines 252--253
[]\T1/lmr/m/n/10.95 (-20) This for-mu-la-tion, in-deed, cor-re-sponds to the Eu
-ler dis-cretiza-tion of the continuous-
[127 <./Images/PartB/discrete_vs_continuous_side_by_side_white.pdf>]
Underfull \vbox (badness 1448) has occurred while \output is active [128]
[129 <./Images/PartB/cov_2d_layers.pdf>] [130] [131] [132] [133 <./Images/PartB
/data_vs_prior_cone_with_oval.pdf>] [134 <./Images/PartB/four_panel_simple.pdf>
] [135] [136] [137] [138]
Underfull \vbox (badness 1983) has occurred while \output is active [139 <./Ima
ges/PartB/flow_matching_conditional.pdf>] [140] [141] [142] [143] [144]
[145] [146] [147 <./Images/PartB/triptych_gray_cones_final.pdf>] [148] [149]
[150]
Overfull \hbox (4.95784pt too wide) in paragraph at lines 1170--1171
[] [] \T1/lmss/bx/n/10.95 (-20) Two-Sided Con-di-tion-ing ($\OT1/lmr/bx/n/10.95
 (-20) z = (x[]\OML/lmm/b/it/10.95 ; \OT1/lmr/bx/n/10.95 (-20) x[])$\T1/lmss/bx
/n/10.95 (-20) ).[] \T1/lmr/m/n/10.95 (-20) The same tem-plate with $\OML/lmm/b
/it/10.95 ^^V[]\OT1/lmr/m/n/10.95 (-20) (\OT1/lmr/bx/n/10.95 (-20) x[]\OML/lmm/
m/it/10.95 ; \OT1/lmr/bx/n/10.95 (-20) x[]\OT1/lmr/m/n/10.95 (-20) ) =
[151] [152]
Underfull \hbox (badness 4872) in paragraph at lines 1208--1208
[]|\T1/lmr/m/n/7 (+20) Convenient when $\OML/lmm/m/it/7 p[]\OT1/lmr/m/n/7 (+20)
 (\OMS/lmsy/m/n/7 ^^Aj\OT1/lmr/bx/n/7 (+20) z\OT1/lmr/m/n/7 (+20) )$ \T1/lmr/m/
n/7 (+20) is Gaus-sian /

Underfull \hbox (badness 10000) in paragraph at lines 1208--1209
[]|\T1/lmr/m/n/7 (+20) Given $\OT1/lmr/bx/n/7 (+20) 	[]\OT1/lmr/m/n/7 (+20) (\O
MS/lmsy/m/n/7 ^^Aj\OT1/lmr/bx/n/7 (+20) z\OT1/lmr/m/n/7 (+20) )$\T1/lmr/m/n/7 (
+20) , both $\OML/lmm/m/it/7 p[]\OT1/lmr/m/n/7 (+20) (\OMS/lmsy/m/n/7 ^^Aj\OT1/
lmr/bx/n/7 (+20) z\OT1/lmr/m/n/7 (+20) ) =

Underfull \hbox (badness 10000) in paragraph at lines 1208--1209
\OT1/lmr/m/n/7 (+20) (\OT1/lmr/bx/n/7 (+20) 	[]\OT1/lmr/m/n/7 (+20) (\OMS/lmsy/
m/n/7 ^^Aj\OT1/lmr/bx/n/7 (+20) z\OT1/lmr/m/n/7 (+20) ))[]\OML/lmm/m/it/7 p[]$ 
\T1/lmr/m/n/7 (+20) and $\OT1/lmr/bx/n/7 (+20) v[]\OT1/lmr/m/n/7 (+20) (\OMS/lm
sy/m/n/7 ^^Aj\OT1/lmr/bx/n/7 (+20) z\OT1/lmr/m/n/7 (+20) )$ \T1/lmr/m/n/7 (+20)
 are de-ter-

Underfull \hbox (badness 10000) in paragraph at lines 1213--1215
\T1/lmr/m/n/7 (+20) easy bound-ary con-trol; ac-com-mo-dates

Overfull \hbox (4.65683pt too wide) in paragraph at lines 1205--1215
 [] 
[153] [154] [155 <./Images/PartB/straightness_counterexample.pdf>] [156]
pdfTeX warning (ext4): destination with the same identifier (name{ALG@line.1}) 
has been already used, duplicate ignored
<to be read again> 
                   \relax 
l.1406 \State
              \textbfs{Pre-Train Diffusion.} Fit $\rvv_{\bphi^\times}$ on th...

pdfTeX warning (ext4): destination with the same identifier (name{ALG@line.2}) 
has been already used, duplicate ignored
<to be read again> 
                   \relax 
l.1411 \State
              \textbfs{Rectify.} Sample $\rvz_0 \sim p_{\text{src}}$ and int...
[157] [158] [159] [160 <./Images/PartB/rectified_flow_trained.pdf>] [161])
(./Chapter-5-They-Are-All-Equivalent.tex [162]
Chapter 6.
[163] [164] [165] [166] [167] [168] [169]
Overfull \hbox (7.82498pt too wide) in paragraph at lines 313--314
[]\T1/lmr/m/n/10.95 (-20) Prediction types of $[][]$ and their as-so-ci-ated re
-gres-sion tar-gets $[][]$; 
[170] (/usr/local/texlive/2026/texmf-dist/tex/latex/lm/ot1lmtt.fd) [171{/usr/lo
cal/texlive/2026/texmf-dist/fonts/enc/dvips/lm/lm-rmtt.enc}] [172] [173]
[174] [175]
Underfull \vbox (badness 10000) has occurred while \output is active [176]
[177] [178] [179] [180] [181] [182] [183]
Underfull \vbox (badness 1874) has occurred while \output is active [184]
[185] [186] [187] [188] [189]) (./Chapter-4-plus-OT-and-Diffusion-Model.tex
[190]
Chapter 7.

Overfull \hbox (7.4983pt too wide) in paragraph at lines 13--24
\T1/lmr/m/n/10.95 (-20) trans-port, and Schrödinger bridges as for-mu-la-tions 
of the dis-tri-bu-tion^^Uto^^Udistribution
[191]
Underfull \vbox (badness 10000) detected at line 59
[192] [193] [194 <./Images/PartB/ot_2d_coupling_comparison.pdf>] [195] [196]
[197 <./Images/PartB/ot_illustration.pdf>] [198] [199] [200]
Underfull \vbox (badness 1253) has occurred while \output is active [201 <./Ima
ges/PartB/sb_illustration.pdf>] [202]
Overfull \hbox (3.07677pt too wide) in paragraph at lines 557--559
\T1/lmr/m/n/10.95 (-20) In the reverse-time stochas-tic con-trol for-mu-la-tion
 of Equa-tion ([][]7.2.8[][])(same quadratic
[203] [204] [205] [206] [207 <./Images/PartB/eot_epsilon_interpolation.pdf>]
[208] [209] [210] [211] [212] [213] [214] [215] [216 <./Images/PartB/pfode_vs_o
t_2d.pdf>] [217] [218] [219]
Underfull \vbox (badness 10000) has occurred while \output is active [220]
[221] [222] [223] [224]) [225] (./Part-C-D-diagram.tex)
(./Chapter-6-Guidance.tex [226]
Chapter 8.
[227] [228 <./Images/PartC/guidance.pdf>] [229] [230] [231] [232] [233]
[234] [235 <./Images/PartB/classifier_guidance_v2.pdf>]
pdfTeX warning (ext4): destination with the same identifier (name{ALG@line.1}) 
has been already used, duplicate ignored
<to be read again> 
                   \relax 
l.463       \Repeat
                   
pdfTeX warning (ext4): destination with the same identifier (name{ALG@line.2}) 
has been already used, duplicate ignored
<to be read again> 
                   \relax 
l.464         \State
                     $\rvx \sim p_{\text{data}}(\rvx)$
pdfTeX warning (ext4): destination with the same identifier (name{ALG@line.3}) 
has been already used, duplicate ignored
<to be read again> 
                   \relax 
l.465         \State
                     $t \sim \mathcal{U}[0, T]$
pdfTeX warning (ext4): destination with the same identifier (name{ALG@line.4}) 
has been already used, duplicate ignored
<to be read again> 
                   \relax 
l.466         \State
                     $\bm{\epsilon} \sim \mathcal{N}(\mathbf{0}, \mathbf{I})$
pdfTeX warning (ext4): destination with the same identifier (name{ALG@line.5}) 
has been already used, duplicate ignored
<to be read again> 
                   \relax 
l.467         \State
                     $\rvx_t = \alpha_t \rvx + \sigma_t \bm{\epsilon}$
pdfTeX warning (ext4): destination with the same identifier (name{ALG@line.6}) 
has been already used, duplicate ignored
<to be read again> 
                   \relax 
l.468         \State
                     Take gradient step on:
pdfTeX warning (ext4): destination with the same identifier (name{ALG@line.7}) 
has been already used, duplicate ignored
<to be read again> 
                   \relax 
l.470       \Until
                  {converged}
Underfull \hbox (badness 4479) in paragraph at lines 481--482
[][]$\OML/lmm/m/it/10 p[]$\T1/lmr/m/n/10 (+20) : prob. of un-con-di-tional

pdfTeX warning (ext4): destination with the same identifier (name{ALG@line.1}) 
has been already used, duplicate ignored
<to be read again> 
                   \relax 
l.482       \Repeat
                   
pdfTeX warning (ext4): destination with the same identifier (name{ALG@line.2}) 
has been already used, duplicate ignored
<to be read again> 
                   \relax 
l.483         \State
                     \textcolor{orange}{$(\rvx, \rvc) \sim p_{\text{data}}(\...

pdfTeX warning (ext4): destination with the same identifier (name{ALG@line.3}) 
has been already used, duplicate ignored
<to be read again> 
                   \relax 
l.484         \State
                     \textcolor{orange}{$\rvc \gets \emptyset$ with prob. $p...

pdfTeX warning (ext4): destination with the same identifier (name{ALG@line.4}) 
has been already used, duplicate ignored
<to be read again> 
                   \relax 
l.485         \State
                     $t \sim \mathcal{U}[0, T]$
pdfTeX warning (ext4): destination with the same identifier (name{ALG@line.5}) 
has been already used, duplicate ignored
<to be read again> 
                   \relax 
l.486         \State
                     $\bm{\epsilon} \sim \mathcal{N}(\mathbf{0}, \mathbf{I})$
pdfTeX warning (ext4): destination with the same identifier (name{ALG@line.6}) 
has been already used, duplicate ignored
<to be read again> 
                   \relax 
l.487         \State
                     $\rvx_t = \alpha_t \rvx + \sigma_t \bm{\epsilon}$
pdfTeX warning (ext4): destination with the same identifier (name{ALG@line.7}) 
has been already used, duplicate ignored
<to be read again> 
                   \relax 
l.488         \State
                     Take gradient step on:
pdfTeX warning (ext4): destination with the same identifier (name{ALG@line.8}) 
has been already used, duplicate ignored
<to be read again> 
                   \relax 
l.490       \Until
                  {converged}
Underfull \vbox (badness 1824) has occurred while \output is active [236]
[237] [238] [239] [240] [241] [242] [243] [244]

Package fancyhdr Warning: \headheight is too small (14.4pt): 
(fancyhdr)                Make it at least 26.32425pt, for example:
(fancyhdr)                \setlength{\headheight}{26.32425pt}.
(fancyhdr)                You might also make \topmargin smaller:
(fancyhdr)                \addtolength{\topmargin}{-11.92426pt}.

[245] [246]

Package fancyhdr Warning: \headheight is too small (14.4pt): 
(fancyhdr)                Make it at least 26.32425pt, for example:
(fancyhdr)                \setlength{\headheight}{26.32425pt}.
(fancyhdr)                You might also make \topmargin smaller:
(fancyhdr)                \addtolength{\topmargin}{-11.92426pt}.

[247] [248]
Overfull \hbox (13.97963pt too wide) in paragraph at lines 1063--1065
\T1/lmr/m/n/10.95 (-20) where $\OML/lmm/m/it/10.95 ^^Y[]\OT1/lmr/m/n/10.95 (-20
) (\OT1/lmr/bx/n/10.95 (-20) x\OMS/lmsy/m/n/10.95 j\OT1/lmr/bx/n/10.95 (-20) c\
OT1/lmr/m/n/10.95 (-20) ) := \OML/lmm/m/it/10.95 p[]\OT1/lmr/m/n/10.95 (-20) (\
OT1/lmr/bx/n/10.95 (-20) x\OMS/lmsy/m/n/10.95 j\OT1/lmr/bx/n/10.95 (-20) c\OT1/
lmr/m/n/10.95 (-20) )$\T1/lmr/m/n/10.95 (-20) , and $\OML/lmm/m/it/10.95 Z\OT1/
lmr/m/n/10.95 (-20) (\OT1/lmr/bx/n/10.95 (-20) c\OT1/lmr/m/n/10.95 (-20) )$ \T1
/lmr/m/n/10.95 (-20) is the par-ti-tion func-tion en-sur-ing $[] \OML/lmm/m/it/
10.95 ^^Y[]\OT1/lmr/m/n/10.95 (-20) (\OT1/lmr/bx/n/10.95 (-20) x\OMS/lmsy/m/n/1
0.95 j\OT1/lmr/bx/n/10.95 (-20) c\OT1/lmr/m/n/10.95 (-20) ) []  d\OT1/lmr/bx/n/
10.95 (-20) x \OT1/lmr/m/n/10.95 (-20) =

Package fancyhdr Warning: \headheight is too small (14.4pt): 
(fancyhdr)                Make it at least 26.32425pt, for example:
(fancyhdr)                \setlength{\headheight}{26.32425pt}.
(fancyhdr)                You might also make \topmargin smaller:
(fancyhdr)                \addtolength{\topmargin}{-11.92426pt}.

[249] [250]

Package fancyhdr Warning: \headheight is too small (14.4pt): 
(fancyhdr)                Make it at least 26.32425pt, for example:
(fancyhdr)                \setlength{\headheight}{26.32425pt}.
(fancyhdr)                You might also make \topmargin smaller:
(fancyhdr)                \addtolength{\topmargin}{-11.92426pt}.

[251] [252]

Package fancyhdr Warning: \headheight is too small (14.4pt): 
(fancyhdr)                Make it at least 26.32425pt, for example:
(fancyhdr)                \setlength{\headheight}{26.32425pt}.
(fancyhdr)                You might also make \topmargin smaller:
(fancyhdr)                \addtolength{\topmargin}{-11.92426pt}.

[253] [254]) (./Chapter-7-Sophisticated-Solvers-for-Fast-Sampling.tex [255]
Chapter 9.
[256]
Overfull \hbox (8.45221pt too wide) in paragraph at lines 24--26
[]\T1/lmr/m/n/10.95 (-20) Concretely, sup-pose we have a pre-trained dif-fu-sio
n model $\OT1/lmr/bx/n/10.95 (-20) s[]\OT1/lmr/m/n/10.95 (-20) (\OT1/lmr/bx/n/1
0.95 (-20) x\OML/lmm/m/it/10.95 ; t\OT1/lmr/m/n/10.95 (-20) ) \OMS/lmsy/m/n/10.
95 ^^Y r[] [] \OML/lmm/m/it/10.95 p[]\OT1/lmr/m/n/10.95 (-20) (\OT1/lmr/bx/n/10
.95 (-20) x\OT1/lmr/m/n/10.95 (-20) )$
[257]
Overfull \hbox (1.7571pt too wide) in paragraph at lines 94--96
\T1/lmr/m/n/10.95 (-20) vates spe-cial-ized in-te-gra-tors (see dis-cus-sion ne
ar Equa-tion ([][]9.1.6[][]) be-low) ([]Hochbruck
[258] [259] [260]
Overfull \hbox (5.58119pt too wide) in paragraph at lines 236--237
\T1/lmr/m/n/10.95 (-20) fam-ily, in-clud-ing DPM-Solver ([]Lu \T1/lmr/m/it/10.9
5 (-20) et al.\T1/lmr/m/n/10.95 (-20) , [][]2022b[][]) (Sec-tion [][]9.4[][]), 
and DPM-Solver\T1/lmtt/m/n/10.95 ++ \T1/lmr/m/n/10.95 (-20) ([]Lu
[261] [262] [263] [264]
Underfull \vbox (badness 10000) has occurred while \output is active [265]
[266]
Underfull \vbox (badness 10000) has occurred while \output is active [267 <./Im
ages/PartB/Euler.pdf>] [268] [269] [270] [271]
Overfull \hbox (5.26273pt too wide) in paragraph at lines 744--746
\T1/lmr/m/n/10.95 (-20) This con-struc-tion re-moves any de-pen-dence on the fo
r-ward one-step ker-nel $\OML/lmm/m/it/10.95 p\OT1/lmr/m/n/10.95 (-20) (\OT1/lm
r/bx/n/10.95 (-20) x[]\OMS/lmsy/m/n/10.95 j\OT1/lmr/bx/n/10.95 (-20) x[]\OT1/lm
r/m/n/10.95 (-20) )$
[272] [273] [274] [275] [276] [277]
Underfull \vbox (badness 4001) has occurred while \output is active [278]
[279 <./Images/PartC/DEIS.pdf>] [280]
Overfull \hbox (26.71896pt too wide) in paragraph at lines 1486--1490
\T1/lmr/m/n/10.95 (-20) where $\OML/lmm/m/it/10.95 `[]$ \T1/lmr/m/n/10.95 (-20)
 is the La-grange ba-sis of de-gree $\OML/lmm/m/it/10.95 i[]\OT1/lmr/m/n/10.95 
(-20) 1$ \T1/lmr/m/n/10.95 (-20) built on the nodes at time $\OMS/lmsy/m/n/10.9
5 f\OML/lmm/m/it/10.95 t[]; t[]; [] ; t[]\OMS/lmsy/m/n/10.95 g$\T1/lmr/m/n/10.9
5 (-20) .
[281] [282]
Overfull \hbox (5.46278pt too wide) in paragraph at lines 1576--1577
\T1/lmr/m/n/10.95 (-20) The DPM-Solver fam-ily, in-clud-ing DPM-Solver ([]Lu \T
1/lmr/m/it/10.95 (-20) et al.\T1/lmr/m/n/10.95 (-20) , [][]2022b[][]), DPM-Solv
er\T1/lmtt/m/n/10.95 ++ \T1/lmr/m/n/10.95 (-20) ([]Lu
[283]
Underfull \vbox (badness 3302) has occurred while \output is active [284]
Overfull \hbox (7.00385pt too wide) in paragraph at lines 1659--1660
[] []\T1/lmss/bx/n/10.95 (-20) In-tu-ition of Why Repa-ram-e-ter-ize Time?[] \T
1/lmr/m/n/10.95 (-20) For strictly mono-tone $\OML/lmm/m/it/10.95 ^^U\OT1/lmr/m
/n/10.95 (-20) (\OML/lmm/m/it/10.95 t\OT1/lmr/m/n/10.95 (-20) )$\T1/lmr/m/n/10.
95 (-20) , the first^^Uorder
[285]

Package mdframed Warning: You got a bad break
(mdframed)                because the last box will be empty
(mdframed)                you have to change it manually
(mdframed)                by changing the text, the space
(mdframed)                or something else on input line 1741.

[286] [287]
pdfTeX warning (ext4): destination with the same identifier (name{ALG@line.1}) 
has been already used, duplicate ignored
<to be read again> 
                   \relax 
l.1833         \State
                      $\tilde\rvx_{t_0}\gets\rvx_T$
pdfTeX warning (ext4): destination with the same identifier (name{ALG@line.2}) 
has been already used, duplicate ignored
<to be read again> 
                   \relax 
l.1834         \For
                   {$i\gets 1$ to $M$}
pdfTeX warning (ext4): destination with the same identifier (name{ALG@line.3}) 
has been already used, duplicate ignored
<to be read again> 
                   \relax 
l.1835         \State
                      $h_i \gets \lambda_{t_i} - \lambda_{t_{i-1}}$
pdfTeX warning (ext4): destination with the same identifier (name{ALG@line.4}) 
has been already used, duplicate ignored
<to be read again> 
                   \relax 
l.1836         \State
                      $s_{i}^{\text{mid}} \gets t_{\lambda}\left(\tfrac{\lam...

pdfTeX warning (ext4): destination with the same identifier (name{ALG@line.5}) 
has been already used, duplicate ignored
<to be read again> 
                   \relax 
l.1837         \State
                     
pdfTeX warning (ext4): destination with the same identifier (name{ALG@line.6}) 
has been already used, duplicate ignored
<to be read again> 
                   \relax 
l.1839     \State
                   $\tilde\rvx_{t_{i}} \gets \tfrac{\alpha_{t_{i}}}{\alpha_{...

pdfTeX warning (ext4): destination with the same identifier (name{ALG@line.7}) 
has been already used, duplicate ignored
<to be read again> 
                   \relax 
l.1840         \EndFor
                      
pdfTeX warning (ext4): destination with the same identifier (name{ALG@line.8}) 
has been already used, duplicate ignored
<to be read again> 
                   \relax 
l.1841         \State
                      \Return $\tilde\rvx_{t_M}$ [288]
Underfull \vbox (badness 2418) has occurred while \output is active [289]
[290] [291] [292 <./Images/PartC/Heun.pdf>] [293] [294] [295]
pdfTeX warning (ext4): destination with the same identifier (name{ALG@line.1}) 
has been already used, duplicate ignored
<to be read again> 
                   \relax 
l.2192     \State
                  $\tilde\rvx_{t_0}\gets\rvx_T$;\quad $\lambda_{t_i}\gets \l...

pdfTeX warning (ext4): destination with the same identifier (name{ALG@line.2}) 
has been already used, duplicate ignored
<to be read again> 
                   \relax 
l.2193     \State
                  $\hat\rvx_0 \gets \hat{\rvx}_{\bphi^\times}(\tilde\rvx_{t_...

pdfTeX warning (ext4): destination with the same identifier (name{ALG@line.3}) 
has been already used, duplicate ignored
<to be read again> 
                   \relax 
l.2194     \For
               {$i\gets 1$ \textbf{to} $M$}
pdfTeX warning (ext4): destination with the same identifier (name{ALG@line.4}) 
has been already used, duplicate ignored
<to be read again> 
                   \relax 
l.2195         \State
                      $h_i \gets \lambda_{t_i}-\lambda_{t_{i-1}}$;\quad $s_i...

pdfTeX warning (ext4): destination with the same identifier (name{ALG@line.5}) 
has been already used, duplicate ignored
<to be read again> 
                   \relax 
l.2196         \State
                      $\rvu_i \gets \tfrac{\sigma_{s_i^{\text{mid}}}}{\sigma...

pdfTeX warning (ext4): destination with the same identifier (name{ALG@line.6}) 
has been already used, duplicate ignored
<to be read again> 
                   \relax 
l.2198         \State
                      $\rmD_i^{\mathrm{mid}} \gets \hat{\rvx}_{\bphi^\times}...

pdfTeX warning (ext4): destination with the same identifier (name{ALG@line.7}) 
has been already used, duplicate ignored
<to be read again> 
                   \relax 
l.2199         \State
                      $\tilde\rvx_{t_i} \gets \tfrac{\sigma_{t_i}}{\sigma_{t...

pdfTeX warning (ext4): destination with the same identifier (name{ALG@line.8}) 
has been already used, duplicate ignored
<to be read again> 
                   \relax 
l.2201         \State
                      $\hat\rvx_i \gets \hat{\rvx}_{\bphi^\times}(\tilde\rvx...

pdfTeX warning (ext4): destination with the same identifier (name{ALG@line.9}) 
has been already used, duplicate ignored
<to be read again> 
                   \relax 
l.2202     \EndFor
                   [296] [297] [298]
pdfTeX warning (ext4): destination with the same identifier (name{ALG@line.1}) 
has been already used, duplicate ignored
<to be read again> 
                   \relax 
l.2372     \State
                  $\tilde\rvx_{t_0}\gets\rvx_T$;\quad $\lambda_{t_i}\gets \l...

pdfTeX warning (ext4): destination with the same identifier (name{ALG@line.2}) 
has been already used, duplicate ignored
<to be read again> 
                   \relax 
l.2373     \State
                  $\hat\rvx_0 \gets \hat{\rvx}_{\bphi^\times}(\tilde\rvx_{t_...

pdfTeX warning (ext4): destination with the same identifier (name{ALG@line.3}) 
has been already used, duplicate ignored
<to be read again> 
                   \relax 
l.2375     \State
                  $\tilde\rvx_{t_1} \gets \tfrac{\sigma_{t_1}}{\sigma_{t_0}}...

pdfTeX warning (ext4): destination with the same identifier (name{ALG@line.4}) 
has been already used, duplicate ignored
<to be read again> 
                   \relax 
l.2377     \State
                  $\hat\rvx_1 \gets \hat{\rvx}_{\bphi^\times}(\tilde\rvx_{t_...

pdfTeX warning (ext4): destination with the same identifier (name{ALG@line.5}) 
has been already used, duplicate ignored
<to be read again> 
                   \relax 
l.2379     \For
               {$i\gets 2$ \textbf{to} $M$}
pdfTeX warning (ext4): destination with the same identifier (name{ALG@line.6}) 
has been already used, duplicate ignored
<to be read again> 
                   \relax 
l.2380         \State
                      $r_i \gets h_i/h_{i-1}$ \Comment step ratio
pdfTeX warning (ext4): destination with the same identifier (name{ALG@line.7}) 
has been already used, duplicate ignored
<to be read again> 
                   \relax 
l.2381         \State
                      $\rmD_i^{\mathrm{sim}} \gets \Big(1+\tfrac12 r_i\Big)\...

pdfTeX warning (ext4): destination with the same identifier (name{ALG@line.8}) 
has been already used, duplicate ignored
<to be read again> 
                   \relax 
l.2382         \State
                      $\tilde\rvx_{t_i} \gets \tfrac{\sigma_{t_i}}{\sigma_{t...

pdfTeX warning (ext4): destination with the same identifier (name{ALG@line.9}) 
has been already used, duplicate ignored
<to be read again> 
                   \relax 
l.2384         \State
                      $\hat\rvx_i \gets \hat{\rvx}_{\bphi^\times}(\tilde\rvx...

pdfTeX warning (ext4): destination with the same identifier (name{ALG@line.10})
 has been already used, duplicate ignored
<to be read again> 
                   \relax 
l.2385     \EndFor
                   [299] [300] [301]
Overfull \hbox (21.52835pt too wide) in paragraph at lines 2448--2451
[]\T1/lmr/m/n/10.95 (-20) We high-light two rep-re-sen-ta-tive ex-am-ples in Ta
-ble [][]9.1[][]: the DDIM and DPM^^USolver^^U2
[302] [303] [304]
Overfull \hbox (5.70105pt too wide) in paragraph at lines 3108--3109
[]\T1/lmr/m/n/10.95 (-20) In this sec-tion, we turn to the \T1/lmr/m/it/10.95 (
-20) time^^Uparallel \T1/lmr/m/n/10.95 (-20) ap-proach, ex-em-pli-fied by \T1/l
mr/m/it/10.95 (-20) ParaDiGMS\T1/lmr/m/n/10.95 (-20) ,
[305] [306]
Underfull \hbox (badness 1515) in paragraph at lines 3220--3220
\T1/lmr/m/n/9 (+20) ward, based on the er-ror
[307 <./Images/PartC/paradigm-1.pdf> <./Images/PartC/paradigm-2.pdf

pdfTeX warning: pdflatex (file ./Images/PartC/paradigm-2.pdf): PDF inclusion: m
ultiple pdfs with page group included in a single page
> <./Images/PartC/paradigm-3.pdf

pdfTeX warning: pdflatex (file ./Images/PartC/paradigm-3.pdf): PDF inclusion: m
ultiple pdfs with page group included in a single page
>]
Overfull \hbox (19.12971pt too wide) in paragraph at lines 3261--3264
[] [] \T1/lmss/bx/n/10.95 (-20) Step 3. Progress Con-trol and Win-dow Ad-vance.
[] \T1/lmr/m/n/10.95 (-20) Hav-ing formed the left^^Uanchored

pdfTeX warning (ext4): destination with the same identifier (name{ALG@line.1}) 
has been already used, duplicate ignored
<to be read again> 
                   \relax 
l.3310     \State
                  $k \gets 0$, $\ell \gets 0$
pdfTeX warning (ext4): destination with the same identifier (name{ALG@line.2}) 
has been already used, duplicate ignored
<to be read again> 
                   \relax 
l.3311     \State
                  Sample $\rvx^{(0)}_0 \sim p_{\mathrm{prior}}$; set $\rvx^{...

pdfTeX warning (ext4): destination with the same identifier (name{ALG@line.3}) 
has been already used, duplicate ignored
<to be read again> 
                   \relax 
l.3312     \While
                 {$\ell < M$}
pdfTeX warning (ext4): destination with the same identifier (name{ALG@line.4}) 
has been already used, duplicate ignored
<to be read again> 
                   \relax 
l.3313       \State
                    $J \gets \min(p,  M-\ell)$   \Comment{current window len...

pdfTeX warning (ext4): destination with the same identifier (name{ALG@line.5}) 
has been already used, duplicate ignored
<to be read again> 
                   \relax 
l.3314       \State
                    \textbfs{Step 1: Parallel}
pdfTeX warning (ext4): destination with the same identifier (name{ALG@line.6}) 
has been already used, duplicate ignored
<to be read again> 
                   \relax 
l.3315       \State
                    For $i=0,\ldots,J-1$: $g_i \gets \rvv_{\bphi^\times} \bi...

pdfTeX warning (ext4): destination with the same identifier (name{ALG@line.7}) 
has been already used, duplicate ignored
<to be read again> 
                   \relax 
l.3317       \State
                    Compute prefix sums $S_j \gets \sum_{i=0}^{j} g_i$ for $...

pdfTeX warning (ext4): destination with the same identifier (name{ALG@line.8}) 
has been already used, duplicate ignored
<to be read again> 
                   \relax 
l.3319       \State
                    \textbfs{Step 2: Cumulative Updates}
pdfTeX warning (ext4): destination with the same identifier (name{ALG@line.9}) 
has been already used, duplicate ignored
<to be read again> 
                   \relax 
l.3320       \State
                    For $j=0,\ldots,J-1$: $\displaystyle \rvx^{(k+1)}_{\ell+...

pdfTeX warning (ext4): destination with the same identifier (name{ALG@line.10})
 has been already used, duplicate ignored
<to be read again> 
                   \relax 
l.3322       \State
                    \textbfs{Step 3: Progress Control and Window Advance}
pdfTeX warning (ext4): destination with the same identifier (name{ALG@line.11})
 has been already used, duplicate ignored
<to be read again> 
                   \relax 
l.3323       \State
                    For $j=1,\ldots,J-1$: $\mathtt{error}_j \gets \big\|\rvx...
[308] [309] [310] [311]) [312]
(./Chapter-8-Post-Training-Methods-for-Fast-Sampling.tex
Chapter 10.
[313] [314] [315] [316] [317] [318] [319] [320]
Overfull \hbox (11.47522pt too wide) in paragraph at lines 397--400
[] []\T1/lmss/bx/n/10.95 (-20) VSD for 3D Gen-er-a-tion Us-ing Only a 2D pre--t
rained Dif-fu-sion Model.[] \T1/lmr/m/n/10.95 (-20) VSD ([]Wang
[321]
Overfull \hbox (9.2261pt too wide) in paragraph at lines 464--465
\T1/lmr/m/n/10.95 (-20) In this sec-tion, we fix DDIM in the $\OT1/lmr/bx/n/10.
95 (-20) x$\T1/lmr/m/n/10.95 (-20) -prediction pa-ram-e-ter-i-za-tion as the ti
me^^Ustepping
[322 <./Images/PartD/PD.pdf>]
Underfull \vbox (badness 10000) has occurred while \output is active [323]
[324] [325] [326] [327] [328])
(./Chapter-9-Learning-Fast-Generator-from-Scratch.tex
Chapter 11.
[329] [330] [331] [332 <./Images/PartD/flow-map.pdf>] [333]
Underfull \vbox (badness 3158) has occurred while \output is active [334]
[335] [336 <./Images/PartD/semigroup.pdf>] [337] [338] [339]
Underfull \vbox (badness 3895) has occurred while \output is active [340]
Overfull \hbox (2.2714pt too wide) in paragraph at lines 611--614
\T1/lmr/m/n/10.95 (-20) and use the neu-ral net-work pa-ram-e-ter-i-za-tion pro
-posed therein (cf. Equa-tion ([][]D.6.1[][])): 
[341]
pdfTeX warning (ext4): destination with the same identifier (name{ALG@line.1}) 
has been already used, duplicate ignored
<to be read again> 
                   \relax 
l.667         \If
                 {one-step}
pdfTeX warning (ext4): destination with the same identifier (name{ALG@line.2}) 
has been already used, duplicate ignored
<to be read again> 
                   \relax 
l.668             \State
                         $\rvx \leftarrow \rvf_{\bm{\theta}^\times}(\hat{\rv...

pdfTeX warning (ext4): destination with the same identifier (name{ALG@line.3}) 
has been already used, duplicate ignored
<to be read again> 
                   \relax 
l.669         \Else
                   
pdfTeX warning (ext4): destination with the same identifier (name{ALG@line.4}) 
has been already used, duplicate ignored
<to be read again> 
                   \relax 
l.670             \State
                         $\rvx \leftarrow \rvf_{\bm{\theta}^\times}(\hat{\rv...

pdfTeX warning (ext4): destination with the same identifier (name{ALG@line.5}) 
has been already used, duplicate ignored
<to be read again> 
                   \relax 
l.671             \For
                      {$m=1$ \textbf{to} $M-1$}
pdfTeX warning (ext4): destination with the same identifier (name{ALG@line.6}) 
has been already used, duplicate ignored
<to be read again> 
                   \relax 
l.672                 \State
                             Sample $\bm{\epsilon} \sim \mathcal{N}(\bm{0}, ...

pdfTeX warning (ext4): destination with the same identifier (name{ALG@line.7}) 
has been already used, duplicate ignored
<to be read again> 
                   \relax 
l.673                 \State
                             $\hat{\rvx}_{\tau_m} \leftarrow \alpha_{\tau_m}...

pdfTeX warning (ext4): destination with the same identifier (name{ALG@line.8}) 
has been already used, duplicate ignored
<to be read again> 
                   \relax 
l.674                 \State
                             $\rvx \leftarrow \rvf_{\bm{\theta}^\times}(\hat...

pdfTeX warning (ext4): destination with the same identifier (name{ALG@line.9}) 
has been already used, duplicate ignored
<to be read again> 
                   \relax 
l.675             \EndFor
                         
pdfTeX warning (ext4): destination with the same identifier (name{ALG@line.10})
 has been already used, duplicate ignored
<to be read again> 
                   \relax 
l.676         \EndIf
                     [342] [343] [344] [345]
Overfull \hbox (3.5047pt too wide) in paragraph at lines 881--885
\T1/lmr/m/n/10.95 (-20) We de-note the re-sult-ing ob-jec-tive as $\OMS/lmsy/m/
n/10.95 L[]\OT1/lmr/m/n/10.95 (-20) (\OML/lmm/b/it/10.95 ^^R\OML/lmm/m/it/10.95
 ; \OML/lmm/b/it/10.95 ^^R[]\OT1/lmr/m/n/10.95 (-20) ; \OML/lmm/b/it/10.95 ^^^[
]\OT1/lmr/m/n/10.95 (-20) )$\T1/lmr/m/n/10.95 (-20) . Ac-cord-ingly, Propo-si-t
ion [][]11.3.1[][]
[346] [347] [348] [349] [350]
pdfTeX warning (ext4): destination with the same identifier (name{ALG@line.1}) 
has been already used, duplicate ignored
<to be read again> 
                   \relax 
l.1148 \State
              \textbfs{Init:} $\bm{\theta} \gets \bm{\theta}_{\text{pretrain...

pdfTeX warning (ext4): destination with the same identifier (name{ALG@line.2}) 
has been already used, duplicate ignored
<to be read again> 
                   \relax 
l.1149 \Repeat
              
pdfTeX warning (ext4): destination with the same identifier (name{ALG@line.3}) 
has been already used, duplicate ignored
<to be read again> 
                   \relax 
l.1150     \State
                  $\rvx_0 \sim \mathcal{D}$, $\mathbf{z} \sim \mathcal{N}(\b...

pdfTeX warning (ext4): destination with the same identifier (name{ALG@line.4}) 
has been already used, duplicate ignored
<to be read again> 
                   \relax 
l.1151     \State
                  $\rvx_s \gets \cos(s) \rvx_0 + \sin(s) \mathbf{z}$
pdfTeX warning (ext4): destination with the same identifier (name{ALG@line.5}) 
has been already used, duplicate ignored
<to be read again> 
                   \relax 
l.1152     \If
              {consistency training}
pdfTeX warning (ext4): destination with the same identifier (name{ALG@line.6}) 
has been already used, duplicate ignored
<to be read again> 
                   \relax 
l.1153         \State
                      $\frac{\diff\rvx_s}{\diff s} \gets \cos(s) \mathbf{z} ...

pdfTeX warning (ext4): destination with the same identifier (name{ALG@line.7}) 
has been already used, duplicate ignored
<to be read again> 
                   \relax 
l.1154     \Else
                
pdfTeX warning (ext4): destination with the same identifier (name{ALG@line.8}) 
has been already used, duplicate ignored
<to be read again> 
                   \relax 
l.1155         \State
                      $\frac{\diff\rvx_s}{\diff s} \gets \sigma_{\mathrm{d}}...

pdfTeX warning (ext4): destination with the same identifier (name{ALG@line.9}) 
has been already used, duplicate ignored
<to be read again> 
                   \relax 
l.1156     \EndIf
                 
pdfTeX warning (ext4): destination with the same identifier (name{ALG@line.10})
 has been already used, duplicate ignored
<to be read again> 
                   \relax 
l.1157     \State
                  $r \gets \min\left(1, \frac{\text{Iters}}{H}\right)$ \hfil...

pdfTeX warning (ext4): destination with the same identifier (name{ALG@line.11})
 has been already used, duplicate ignored
<to be read again> 
                   \relax 
l.1158     \State
                  $\rvw \gets - \cos^2(s) (\sigma_{\mathrm{d}} \mathbf{F}_{\...

pdfTeX warning (ext4): destination with the same identifier (name{ALG@line.12})
 has been already used, duplicate ignored
<to be read again> 
                   \relax 
l.1159     \State
                  $\rvw \gets \frac{\rvw}{\|\rvw\| + c}$ \hfill \Comment{ Ta...

pdfTeX warning (ext4): destination with the same identifier (name{ALG@line.13})
 has been already used, duplicate ignored
<to be read again> 
                   \relax 
l.1160     \State
                  $\mathcal{L}_{\text{sCM}}(\bm{\theta}, \boldsymbol{\varphi...

pdfTeX warning (ext4): destination with the same identifier (name{ALG@line.14})
 has been already used, duplicate ignored
<to be read again> 
                   \relax 
l.1162     \State
                  $(\bm{\theta}, \boldsymbol{\varphi}) \gets (\bm{\theta}, \...

pdfTeX warning (ext4): destination with the same identifier (name{ALG@line.15})
 has been already used, duplicate ignored
<to be read again> 
                   \relax 
l.1163     \State
                  Iters $\gets$ Iters + 1
pdfTeX warning (ext4): destination with the same identifier (name{ALG@line.16})
 has been already used, duplicate ignored
<to be read again> 
                   \relax 
l.1164 \Until
             {convergence} [351] [352] [353] [354] [355] [356] [357 <./Images/P
artD/ctm-target.pdf>]
pdfTeX warning (ext4): destination with the same identifier (name{ALG@line.1}) 
has been already used, duplicate ignored
<to be read again> 
                   \relax 
l.1628     \State
                  Start from $\mathbf{x}_{\tau_{0}}\sim p_{\mathrm{prior}}=\...

pdfTeX warning (ext4): destination with the same identifier (name{ALG@line.2}) 
has been already used, duplicate ignored
<to be read again> 
                   \relax 
l.1629         \For
                   {$n=0$ to $M-1$}
pdfTeX warning (ext4): destination with the same identifier (name{ALG@line.3}) 
has been already used, duplicate ignored
<to be read again> 
                   \relax 
l.1630         \State
                      $\tilde{\tau}_{n+1}\leftarrow \sqrt{1-\gamma^{2}}\tau_...

pdfTeX warning (ext4): destination with the same identifier (name{ALG@line.4}) 
has been already used, duplicate ignored
<to be read again> 
                   \relax 
l.1631         \State
                      Denoise $\mathbf{x}_{\tilde{\tau}_{n+1}}\leftarrow \ma...

pdfTeX warning (ext4): destination with the same identifier (name{ALG@line.5}) 
has been already used, duplicate ignored
<to be read again> 
                   \relax 
l.1632         \State
                      Diffuse $\mathbf{x}_{\tau_{n+1}}\leftarrow\mathbf{x}_{...

pdfTeX warning (ext4): destination with the same identifier (name{ALG@line.6}) 
has been already used, duplicate ignored
<to be read again> 
                   \relax 
l.1633         \EndFor
                      
Underfull \vbox (badness 3460) has occurred while \output is active [358]
[359 <./Images/PartD/ctm_gamma.pdf>] [360] [361] [362] [363] [364] [365]
[366] [367] [368 <./Images/PartD/lagrangian-1.pdf> <./Images/PartD/lagrangian-2
.pdf

pdfTeX warning: pdflatex (file ./Images/PartD/lagrangian-2.pdf): PDF inclusion:
 multiple pdfs with page group included in a single page
>] [369 <./Images/PartD/eulerian-1.pdf> <./Images/PartD/eulerian-2.pdf

pdfTeX warning: pdflatex (file ./Images/PartD/eulerian-2.pdf): PDF inclusion: m
ultiple pdfs with page group included in a single page
>]
Overfull \hbox (22.80934pt too wide) detected at line 2146
\OT1/lmr/bx/n/10.95 	[]\OT1/lmr/m/n/10.95 (\OT1/lmr/bx/n/10.95 x[]\OT1/lmr/m/n/
10.95 ) = \OT1/lmr/bx/n/10.95 	[]\OT1/lmr/m/n/10.95 (\OT1/lmr/bx/n/10.95 x[]\OT
1/lmr/m/n/10.95 ) \OMS/lmsy/m/n/10.95 ^^@ \OT1/lmr/m/n/10.95 ^^A\OML/lmm/m/it/1
0.95 s []@[]\OT1/lmr/bx/n/10.95 	[][]\OT1/lmr/m/n/10.95 (\OT1/lmr/bx/n/10.95 x[
]\OT1/lmr/m/n/10.95 )\OT1/lmr/bx/n/10.95 v[]\OT1/lmr/m/n/10.95 (\OT1/lmr/bx/n/1
0.95 x[]\OML/lmm/m/it/10.95 ; s\OT1/lmr/m/n/10.95 ) \OMS/lmsy/m/n/10.95 ^^@ \OT
1/lmr/m/n/10.95 ^^A\OML/lmm/m/it/10.95 s @[]\OT1/lmr/bx/n/10.95 	[]\OT1/lmr/m/n
/10.95 (\OT1/lmr/bx/n/10.95 x[]\OT1/lmr/m/n/10.95 ) + \OMS/lmsy/m/n/10.95 O[]\O
T1/lmr/m/n/10.95 (^^A\OML/lmm/m/it/10.95 s\OT1/lmr/m/n/10.95 )[][]\OML/lmm/m/it
/10.95 :
[370] [371]) [372] (./Chapter-10-Epilogue-and-Outlook.tex
Chapter 12.
[373] [374] [375 <./Images/appendix/vector_field_only.pdf> <./Images/appendix/p
article_cloud.pdf> <./Images/appendix/vector_field_with_density.pdf>] [376]
[377] [378] [379] [380] [381 <./Images/PartE/fig_notation_overview.pdf>]
[382] [383] [384 <./Images/PartE/ctmc_trajectory.pdf>] [385] [386 <./Images/Par
tE/masked_vs_uniform_diffusion.pdf>] [387] [388] [389]
Overfull \hbox (3.32158pt too wide) in paragraph at lines 771--779
[]\T1/lmr/m/n/10.95 (-20) This clean-state parametriza-tion is com-mon in multi
nomial/D3PM-style discrete-
[390]
Overfull \hbox (5.91972pt too wide) in paragraph at lines 835--842
[] [] \T1/lmss/bx/n/10.95 (-20) The Ra-tio as a Dis-crete Ana-logue of the Scor
e.[] \T1/lmr/m/n/10.95 (-20) Now in-spect Equa-tion ([][]12.2.7[][]).
[391] [392] [393]
Underfull \hbox (badness 1742) in paragraph at lines 970--971
[]|\T1/lmr/m/n/7 (+20) Transition-matrix prop-a-ga-tion or mas-ter

Overfull \hbox (4.64502pt too wide) in paragraph at lines 951--1003
 [][] 
[394] [395] [396]) [397] (./A_Crash-Course-of-DE.tex [398]
Appendix A.
[399] [400 <./Images/PartE/discrete_vs_continuous_ode.pdf>] [401] [402]
[403] [404] [405] [406] [407] [408] [409]
Overfull \hbox (1.79828pt too wide) in paragraph at lines 368--369
[] []\T1/lmss/bx/n/10.95 (-20) Stochas-tic Dif-fer-en-tial Equa-tions.[] \T1/lm
r/m/n/10.95 (-20) For-mally, the limit of the dis-crete up-date Equa-
[410] [411] [412]) (./B_Continuity-Equation.tex [413]
Appendix B.
[414]

Package hyperref Warning: Token not allowed in a PDF string (Unicode):
(hyperref)                removing `\\' on input line 87.


Package fancyhdr Warning: \headheight is too small (14.4pt): 
(fancyhdr)                Make it at least 26.32425pt, for example:
(fancyhdr)                \setlength{\headheight}{26.32425pt}.
(fancyhdr)                You might also make \topmargin smaller:
(fancyhdr)                \addtolength{\topmargin}{-11.92426pt}.

[415] [416]

Package fancyhdr Warning: \headheight is too small (14.4pt): 
(fancyhdr)                Make it at least 26.32425pt, for example:
(fancyhdr)                \setlength{\headheight}{26.32425pt}.
(fancyhdr)                You might also make \topmargin smaller:
(fancyhdr)                \addtolength{\topmargin}{-11.92426pt}.

[417]
Overfull \hbox (13.12074pt too wide) detected at line 221
[]
[418]

Package fancyhdr Warning: \headheight is too small (14.4pt): 
(fancyhdr)                Make it at least 26.32425pt, for example:
(fancyhdr)                \setlength{\headheight}{26.32425pt}.
(fancyhdr)                You might also make \topmargin smaller:
(fancyhdr)                \addtolength{\topmargin}{-11.92426pt}.

[419] [420]
Overfull \hbox (47.15231pt too wide) in paragraph at lines 339--342
\T1/lmr/m/it/10.95 (-20) Why? \T1/lmr/m/n/10.95 (-20) By Equa-tion ([][]B.1.1[]
[]) writ-ten in the orig-i-nal co-or-di-nates, $\OML/lmm/m/it/10.95 p[]\OT1/lmr
/m/n/10.95 (-20) (\OT1/lmr/bx/n/10.95 (-20) x[]\OT1/lmr/m/n/10.95 (-20) ) = \OM
L/lmm/m/it/10.95 p[]\OT1/lmr/m/n/10.95 (-20) (\OT1/lmr/bx/n/10.95 (-20) x[]\OT1
/lmr/m/n/10.95 (-20) )  []  [][][]$\T1/lmr/m/n/10.95 (-20) ,

Package fancyhdr Warning: \headheight is too small (14.4pt): 
(fancyhdr)                Make it at least 26.32425pt, for example:
(fancyhdr)                \setlength{\headheight}{26.32425pt}.
(fancyhdr)                You might also make \topmargin smaller:
(fancyhdr)                \addtolength{\topmargin}{-11.92426pt}.

[421] [422]
Overfull \hbox (7.89894pt too wide) detected at line 441
[]

Package fancyhdr Warning: \headheight is too small (14.4pt): 
(fancyhdr)                Make it at least 26.32425pt, for example:
(fancyhdr)                \setlength{\headheight}{26.32425pt}.
(fancyhdr)                You might also make \topmargin smaller:
(fancyhdr)                \addtolength{\topmargin}{-11.92426pt}.

[423] [424] [425]
Overfull \hbox (22.98817pt too wide) detected at line 585
[][]   [][] []\OML/lmm/m/it/10.95 P\OT1/lmr/m/n/10.95 (\OML/lmm/m/it/10.95 b; y
; z\OT1/lmr/m/n/10.95 ) \OMS/lmsy/m/n/10.95 ^^@ \OML/lmm/m/it/10.95 P\OT1/lmr/m
/n/10.95 (\OML/lmm/m/it/10.95 a; y; z\OT1/lmr/m/n/10.95 )[]  []  d\OML/lmm/m/it
/10.95 y  []  \OT1/lmr/m/n/10.95 d\OML/lmm/m/it/10.95 z  []  [][]   [][]   [][]
 []\OT1/lmr/m/n/10.95 (\OML/lmm/m/it/10.95 x; y; z\OT1/lmr/m/n/10.95 )  []  d\O
ML/lmm/m/it/10.95 x  []  \OT1/lmr/m/n/10.95 d\OML/lmm/m/it/10.95 y  []  \OT1/lm
r/m/n/10.95 d\OML/lmm/m/it/10.95 z  \OT1/lmr/m/n/10.95 =  [][] []  []  d\OML/lm
m/m/it/10.95 V:
[426]
Overfull \hbox (100.48482pt too wide) detected at line 620
[]
[427]
Overfull \hbox (7.09067pt too wide) in paragraph at lines 698--703
[]\T1/lmr/m/n/10.95 (-20) Throughout this op-tional sec-tion, $\OML/lmm/m/it/10
.95 ^^\$ \T1/lmr/m/n/10.95 (-20) de-notes \T1/lmr/m/it/10.95 (-20) train-ing ti
me\T1/lmr/m/n/10.95 (-20) : an ide-al-ized continuous-
[428] [429] [430] [431] [432]) (./C_SDE-and-Ito.tex
Appendix C.

Package hyperref Warning: Token not allowed in a PDF string (Unicode):
(hyperref)                removing `\\' on input line 1.

[433]

Package fancyhdr Warning: \headheight is too small (14.4pt): 
(fancyhdr)                Make it at least 26.32425pt, for example:
(fancyhdr)                \setlength{\headheight}{26.32425pt}.
(fancyhdr)                You might also make \topmargin smaller:
(fancyhdr)                \addtolength{\topmargin}{-11.92426pt}.

[434] [435]

Package fancyhdr Warning: \headheight is too small (14.4pt): 
(fancyhdr)                Make it at least 26.32425pt, for example:
(fancyhdr)                \setlength{\headheight}{26.32425pt}.
(fancyhdr)                You might also make \topmargin smaller:
(fancyhdr)                \addtolength{\topmargin}{-11.92426pt}.

[436] [437]

Package fancyhdr Warning: \headheight is too small (14.4pt): 
(fancyhdr)                Make it at least 26.32425pt, for example:
(fancyhdr)                \setlength{\headheight}{26.32425pt}.
(fancyhdr)                You might also make \topmargin smaller:
(fancyhdr)                \addtolength{\topmargin}{-11.92426pt}.

[438] [439]

Package fancyhdr Warning: \headheight is too small (14.4pt): 
(fancyhdr)                Make it at least 26.32425pt, for example:
(fancyhdr)                \setlength{\headheight}{26.32425pt}.
(fancyhdr)                You might also make \topmargin smaller:
(fancyhdr)                \addtolength{\topmargin}{-11.92426pt}.

[440] [441]

Package fancyhdr Warning: \headheight is too small (14.4pt): 
(fancyhdr)                Make it at least 26.32425pt, for example:
(fancyhdr)                \setlength{\headheight}{26.32425pt}.
(fancyhdr)                You might also make \topmargin smaller:
(fancyhdr)                \addtolength{\topmargin}{-11.92426pt}.

[442] [443]

Package fancyhdr Warning: \headheight is too small (14.4pt): 
(fancyhdr)                Make it at least 26.32425pt, for example:
(fancyhdr)                \setlength{\headheight}{26.32425pt}.
(fancyhdr)                You might also make \topmargin smaller:
(fancyhdr)                \addtolength{\topmargin}{-11.92426pt}.

[444]) (./D_Proofs.tex [445]
Appendix D.
[446] [447]
Overfull \hbox (10.24936pt too wide) detected at line 198
[]

Overfull \hbox (15.41023pt too wide) detected at line 212
[]
[448] [449] [450] [451] [452] [453] [454] [455] [456]
Overfull \hbox (32.47647pt too wide) detected at line 695
[]
[457] [458] [459] [460] [461] [462] [463] [464] [465] [466] [467] [468]
[469] [470] [471]) [472] [473] [474] [475] [476] [477] [478] [479] [480]
[481] [482]
Overfull \hbox (1.82469pt too wide) in paragraph at lines 466--466
[][]\T1/lmr/m/n/10.95 (-20) Sun, H., L. Yu, B. Dai, D. Schu-ur-mans, and H. Dai
. (2023). ^^P  Score-based Continuous-
[483] [484]
Overfull \hbox (7.02348pt too wide) in paragraph at lines 466--466
\T1/lmr/m/n/10.95 (-20) free energy-guided con-di-tional dif-fu-sion model^^Q. 
In: \T1/lmr/m/it/10.95 (-20) Pro-ceed-ings of the IEEE/CVF
[485] 
enddocument/afterlastpage (AED): lastpage setting LastPage.
(build/main_v2.aux)

LaTeX Font Warning: Size substitutions with differences
(Font)              up to 1.0pt have occurred.


LaTeX Font Warning: Some font shapes were not available, defaults substituted.


LaTeX Warning: Label(s) may have changed. Rerun to get cross-references right.


Package biblatex Warning: Please rerun LaTeX.
(biblatex)                Page breaks have changed.

 )
(see the transcript file for additional information)</usr/local/texlive/2026/te
xmf-dist/fonts/type1/public/lm/lmbsy10.pfb></usr/local/texlive/2026/texmf-dist/
fonts/type1/public/lm/lmbsy7.pfb></usr/local/texlive/2026/texmf-dist/fonts/type
1/public/lm/lmbx10.pfb></usr/local/texlive/2026/texmf-dist/fonts/type1/public/l
m/lmbx12.pfb></usr/local/texlive/2026/texmf-dist/fonts/type1/public/lm/lmbx5.pf
b></usr/local/texlive/2026/texmf-dist/fonts/type1/public/lm/lmbx6.pfb></usr/loc
al/texlive/2026/texmf-dist/fonts/type1/public/lm/lmbx7.pfb></usr/local/texlive/
2026/texmf-dist/fonts/type1/public/lm/lmbx8.pfb></usr/local/texlive/2026/texmf-
dist/fonts/type1/public/lm/lmbx9.pfb></usr/local/texlive/2026/texmf-dist/fonts/
type1/public/lm/lmcsc10.pfb></usr/local/texlive/2026/texmf-dist/fonts/type1/pub
lic/lm/lmex10.pfb></usr/local/texlive/2026/texmf-dist/fonts/type1/public/lm/lmm
i10.pfb></usr/local/texlive/2026/texmf-dist/fonts/type1/public/lm/lmmi5.pfb></u
sr/local/texlive/2026/texmf-dist/fonts/type1/public/lm/lmmi6.pfb></usr/local/te
xlive/2026/texmf-dist/fonts/type1/public/lm/lmmi7.pfb></usr/local/texlive/2026/
texmf-dist/fonts/type1/public/lm/lmmi8.pfb></usr/local/texlive/2026/texmf-dist/
fonts/type1/public/lm/lmmi9.pfb></usr/local/texlive/2026/texmf-dist/fonts/type1
/public/lm/lmmib10.pfb></usr/local/texlive/2026/texmf-dist/fonts/type1/public/l
m/lmmib5.pfb></usr/local/texlive/2026/texmf-dist/fonts/type1/public/lm/lmmib7.p
fb></usr/local/texlive/2026/texmf-dist/fonts/type1/public/lm/lmr10.pfb></usr/lo
cal/texlive/2026/texmf-dist/fonts/type1/public/lm/lmr5.pfb></usr/local/texlive/
2026/texmf-dist/fonts/type1/public/lm/lmr6.pfb></usr/local/texlive/2026/texmf-d
ist/fonts/type1/public/lm/lmr7.pfb></usr/local/texlive/2026/texmf-dist/fonts/ty
pe1/public/lm/lmr8.pfb></usr/local/texlive/2026/texmf-dist/fonts/type1/public/l
m/lmr9.pfb></usr/local/texlive/2026/texmf-dist/fonts/type1/public/lm/lmri10.pfb
></usr/local/texlive/2026/texmf-dist/fonts/type1/public/lm/lmri9.pfb></usr/loca
l/texlive/2026/texmf-dist/fonts/type1/public/lm/lmro10.pfb></usr/local/texlive/
2026/texmf-dist/fonts/type1/public/lm/lmro8.pfb></usr/local/texlive/2026/texmf-
dist/fonts/type1/public/lm/lmss10.pfb></usr/local/texlive/2026/texmf-dist/fonts
/type1/public/lm/lmss12.pfb></usr/local/texlive/2026/texmf-dist/fonts/type1/pub
lic/lm/lmssbo10.pfb></usr/local/texlive/2026/texmf-dist/fonts/type1/public/lm/l
mssbx10.pfb></usr/local/texlive/2026/texmf-dist/fonts/type1/public/lm/lmsso10.p
fb></usr/local/texlive/2026/texmf-dist/fonts/type1/public/lm/lmsy10.pfb></usr/l
ocal/texlive/2026/texmf-dist/fonts/type1/public/lm/lmsy5.pfb></usr/local/texliv
e/2026/texmf-dist/fonts/type1/public/lm/lmsy6.pfb></usr/local/texlive/2026/texm
f-dist/fonts/type1/public/lm/lmsy7.pfb></usr/local/texlive/2026/texmf-dist/font
s/type1/public/lm/lmsy8.pfb></usr/local/texlive/2026/texmf-dist/fonts/type1/pub
lic/lm/lmsy9.pfb></usr/local/texlive/2026/texmf-dist/fonts/type1/public/lm/lmtk
10.pfb></usr/local/texlive/2026/texmf-dist/fonts/type1/public/lm/lmtt10.pfb></u
sr/local/texlive/2026/texmf-dist/fonts/type1/public/lm/lmtt9.pfb></usr/local/te
xlive/2026/texmf-dist/fonts/type1/public/lm/lmtti10.pfb></usr/local/texlive/202
6/texmf-dist/fonts/type1/public/lm/lmtto10.pfb></usr/local/texlive/2026/texmf-d
ist/fonts/type1/public/amsfonts/symbols/msam10.pfb></usr/local/texlive/2026/tex
mf-dist/fonts/type1/public/amsfonts/symbols/msam5.pfb></usr/local/texlive/2026/
texmf-dist/fonts/type1/public/amsfonts/symbols/msbm10.pfb></usr/local/texlive/2
026/texmf-dist/fonts/type1/public/amsfonts/symbols/msbm7.pfb></usr/local/texliv
e/2026/texmf-dist/fonts/type1/public/stmaryrd/stmary10.pfb>
Output written on build/main_v2.pdf (490 pages, 19028968 bytes).
Transcript written on build/main_v2.log.
Latexmk: Getting log file 'build/main_v2.log'
Latexmk: Examining 'build/main_v2.fls'
Latexmk: Examining 'build/main_v2.log'
Latexmk: Found input bbl file 'build/main_v2.bbl'
Latexmk: References changed.
Latexmk: Log file says output to 'build/main_v2.pdf'
Latexmk: Using biber to make bibliography file(s).
Latexmk: Bibliography file(s) from .bcf file:
  main_v2.bib
Sources for biber
  main_v2.bib
  build/main_v2.bcf
Latexmk: applying rule 'pdflatex'...
Rule 'pdflatex':  Reasons for rerun
Changed files or newly in use/created:
  build/main_v2.aux
  build/main_v2.toc

------------
Run number 4 of rule 'pdflatex'
------------
------------
Running 'pdflatex  -interaction=nonstopmode -file-line-error -recorder -output-directory="build"  "main_v2.tex"'
------------
This is pdfTeX, Version 3.141592653-2.6-1.40.29 (TeX Live 2026) (preloaded format=pdflatex)
 restricted \write18 enabled.
entering extended mode
(./main_v2.tex
LaTeX2e <2025-11-01>
L3 programming layer <2026-01-19>
(./nowfnt-arxiv.cls

LaTeX Warning: You have requested document class `nowfnt-arxiv',
               but the document class provides `nowfnt'.

Document Class: nowfnt 2021/10/12 v0.95d NOW document class
(/usr/local/texlive/2026/texmf-dist/tex/latex/etoolbox/etoolbox.sty)
(./NOWFnT-data.tex)

Class nowfnt Warning: Unclear state. Remove the class option book or ebook or s
ample on input line 129.

(/usr/local/texlive/2026/texmf-dist/tex/latex/base/book.cls
Document Class: book 2025/01/22 v1.4n Standard LaTeX document class
(/usr/local/texlive/2026/texmf-dist/tex/latex/base/bk11.clo))
(/usr/local/texlive/2026/texmf-dist/tex/latex/lastpage/lastpage.sty
(/usr/local/texlive/2026/texmf-dist/tex/latex/lastpage/lastpage2e.sty
(/usr/local/texlive/2026/texmf-dist/tex/latex/lastpage/lastpagemodern.sty) 
)) (/usr/local/texlive/2026/texmf-dist/tex/latex/tools/multicol.sty)
(/usr/local/texlive/2026/texmf-dist/tex/latex/tools/array.sty)
(/usr/local/texlive/2026/texmf-dist/tex/latex/trimspaces/trimspaces.sty)
(/usr/local/texlive/2026/texmf-dist/tex/latex/footmisc/footmisc.sty)
(/usr/local/texlive/2026/texmf-dist/tex/latex/pdfpages/pdfpages.sty
(/usr/local/texlive/2026/texmf-dist/tex/latex/base/ifthen.sty)
(/usr/local/texlive/2026/texmf-dist/tex/latex/tools/calc.sty)
(/usr/local/texlive/2026/texmf-dist/tex/latex/eso-pic/eso-pic.sty
(/usr/local/texlive/2026/texmf-dist/tex/latex/graphics/keyval.sty)
(/usr/local/texlive/2026/texmf-dist/tex/latex/xcolor/xcolor.sty
(/usr/local/texlive/2026/texmf-dist/tex/latex/graphics-cfg/color.cfg)
(/usr/local/texlive/2026/texmf-dist/tex/latex/graphics-def/pdftex.def)
(/usr/local/texlive/2026/texmf-dist/tex/latex/graphics/mathcolor.ltx))
(/usr/local/texlive/2026/texmf-dist/tex/latex/graphics/dvipsnam.def))
(/usr/local/texlive/2026/texmf-dist/tex/latex/graphics/graphicx.sty
(/usr/local/texlive/2026/texmf-dist/tex/latex/graphics/graphics.sty
(/usr/local/texlive/2026/texmf-dist/tex/latex/graphics/trig.sty)
(/usr/local/texlive/2026/texmf-dist/tex/latex/graphics-cfg/graphics.cfg)))
(/usr/local/texlive/2026/texmf-dist/tex/latex/pdfpages/pppdftex.def))
(/usr/local/texlive/2026/texmf-dist/tex/latex/tools/xr.sty)
(/usr/local/texlive/2026/texmf-dist/tex/latex/microtype/microtype.sty
(/usr/local/texlive/2026/texmf-dist/tex/latex/microtype/microtype-pdftex.def)
(/usr/local/texlive/2026/texmf-dist/tex/latex/microtype/microtype.cfg))
(/usr/local/texlive/2026/texmf-dist/tex/latex/fancyhdr/fancyhdr.sty)
(/usr/local/texlive/2026/texmf-dist/tex/latex/titlesec/titlesec.sty)
(/usr/local/texlive/2026/texmf-dist/tex/latex/caption/caption.sty
(/usr/local/texlive/2026/texmf-dist/tex/latex/caption/caption3.sty))
(/usr/local/texlive/2026/texmf-dist/tex/latex/emptypage/emptypage.sty)
(/usr/local/texlive/2026/texmf-dist/tex/latex/url/url.sty)
(/usr/local/texlive/2026/texmf-dist/tex/latex/lm/lmodern.sty)
(/usr/local/texlive/2026/texmf-dist/tex/latex/base/fontenc.sty
(/usr/local/texlive/2026/texmf-dist/tex/latex/lm/t1lmr.fd))
(./nowfnt-biblatex.sty
(/usr/local/texlive/2026/texmf-dist/tex/latex/biblatex/biblatex.sty
(/usr/local/texlive/2026/texmf-dist/tex/generic/pdftexcmds/pdftexcmds.sty
(/usr/local/texlive/2026/texmf-dist/tex/generic/infwarerr/infwarerr.sty)
(/usr/local/texlive/2026/texmf-dist/tex/generic/iftex/iftex.sty)
(/usr/local/texlive/2026/texmf-dist/tex/generic/ltxcmds/ltxcmds.sty))
(/usr/local/texlive/2026/texmf-dist/tex/latex/kvoptions/kvoptions.sty
(/usr/local/texlive/2026/texmf-dist/tex/latex/kvsetkeys/kvsetkeys.sty))
(/usr/local/texlive/2026/texmf-dist/tex/latex/logreq/logreq.sty
(/usr/local/texlive/2026/texmf-dist/tex/latex/logreq/logreq.def))
(/usr/local/texlive/2026/texmf-dist/tex/latex/biblatex/blx-dm.def)
(/usr/local/texlive/2026/texmf-dist/tex/latex/biblatex/blx-compat.def)
(/usr/local/texlive/2026/texmf-dist/tex/latex/biblatex/biblatex.def)
(/usr/local/texlive/2026/texmf-dist/tex/latex/biblatex/blx-natbib.def)
(/usr/local/texlive/2026/texmf-dist/tex/latex/biblatex/bbx/authoryear.bbx
(/usr/local/texlive/2026/texmf-dist/tex/latex/biblatex/bbx/standard.bbx))
(/usr/local/texlive/2026/texmf-dist/tex/latex/biblatex/cbx/authoryear.cbx)
(/usr/local/texlive/2026/texmf-dist/tex/latex/biblatex/biblatex.cfg)
(/usr/local/texlive/2026/texmf-dist/tex/latex/l3kernel/expl3.sty
(/usr/local/texlive/2026/texmf-dist/tex/latex/l3backend/l3backend-pdftex.def))
(/usr/local/texlive/2026/texmf-dist/tex/latex/biblatex/blx-case-expl3.sty
(/usr/local/texlive/2026/texmf-dist/tex/latex/l3packages/xparse/xparse.sty)))
(/usr/local/texlive/2026/texmf-dist/tex/latex/csquotes/csquotes.sty
(/usr/local/texlive/2026/texmf-dist/tex/latex/csquotes/csquotes.def)
(/usr/local/texlive/2026/texmf-dist/tex/latex/csquotes/csquotes.cfg)))
(/usr/local/texlive/2026/texmf-dist/tex/latex/amscls/amsthm.sty)
(/usr/local/texlive/2026/texmf-dist/tex/latex/geometry/geometry.sty
(/usr/local/texlive/2026/texmf-dist/tex/generic/iftex/ifvtex.sty))
(/usr/local/texlive/2026/texmf-dist/tex/latex/hyperref/hyperref.sty
(/usr/local/texlive/2026/texmf-dist/tex/generic/kvdefinekeys/kvdefinekeys.sty)
(/usr/local/texlive/2026/texmf-dist/tex/generic/pdfescape/pdfescape.sty)
(/usr/local/texlive/2026/texmf-dist/tex/latex/hycolor/hycolor.sty)
(/usr/local/texlive/2026/texmf-dist/tex/latex/hyperref/nameref.sty
(/usr/local/texlive/2026/texmf-dist/tex/latex/refcount/refcount.sty)
(/usr/local/texlive/2026/texmf-dist/tex/generic/gettitlestring/gettitlestring.s
ty)) (/usr/local/texlive/2026/texmf-dist/tex/generic/stringenc/stringenc.sty)
(/usr/local/texlive/2026/texmf-dist/tex/latex/hyperref/pd1enc.def)
(/usr/local/texlive/2026/texmf-dist/tex/generic/intcalc/intcalc.sty)
(/usr/local/texlive/2026/texmf-dist/tex/latex/hyperref/puenc.def)
(/usr/local/texlive/2026/texmf-dist/tex/generic/bitset/bitset.sty
(/usr/local/texlive/2026/texmf-dist/tex/generic/bigintcalc/bigintcalc.sty)))
(/usr/local/texlive/2026/texmf-dist/tex/latex/hyperref/hpdftex.def
(/usr/local/texlive/2026/texmf-dist/tex/latex/rerunfilecheck/rerunfilecheck.sty

(/usr/local/texlive/2026/texmf-dist/tex/generic/uniquecounter/uniquecounter.sty
))) (/usr/local/texlive/2026/texmf-dist/tex/latex/bookmark/bookmark.sty
(/usr/local/texlive/2026/texmf-dist/tex/latex/bookmark/bkm-pdftex.def)))
(/usr/local/texlive/2026/texmf-dist/tex/latex/pgf/frontendlayer/tikz.sty
(/usr/local/texlive/2026/texmf-dist/tex/latex/pgf/basiclayer/pgf.sty
(/usr/local/texlive/2026/texmf-dist/tex/latex/pgf/utilities/pgfrcs.sty
(/usr/local/texlive/2026/texmf-dist/tex/generic/pgf/utilities/pgfutil-common.te
x)
(/usr/local/texlive/2026/texmf-dist/tex/generic/pgf/utilities/pgfutil-latex.def
) (/usr/local/texlive/2026/texmf-dist/tex/generic/pgf/utilities/pgfrcs.code.tex
(/usr/local/texlive/2026/texmf-dist/tex/generic/pgf/pgf.revision.tex)))
(/usr/local/texlive/2026/texmf-dist/tex/latex/pgf/basiclayer/pgfcore.sty
(/usr/local/texlive/2026/texmf-dist/tex/latex/pgf/systemlayer/pgfsys.sty
(/usr/local/texlive/2026/texmf-dist/tex/generic/pgf/systemlayer/pgfsys.code.tex
(/usr/local/texlive/2026/texmf-dist/tex/generic/pgf/utilities/pgfkeys.code.tex
(/usr/local/texlive/2026/texmf-dist/tex/generic/pgf/utilities/pgfkeyslibraryfil
tered.code.tex))
(/usr/local/texlive/2026/texmf-dist/tex/generic/pgf/systemlayer/pgf.cfg)
(/usr/local/texlive/2026/texmf-dist/tex/generic/pgf/systemlayer/pgfsys-pdftex.d
ef
(/usr/local/texlive/2026/texmf-dist/tex/generic/pgf/systemlayer/pgfsys-common-p
df.def)))
(/usr/local/texlive/2026/texmf-dist/tex/generic/pgf/systemlayer/pgfsyssoftpath.
code.tex)
(/usr/local/texlive/2026/texmf-dist/tex/generic/pgf/systemlayer/pgfsysprotocol.
code.tex))
(/usr/local/texlive/2026/texmf-dist/tex/generic/pgf/basiclayer/pgfcore.code.tex
(/usr/local/texlive/2026/texmf-dist/tex/generic/pgf/math/pgfmath.code.tex
(/usr/local/texlive/2026/texmf-dist/tex/generic/pgf/math/pgfmathutil.code.tex)
(/usr/local/texlive/2026/texmf-dist/tex/generic/pgf/math/pgfmathparser.code.tex
)
(/usr/local/texlive/2026/texmf-dist/tex/generic/pgf/math/pgfmathfunctions.code.
tex)
(/usr/local/texlive/2026/texmf-dist/tex/generic/pgf/math/pgfmathfunctions.basic
.code.tex)
(/usr/local/texlive/2026/texmf-dist/tex/generic/pgf/math/pgfmathfunctions.trigo
nometric.code.tex)
(/usr/local/texlive/2026/texmf-dist/tex/generic/pgf/math/pgfmathfunctions.rando
m.code.tex)
(/usr/local/texlive/2026/texmf-dist/tex/generic/pgf/math/pgfmathfunctions.compa
rison.code.tex)
(/usr/local/texlive/2026/texmf-dist/tex/generic/pgf/math/pgfmathfunctions.base.
code.tex)
(/usr/local/texlive/2026/texmf-dist/tex/generic/pgf/math/pgfmathfunctions.round
.code.tex)
(/usr/local/texlive/2026/texmf-dist/tex/generic/pgf/math/pgfmathfunctions.misc.
code.tex)
(/usr/local/texlive/2026/texmf-dist/tex/generic/pgf/math/pgfmathfunctions.integ
erarithmetics.code.tex)
(/usr/local/texlive/2026/texmf-dist/tex/generic/pgf/math/pgfmathcalc.code.tex)
(/usr/local/texlive/2026/texmf-dist/tex/generic/pgf/math/pgfmathfloat.code.tex)
) (/usr/local/texlive/2026/texmf-dist/tex/generic/pgf/math/pgfint.code.tex)
(/usr/local/texlive/2026/texmf-dist/tex/generic/pgf/basiclayer/pgfcorepoints.co
de.tex)
(/usr/local/texlive/2026/texmf-dist/tex/generic/pgf/basiclayer/pgfcorepathconst
ruct.code.tex)
(/usr/local/texlive/2026/texmf-dist/tex/generic/pgf/basiclayer/pgfcorepathusage
.code.tex)
(/usr/local/texlive/2026/texmf-dist/tex/generic/pgf/basiclayer/pgfcorescopes.co
de.tex)
(/usr/local/texlive/2026/texmf-dist/tex/generic/pgf/basiclayer/pgfcoregraphicst
ate.code.tex)
(/usr/local/texlive/2026/texmf-dist/tex/generic/pgf/basiclayer/pgfcoretransform
ations.code.tex)
(/usr/local/texlive/2026/texmf-dist/tex/generic/pgf/basiclayer/pgfcorequick.cod
e.tex)
(/usr/local/texlive/2026/texmf-dist/tex/generic/pgf/basiclayer/pgfcoreobjects.c
ode.tex)
(/usr/local/texlive/2026/texmf-dist/tex/generic/pgf/basiclayer/pgfcorepathproce
ssing.code.tex)
(/usr/local/texlive/2026/texmf-dist/tex/generic/pgf/basiclayer/pgfcorearrows.co
de.tex)
(/usr/local/texlive/2026/texmf-dist/tex/generic/pgf/basiclayer/pgfcoreshade.cod
e.tex)
(/usr/local/texlive/2026/texmf-dist/tex/generic/pgf/basiclayer/pgfcoreimage.cod
e.tex)
(/usr/local/texlive/2026/texmf-dist/tex/generic/pgf/basiclayer/pgfcoreexternal.
code.tex)
(/usr/local/texlive/2026/texmf-dist/tex/generic/pgf/basiclayer/pgfcorelayers.co
de.tex)
(/usr/local/texlive/2026/texmf-dist/tex/generic/pgf/basiclayer/pgfcoretranspare
ncy.code.tex)
(/usr/local/texlive/2026/texmf-dist/tex/generic/pgf/basiclayer/pgfcorepatterns.
code.tex)
(/usr/local/texlive/2026/texmf-dist/tex/generic/pgf/basiclayer/pgfcorerdf.code.
tex)))
(/usr/local/texlive/2026/texmf-dist/tex/generic/pgf/modules/pgfmoduleshapes.cod
e.tex)
(/usr/local/texlive/2026/texmf-dist/tex/generic/pgf/modules/pgfmoduleplot.code.
tex)
(/usr/local/texlive/2026/texmf-dist/tex/latex/pgf/compatibility/pgfcomp-version
-0-65.sty)
(/usr/local/texlive/2026/texmf-dist/tex/latex/pgf/compatibility/pgfcomp-version
-1-18.sty))
(/usr/local/texlive/2026/texmf-dist/tex/latex/pgf/utilities/pgffor.sty
(/usr/local/texlive/2026/texmf-dist/tex/latex/pgf/utilities/pgfkeys.sty
(/usr/local/texlive/2026/texmf-dist/tex/generic/pgf/utilities/pgfkeys.code.tex)
) (/usr/local/texlive/2026/texmf-dist/tex/latex/pgf/math/pgfmath.sty
(/usr/local/texlive/2026/texmf-dist/tex/generic/pgf/math/pgfmath.code.tex))
(/usr/local/texlive/2026/texmf-dist/tex/generic/pgf/utilities/pgffor.code.tex))

(/usr/local/texlive/2026/texmf-dist/tex/generic/pgf/frontendlayer/tikz/tikz.cod
e.tex
(/usr/local/texlive/2026/texmf-dist/tex/generic/pgf/libraries/pgflibraryplothan
dlers.code.tex)
(/usr/local/texlive/2026/texmf-dist/tex/generic/pgf/modules/pgfmodulematrix.cod
e.tex)
(/usr/local/texlive/2026/texmf-dist/tex/generic/pgf/frontendlayer/tikz/librarie
s/tikzlibrarytopaths.code.tex)))
(/usr/local/texlive/2026/texmf-dist/tex/generic/pgf/libraries/pgflibraryarrows.
meta.code.tex)
(/usr/local/texlive/2026/texmf-dist/tex/generic/pgf/frontendlayer/tikz/librarie
s/tikzlibrarycalc.code.tex)
(/usr/local/texlive/2026/texmf-dist/tex/generic/pgf/frontendlayer/tikz/librarie
s/tikzlibrarypositioning.code.tex)
(/usr/local/texlive/2026/texmf-dist/tex/generic/pgf/frontendlayer/tikz/librarie
s/tikzlibraryshapes.geometric.code.tex
(/usr/local/texlive/2026/texmf-dist/tex/generic/pgf/libraries/shapes/pgflibrary
shapes.geometric.code.tex))
(/usr/local/texlive/2026/texmf-dist/tex/latex/caption/subcaption.sty)
(/usr/local/texlive/2026/texmf-dist/tex/latex/jknapltx/mathrsfs.sty)
(/usr/local/texlive/2026/texmf-dist/tex/latex/tcolorbox/tcolorbox.sty
(/usr/local/texlive/2026/texmf-dist/tex/latex/tools/verbatim.sty)
(/usr/local/texlive/2026/texmf-dist/tex/latex/environ/environ.sty))
(/usr/local/texlive/2026/texmf-dist/tex/latex/booktabs/booktabs.sty)
(/usr/local/texlive/2026/texmf-dist/tex/generic/pgf/frontendlayer/tikz/librarie
s/tikzlibraryshapes.code.tex
(/usr/local/texlive/2026/texmf-dist/tex/generic/pgf/frontendlayer/tikz/librarie
s/tikzlibraryshapes.misc.code.tex
(/usr/local/texlive/2026/texmf-dist/tex/generic/pgf/libraries/shapes/pgflibrary
shapes.misc.code.tex))
(/usr/local/texlive/2026/texmf-dist/tex/generic/pgf/frontendlayer/tikz/librarie
s/tikzlibraryshapes.symbols.code.tex
(/usr/local/texlive/2026/texmf-dist/tex/generic/pgf/libraries/shapes/pgflibrary
shapes.symbols.code.tex))
(/usr/local/texlive/2026/texmf-dist/tex/generic/pgf/frontendlayer/tikz/librarie
s/tikzlibraryshapes.arrows.code.tex
(/usr/local/texlive/2026/texmf-dist/tex/generic/pgf/libraries/shapes/pgflibrary
shapes.arrows.code.tex))
(/usr/local/texlive/2026/texmf-dist/tex/generic/pgf/frontendlayer/tikz/librarie
s/tikzlibraryshapes.callouts.code.tex
(/usr/local/texlive/2026/texmf-dist/tex/generic/pgf/libraries/shapes/pgflibrary
shapes.callouts.code.tex))
(/usr/local/texlive/2026/texmf-dist/tex/generic/pgf/frontendlayer/tikz/librarie
s/tikzlibraryshapes.multipart.code.tex
(/usr/local/texlive/2026/texmf-dist/tex/generic/pgf/libraries/shapes/pgflibrary
shapes.multipart.code.tex)))
(/usr/local/texlive/2026/texmf-dist/tex/generic/pgf/frontendlayer/tikz/librarie
s/tikzlibraryarrows.code.tex
(/usr/local/texlive/2026/texmf-dist/tex/generic/pgf/libraries/pgflibraryarrows.
code.tex))
(/usr/local/texlive/2026/texmf-dist/tex/generic/pgf/frontendlayer/tikz/librarie
s/tikzlibrarybackgrounds.code.tex)
(/usr/local/texlive/2026/texmf-dist/tex/generic/pgf/frontendlayer/tikz/librarie
s/tikzlibraryshadows.code.tex
(/usr/local/texlive/2026/texmf-dist/tex/generic/pgf/frontendlayer/tikz/librarie
s/tikzlibraryfadings.code.tex
(/usr/local/texlive/2026/texmf-dist/tex/generic/pgf/libraries/pgflibraryfadings
.code.tex)))
(/usr/local/texlive/2026/texmf-dist/tex/latex/stmaryrd/stmaryrd.sty)
(/usr/local/texlive/2026/texmf-dist/tex/latex/placeins/placeins.sty)
(/usr/local/texlive/2026/texmf-dist/tex/latex/cancel/cancel.sty)
(/usr/local/texlive/2026/texmf-dist/tex/latex/mathtools/mathtools.sty
(/usr/local/texlive/2026/texmf-dist/tex/latex/mathtools/mhsetup.sty)
(/usr/local/texlive/2026/texmf-dist/tex/latex/amsmath/amsmath.sty
For additional information on amsmath, use the `?' option.
(/usr/local/texlive/2026/texmf-dist/tex/latex/amsmath/amstext.sty
(/usr/local/texlive/2026/texmf-dist/tex/latex/amsmath/amsgen.sty))
(/usr/local/texlive/2026/texmf-dist/tex/latex/amsmath/amsbsy.sty)
(/usr/local/texlive/2026/texmf-dist/tex/latex/amsmath/amsopn.sty)))
(/usr/local/texlive/2026/texmf-dist/tex/latex/fancybox/fancybox.sty
Style option: `fancybox' v1.4 <2010/05/15> (tvz)
) (/usr/local/texlive/2026/texmf-dist/tex/latex/colortbl/colortbl.sty)
(/usr/local/texlive/2026/texmf-dist/tex/latex/amsfonts/amssymb.sty
(/usr/local/texlive/2026/texmf-dist/tex/latex/amsfonts/amsfonts.sty))
(/usr/local/texlive/2026/texmf-dist/tex/latex/setspace/setspace.sty)
(/usr/local/texlive/2026/texmf-dist/tex/latex/float/float.sty)
(/usr/local/texlive/2026/texmf-dist/tex/latex/base/inputenc.sty)
(/usr/local/texlive/2026/texmf-dist/tex/generic/babel/babel.sty
(/usr/local/texlive/2026/texmf-dist/tex/generic/babel/txtbabel.def)
(/usr/local/texlive/2026/texmf-dist/tex/generic/babel/locale/en/babel-english.t
ex) (/usr/local/texlive/2026/texmf-dist/tex/generic/babel-english/english.ldf))
 (/usr/local/texlive/2026/texmf-dist/tex/latex/mwe/mwe.sty
(/usr/local/texlive/2026/texmf-dist/tex/latex/lipsum/lipsum.sty
(/usr/local/texlive/2026/texmf-dist/tex/latex/l3packages/l3keys2e/l3keys2e.sty)
(/usr/local/texlive/2026/texmf-dist/tex/latex/lipsum/lipsum.ltd.tex))
(/usr/local/texlive/2026/texmf-dist/tex/latex/blindtext/blindtext.sty
(/usr/local/texlive/2026/texmf-dist/tex/latex/tools/xspace.sty)))
(/usr/local/texlive/2026/texmf-dist/tex/latex/adjustbox/adjustbox.sty
(/usr/local/texlive/2026/texmf-dist/tex/latex/xkeyval/xkeyval.sty
(/usr/local/texlive/2026/texmf-dist/tex/generic/xkeyval/xkeyval.tex
(/usr/local/texlive/2026/texmf-dist/tex/generic/xkeyval/xkvutils.tex)))
(/usr/local/texlive/2026/texmf-dist/tex/latex/adjustbox/adjcalc.sty)
(/usr/local/texlive/2026/texmf-dist/tex/latex/adjustbox/trimclip.sty
(/usr/local/texlive/2026/texmf-dist/tex/latex/collectbox/collectbox.sty)
(/usr/local/texlive/2026/texmf-dist/tex/latex/adjustbox/tc-pdftex.def))
(/usr/local/texlive/2026/texmf-dist/tex/latex/ifoddpage/ifoddpage.sty)
(/usr/local/texlive/2026/texmf-dist/tex/latex/varwidth/varwidth.sty)
==> First Aid for varwidth.sty applied!
) (/usr/local/texlive/2026/texmf-dist/tex/latex/multirow/multirow.sty)
(/usr/local/texlive/2026/texmf-dist/tex/latex/makecell/makecell.sty)
(./annotate_eqs.sty

LaTeX Warning: You have requested package `annotate_eqs',
               but the package provides `annotate-equations'.

(/usr/local/texlive/2026/texmf-dist/tex/generic/iftex/ifluatex.sty)
(/usr/local/texlive/2026/texmf-dist/tex/latex/tikzmark/tikzlibrarytikzmark.code
.tex)
(/usr/local/texlive/2026/texmf-dist/tex/generic/pgf/frontendlayer/tikz/librarie
s/tikzlibrarybabel.code.tex))
(/usr/local/texlive/2026/texmf-dist/tex/generic/pgf/frontendlayer/tikz/librarie
s/tikzlibraryfit.code.tex)
(/usr/local/texlive/2026/texmf-dist/tex/latex/epigraph/epigraph.sty
(/usr/local/texlive/2026/texmf-dist/tex/latex/nextpage/nextpage.sty))
(/usr/local/texlive/2026/texmf-dist/tex/latex/thmbox/thmbox.sty)
(/usr/local/texlive/2026/texmf-dist/tex/latex/tcolorbox/tcbtheorems.code.tex
Library (tcolorbox): 'tcbtheorems.code.tex' version '6.9.0'
) (/usr/local/texlive/2026/texmf-dist/tex/latex/tcolorbox/tcbskins.code.tex
Library (tcolorbox): 'tcbskins.code.tex' version '6.9.0'
(/usr/local/texlive/2026/texmf-dist/tex/latex/tikzfill/tikzfill.image.sty
(/usr/local/texlive/2026/texmf-dist/tex/latex/tikzfill/tikzfill-common.sty)
(/usr/local/texlive/2026/texmf-dist/tex/latex/tikzfill/tikzlibraryfill.image.co
de.tex))
(/usr/local/texlive/2026/texmf-dist/tex/latex/tcolorbox/tcbskinsjigsaw.code.tex
Library (tcolorbox): 'tcbskinsjigsaw.code.tex' version '6.9.0'
))
(/usr/local/texlive/2026/texmf-dist/tex/latex/tcolorbox/tcbbreakable.code.tex
Library (tcolorbox): 'tcbbreakable.code.tex' version '6.9.0'
(/usr/local/texlive/2026/texmf-dist/tex/latex/pdfcol/pdfcol.sty))
(/usr/local/texlive/2026/texmf-dist/tex/latex/algorithms/algorithm.sty)
(/usr/local/texlive/2026/texmf-dist/tex/latex/algorithmicx/algpseudocode.sty
(/usr/local/texlive/2026/texmf-dist/tex/latex/algorithmicx/algorithmicx.sty
Document Style algorithmicx 1.2 - a greatly improved `algorithmic' style
)
Document Style - pseudocode environments for use with the `algorithmicx' style
) (/usr/local/texlive/2026/texmf-dist/tex/latex/cleveref/cleveref.sty)
==> First Aid for cleveref.sty applied!
(/usr/local/texlive/2026/texmf-dist/tex/latex/mdframed/mdframed.sty
(/usr/local/texlive/2026/texmf-dist/tex/latex/zref/zref-abspage.sty
(/usr/local/texlive/2026/texmf-dist/tex/latex/zref/zref-base.sty
(/usr/local/texlive/2026/texmf-dist/tex/generic/etexcmds/etexcmds.sty)
(/usr/local/texlive/2026/texmf-dist/tex/latex/auxhook/auxhook.sty)))
(/usr/local/texlive/2026/texmf-dist/tex/latex/needspace/needspace.sty)
(/usr/local/texlive/2026/texmf-dist/tex/latex/mdframed/md-frame-1.mdf))
(./math_commands.tex (/usr/local/texlive/2026/texmf-dist/tex/latex/tools/bm.sty
) (/usr/local/texlive/2026/texmf-dist/tex/latex/enumitem/enumitem.sty))
(./theorems.tex
(/usr/local/texlive/2026/texmf-dist/tex/latex/tcolorbox/tcbhooks.code.tex
Library (tcolorbox): 'tcbhooks.code.tex' version '6.9.0'
)) (/usr/local/texlive/2026/texmf-dist/tex/latex/psnfss/pifont.sty
(/usr/local/texlive/2026/texmf-dist/tex/latex/psnfss/upzd.fd)
(/usr/local/texlive/2026/texmf-dist/tex/latex/psnfss/upsy.fd))
(/usr/local/texlive/2026/texmf-dist/tex/latex/pstricks/pstricks.sty
(/usr/local/texlive/2026/texmf-dist/tex/generic/xkeyval/pst-xkey.tex)
(/usr/local/texlive/2026/texmf-dist/tex/generic/pstricks/pstricks.tex
(/usr/local/texlive/2026/texmf-dist/tex/generic/pstricks/pst-fp.tex
`pst-fp' v0.06, 2020/11/20 (hv))
`PSTricks' v3.22A  <2025/12/13> (tvz,hv)
--- We are running latex or xelatex ---
(/usr/local/texlive/2026/texmf-dist/tex/generic/pstricks/pstricks.con)
(/usr/local/texlive/2026/texmf-dist/tex/generic/pstricks/pstricks-color.tex)
(/usr/local/texlive/2026/texmf-dist/tex/generic/pstricks/pstricks-arrows.tex)
(/usr/local/texlive/2026/texmf-dist/tex/generic/pstricks/pstricks-dots.tex)
(/usr/local/texlive/2026/texmf-dist/tex/generic/pstricks/pst-code-grid.tex)
(/usr/local/texlive/2026/texmf-dist/tex/generic/pstricks/pst-code-box.tex)
(/usr/local/texlive/2026/texmf-dist/tex/generic/pstricks/pst-code-arc.tex)
(/usr/local/texlive/2026/texmf-dist/tex/generic/pstricks/pst-code-circle_ellips
e.tex)
(/usr/local/texlive/2026/texmf-dist/tex/generic/pstricks/pst-code-ref_rot.tex)
(/usr/local/texlive/2026/texmf-dist/tex/generic/pstricks/pst-code-put.tex)
(/usr/local/texlive/2026/texmf-dist/tex/generic/pstricks/pst-code-pspicture.tex
) (/usr/local/texlive/2026/texmf-dist/tex/generic/pstricks/pstricks.con))
(/usr/local/texlive/2026/texmf-dist/tex/generic/pstricks/pst-fp.tex
`pst-fp' v0.06, 2020/11/20 (hv)))
(/usr/local/texlive/2026/texmf-dist/tex/latex/pstricks-add/pstricks-add.sty
(/usr/local/texlive/2026/texmf-dist/tex/latex/pst-plot/pst-plot.sty
(/usr/local/texlive/2026/texmf-dist/tex/latex/xkeyval/pst-xkey.sty)
(/usr/local/texlive/2026/texmf-dist/tex/latex/multido/multido.sty
(/usr/local/texlive/2026/texmf-dist/tex/generic/multido/multido.tex
 v1.42, 2010/05/14 <tvz>))
(/usr/local/texlive/2026/texmf-dist/tex/generic/pst-plot/pst-plot.tex
(/usr/local/texlive/2026/texmf-dist/tex/generic/pst-tools/pst-tools.tex
`PST-tools' v0.12, 2021/09/23 (hv))
(/usr/local/texlive/2026/texmf-dist/tex/generic/pstricks-add/pstricks-add.tex
(/usr/local/texlive/2026/texmf-dist/tex/generic/pst-node/pst-node.tex
 v1.45, 2024/07/10)
(/usr/local/texlive/2026/texmf-dist/tex/generic/pst-arrow/pst-arrow.tex
`pst-arrow' v0.05, 2021/11/16 (dr,hv))
(/usr/local/texlive/2026/texmf-dist/tex/generic/pst-3d/pst-3d.tex
`PST-3d' v1.11, 2010/02/14 (tvz))
(/usr/local/texlive/2026/texmf-dist/tex/generic/pst-math/pst-math.tex
`pst-math' v0.67 , (CJ,hv)) `pstricks-add' v3.94, 2023/04/17 (dr,hv))
 v1.94, 2022/11/21 (tvz,hv)))
(/usr/local/texlive/2026/texmf-dist/tex/latex/pst-node/pst-node.sty
(/usr/local/texlive/2026/texmf-dist/tex/generic/pst-node/pst-node.tex))
(/usr/local/texlive/2026/texmf-dist/tex/latex/pst-3d/pst-3d.sty
(/usr/local/texlive/2026/texmf-dist/tex/generic/pst-3d/pst-3d.tex))
(/usr/local/texlive/2026/texmf-dist/tex/latex/pst-math/pst-math.sty
(/usr/local/texlive/2026/texmf-dist/tex/latex/pst-calculate/pst-calculate.sty
(/usr/local/texlive/2026/texmf-dist/tex/latex/siunitx/siunitx.sty
(/usr/local/texlive/2026/texmf-dist/tex/latex/translations/translations.sty)))
(/usr/local/texlive/2026/texmf-dist/tex/generic/xstring/xstring.sty
(/usr/local/texlive/2026/texmf-dist/tex/generic/xstring/xstring.tex))
(/usr/local/texlive/2026/texmf-dist/tex/generic/pst-math/pst-math.tex))
(/usr/local/texlive/2026/texmf-dist/tex/generic/pstricks-add/pstricks-add.tex))
 (/usr/local/texlive/2026/texmf-dist/tex/latex/cjk-ko/kotex.sty
(/usr/local/texlive/2026/texmf-dist/tex/latex/kotex-utf/kotex.cfg)
(/usr/local/texlive/2026/texmf-dist/tex/latex/kotex-utf/kotexutf.sty
(/usr/local/texlive/2026/texmf-dist/tex/plain/kotex-plain/kotexutf-core.tex)
(/usr/local/texlive/2026/texmf-dist/tex/latex/kotex-utf/lucenc.dfu)
(/usr/local/texlive/2026/texmf-dist/tex/latex/cjk-ko/kolabels-utf.sty)))
First name missing
First name missing
First name missing
First name missing
First name missing

Package biblatex Warning: Load 'inputenc' before biblatex.


Package csquotes Warning: Load 'inputenc' before 'csquotes' on input line 379.

(build/main_v2.aux)
(/usr/local/texlive/2026/texmf-dist/tex/latex/nanumtype1/lucnanummj.fd)
(/usr/local/texlive/2026/texmf-dist/tex/context/base/mkii/supp-pdf.mkii
[Loading MPS to PDF converter (version 2006.09.02).]
) (/usr/local/texlive/2026/texmf-dist/tex/latex/epstopdf-pkg/epstopdf-base.sty
(/usr/local/texlive/2026/texmf-dist/tex/latex/latexconfig/epstopdf-sys.cfg))
(/usr/local/texlive/2026/texmf-dist/tex/latex/pdflscape/pdflscape.sty
(/usr/local/texlive/2026/texmf-dist/tex/latex/pdflscape/pdflscape-nometadata.st
y (/usr/local/texlive/2026/texmf-dist/tex/latex/graphics/lscape.sty)))

Package microtype Warning: Command \pickup@font is not defined as expected.
(microtype)                Patching it anyway. Some things may break.
(microtype)                Double-check whether micro-typography is indeed
(microtype)                applied to the document.
(microtype)                (Hint: Turn on `verbose' mode).

(/usr/local/texlive/2026/texmf-dist/tex/latex/microtype/mt-cmr.cfg)
(/usr/local/texlive/2026/texmf-dist/tex/latex/biblatex/lbx/english.lbx)
(build/main_v2.bbl)
*geometry* driver: auto-detecting
*geometry* detected driver: pdftex

(/usr/local/texlive/2026/texmf-dist/tex/latex/translations/translations-basic-d
ictionary-english.trsl)
(/usr/local/texlive/2026/texmf-dist/tex/latex/lm/t1lmss.fd)
(/usr/local/texlive/2026/texmf-dist/tex/latex/lm/ot1lmr.fd)
(/usr/local/texlive/2026/texmf-dist/tex/latex/lm/omllmm.fd)
(/usr/local/texlive/2026/texmf-dist/tex/latex/lm/omslmsy.fd)
(/usr/local/texlive/2026/texmf-dist/tex/latex/lm/omxlmex.fd)
(/usr/local/texlive/2026/texmf-dist/tex/latex/jknapltx/ursfs.fd)
(/usr/local/texlive/2026/texmf-dist/tex/latex/stmaryrd/Ustmry.fd)
(/usr/local/texlive/2026/texmf-dist/tex/latex/amsfonts/umsa.fd)
(/usr/local/texlive/2026/texmf-dist/tex/latex/microtype/mt-msa.cfg)
(/usr/local/texlive/2026/texmf-dist/tex/latex/amsfonts/umsb.fd)
(/usr/local/texlive/2026/texmf-dist/tex/latex/microtype/mt-msb.cfg)

LaTeX Font Warning: Font shape `U/stmry/b/n' undefined
(Font)              using `U/stmry/m/n' instead on input line 379.


LaTeX Font Warning: Font shape `U/rsfs/m/n' in size <13> not available
(Font)              size <12> substituted on input line 379.


LaTeX Font Warning: Font shape `U/rsfs/m/n' in size <6.5> not available
(Font)              size <6> substituted on input line 379.


LaTeX Font Warning: Font shape `U/stmry/m/n' in size <13> not available
(Font)              size <12> substituted on input line 379.


LaTeX Font Warning: Font shape `U/stmry/m/n' in size <6.5> not available
(Font)              size <6> substituted on input line 379.


LaTeX Font Warning: Font shape `U/stmry/b/n' in size <13> not available
(Font)              size <12> substituted on input line 379.


LaTeX Font Warning: Font shape `U/stmry/b/n' in size <6.5> not available
(Font)              size <6> substituted on input line 379.

[1
Non-PDF special ignored!
<special> header=pstricks.pro
Non-PDF special ignored!
<special> header=pst-algparser.pro
Non-PDF special ignored!
<special> header=pst-tools.pro
Non-PDF special ignored!
<special> header=pst-dots.pro
Non-PDF special ignored!
<special> header=pst-node.pro
Non-PDF special ignored!
<special> header=pst-3d.pro
Non-PDF special ignored!
<special> header=pst-math.pro
Non-PDF special ignored!
<special> header=pstricks-add.pro
Non-PDF special ignored!
<special> ps: /pssetRGBcolor /setrgbcolor load def /pssetCMYKcolor /setcmyk...
Non-PDF special ignored!
<special> ps:tx@Dict begin  gsave STV CP T /ps@rot 0 def grestore  end
Non-PDF special ignored!
<special> ps:tx@Dict begin  gsave STV CP T /ps@refangle 0.  def grestore  e...
Non-PDF special ignored!
<special> ps:tx@Dict begin  gsave STV CP T /ps@rot 0 def grestore  end
{/usr/local/texlive/2026/texmf-var/fonts/map/pdftex/updmap/pdftex.map}{/usr/loc
al/texlive/2026/texmf-dist/fonts/enc/dvips/lm/lm-ec.enc}] (build/main_v2.toc
[2] [3] (/usr/local/texlive/2026/texmf-dist/tex/latex/lm/t1lmtt.fd) [4])
[5] (./fnfix.tex) (/usr/local/texlive/2026/texmf-dist/tex/latex/lm/ts1lmr.fd)
[1{/usr/local/texlive/2026/texmf-dist/fonts/enc/dvips/lm/lm-ts1.enc}] [2]
(./Preface.tex [3] [4] [5] [6 <./Images/PartA/diffusion_forward_vs_reverse.pdf>
] [7{/usr/local/texlive/2026/texmf-dist/fonts/enc/dvips/lm/lm-mathsy.enc}]
[8]
Underfull \vbox (badness 10000) has occurred while \output is active [9]
[10]) (./notations.tex [11]
Underfull \vbox (badness 10000) has occurred while \output is active [12{/usr/l
ocal/texlive/2026/texmf-dist/fonts/enc/dvips/lm/lm-mathit.enc}{/usr/local/texli
ve/2026/texmf-dist/fonts/enc/dvips/lm/lm-rm.enc}]
Overfull \hbox (23.66492pt too wide) in paragraph at lines 86--86
[]$\U/msb/m/n/10.95 E[]\OT1/lmr/bx/n/10.95 (-20) f\OT1/lmr/m/n/10.95 (-20) (\OT
1/lmr/bx/n/10.95 (-20) x\OT1/lmr/m/n/10.95 (-20) ) \OMS/lmsy/m/n/10.95 j \OT1/l
mr/bx/n/10.95 (-20) z[]$\T1/lmr/m/n/10.95 (-20) ,  

Overfull \hbox (42.28333pt too wide) in paragraph at lines 86--86
\U/msb/m/n/10.95 E[][]\OT1/lmr/bx/n/10.95 (-20) f\OT1/lmr/m/n/10.95 (-20) (\OT1
/lmr/bx/n/10.95 (-20) x\OT1/lmr/m/n/10.95 (-20) )[]$  

Underfull \vbox (badness 1603) has occurred while \output is active [13{/usr/lo
cal/texlive/2026/texmf-dist/fonts/enc/dvips/lm/lm-mathex.enc}]) [14] [15]
(./Prologue-Deep-Generative-Modeling.tex
Chapter 1.
[16] [17] [18 <./Images/PartB/dgm-learning.pdf>]
Overfull \hbox (1.45654pt too wide) in paragraph at lines 232--241
\T1/lmr/m/n/10.95 (-20) It mea-sures the dis-crep-ancy be-tween the \T1/lmr/m/i
t/10.95 (-20) score func-tions $\OMS/lmsy/m/n/10.95 r[] [] \OML/lmm/m/it/10.95 
p\OT1/lmr/m/n/10.95 (-20) (\OT1/lmr/bx/n/10.95 (-20) x\OT1/lmr/m/n/10.95 (-20) 
)$ \T1/lmr/m/n/10.95 (-20) and $\OMS/lmsy/m/n/10.95 r[] [] \OML/lmm/m/it/10.95 
q\OT1/lmr/m/n/10.95 (-20) (\OT1/lmr/bx/n/10.95 (-20) x\OT1/lmr/m/n/10.95 (-20) 
)$\T1/lmr/m/n/10.95 (-20) ,
[19] [20] [21]

LaTeX Warning: Float too large for page by 23.41594pt on input line 528.

[22]
Overfull \hbox (35.57693pt too wide) in paragraph at lines 744--745
[] []\T1/lmss/bx/n/10.95 (-20) Nor-mal-iz-ing Flows.[] \T1/lmr/m/n/10.95 (-20) 
Clas-sic flow-based mod-els, such as Nor-mal-iz-ing Flows (NFs) ([]Rezende
[23] [24] [25]) [26] [27] [28] (./Part-B-diagram.tex)
(./Chapter-1-Varational-Perspective-From-VAE-to-DDPM.tex [29]
Chapter 2.
[30] [31]
Underfull \vbox (badness 6477) has occurred while \output is active [32]
[33] [34] [35] [36] [37] [38] [39] [40] [41] [42 <./Images/PartB/vdm-forward.pd
f>] [43 <./Images/PartB/vdm-backward.pdf>] [44 <./Images/PartB/ddpm_conditional
_trick.pdf>] [45] [46] [47] [48] [49] [50] [51] [52 <./Images/PartB/diffusion-c
lean.pdf>]) (./Chapter-2-Score-Based-Perspective-From-EBMs-to-NCSN.tex [53]
Chapter 3.
[54] [55 <./Images/PartB/ebm-graph.pdf>] [56] [57 <./Images/PartB/score_functio
n_plot.pdf>] [58 <./Images/PartB/langevin_sampling.png>] [59] [60]

Package mdframed Warning: You got a bad break
(mdframed)                because the last box will be empty
(mdframed)                you have to change it manually
(mdframed)                by changing the text, the space
(mdframed)                or something else on input line 495.


Overfull \vbox (16.57092pt too high) detected at line 495

Overfull \vbox (17.57092pt too high) detected at line 495

Overfull \vbox (18.57092pt too high) detected at line 495

Overfull \vbox (19.57092pt too high) detected at line 495

Overfull \vbox (20.57092pt too high) detected at line 495

Overfull \vbox (21.57092pt too high) detected at line 495

Overfull \vbox (22.57092pt too high) detected at line 495

Overfull \vbox (23.57092pt too high) detected at line 495

Overfull \vbox (24.57092pt too high) detected at line 495

Overfull \vbox (25.57092pt too high) detected at line 495

Overfull \vbox (26.57092pt too high) detected at line 495

Overfull \vbox (27.57092pt too high) detected at line 495

Overfull \vbox (28.57092pt too high) detected at line 495

Overfull \vbox (29.57092pt too high) detected at line 495

Overfull \vbox (30.57092pt too high) detected at line 495

Overfull \vbox (31.57092pt too high) detected at line 495

Overfull \vbox (32.57092pt too high) detected at line 495

Overfull \vbox (33.57092pt too high) detected at line 495

Overfull \vbox (34.57092pt too high) detected at line 495

Overfull \vbox (35.57092pt too high) detected at line 495

Overfull \vbox (36.57092pt too high) detected at line 495

Overfull \vbox (37.57092pt too high) detected at line 495

Overfull \vbox (38.57092pt too high) detected at line 495

Overfull \vbox (39.57092pt too high) detected at line 495

Overfull \vbox (40.57092pt too high) detected at line 495

Overfull \vbox (41.57092pt too high) detected at line 495

Overfull \vbox (42.57092pt too high) detected at line 495

Overfull \vbox (43.57092pt too high) detected at line 495

Overfull \vbox (44.57092pt too high) detected at line 495

Overfull \vbox (45.57092pt too high) detected at line 495

Overfull \vbox (46.57092pt too high) detected at line 495

Overfull \vbox (47.57092pt too high) detected at line 495

Overfull \vbox (48.57092pt too high) detected at line 495

Overfull \vbox (49.57092pt too high) detected at line 495

Overfull \vbox (50.57092pt too high) detected at line 495

Overfull \vbox (51.57092pt too high) detected at line 495

Overfull \vbox (52.57092pt too high) detected at line 495

Overfull \vbox (53.57092pt too high) detected at line 495

Overfull \vbox (54.57092pt too high) detected at line 495

Overfull \vbox (55.57092pt too high) detected at line 495

Overfull \vbox (56.57092pt too high) detected at line 495

Overfull \vbox (57.57092pt too high) detected at line 495

Overfull \vbox (58.57092pt too high) detected at line 495

Overfull \vbox (59.57092pt too high) detected at line 495

Overfull \vbox (60.57092pt too high) detected at line 495

Overfull \vbox (61.57092pt too high) detected at line 495

Overfull \vbox (62.57092pt too high) detected at line 495

Overfull \vbox (63.57092pt too high) detected at line 495

Overfull \vbox (64.57092pt too high) detected at line 495

Overfull \vbox (65.57092pt too high) detected at line 495

Overfull \vbox (66.57092pt too high) detected at line 495

Overfull \vbox (67.57092pt too high) detected at line 495

Overfull \vbox (68.57092pt too high) detected at line 495

Overfull \vbox (69.57092pt too high) detected at line 495

Overfull \vbox (70.57092pt too high) detected at line 495

Overfull \vbox (71.57092pt too high) detected at line 495

Overfull \vbox (72.57092pt too high) detected at line 495

Overfull \vbox (73.57092pt too high) detected at line 495

Overfull \vbox (74.57092pt too high) detected at line 495

Overfull \vbox (75.57092pt too high) detected at line 495

Overfull \vbox (76.57092pt too high) detected at line 495

Overfull \vbox (77.57092pt too high) detected at line 495

Overfull \vbox (78.57092pt too high) detected at line 495

Overfull \vbox (79.57092pt too high) detected at line 495

Overfull \vbox (80.57092pt too high) detected at line 495

Overfull \vbox (81.57092pt too high) detected at line 495

Overfull \vbox (82.57092pt too high) detected at line 495

Overfull \vbox (83.57092pt too high) detected at line 495

Overfull \vbox (84.57092pt too high) detected at line 495

Overfull \vbox (85.57092pt too high) detected at line 495

Overfull \vbox (86.57092pt too high) detected at line 495

Overfull \vbox (87.57092pt too high) detected at line 495

Overfull \vbox (88.57092pt too high) detected at line 495

Overfull \vbox (89.57092pt too high) detected at line 495

Overfull \vbox (90.57092pt too high) detected at line 495

Overfull \vbox (91.57092pt too high) detected at line 495

Overfull \vbox (92.57092pt too high) detected at line 495

Overfull \vbox (93.57092pt too high) detected at line 495

Overfull \vbox (94.57092pt too high) detected at line 495

Overfull \vbox (95.57092pt too high) detected at line 495

Overfull \vbox (96.57092pt too high) detected at line 495

Overfull \vbox (97.57092pt too high) detected at line 495

Overfull \vbox (98.57092pt too high) detected at line 495

Overfull \vbox (99.57092pt too high) detected at line 495

Overfull \vbox (100.57092pt too high) detected at line 495

Overfull \vbox (101.57092pt too high) detected at line 495

Overfull \vbox (102.57092pt too high) detected at line 495

Overfull \vbox (103.57092pt too high) detected at line 495

Overfull \vbox (104.57092pt too high) detected at line 495

Overfull \vbox (105.57092pt too high) detected at line 495

Overfull \vbox (106.57092pt too high) detected at line 495

Overfull \vbox (107.57092pt too high) detected at line 495

Overfull \vbox (108.57092pt too high) detected at line 495

Overfull \vbox (109.57092pt too high) detected at line 495

Overfull \vbox (110.57092pt too high) detected at line 495

Overfull \vbox (111.57092pt too high) detected at line 495

Overfull \vbox (112.57092pt too high) detected at line 495

Overfull \vbox (113.57092pt too high) detected at line 495

Overfull \vbox (114.57092pt too high) detected at line 495

Overfull \vbox (115.57092pt too high) detected at line 495

Overfull \vbox (116.57092pt too high) detected at line 495

Overfull \vbox (117.57092pt too high) detected at line 495

Package mdframed Warning: correct box splittet fails
 It seems you are using a non splittable contents
(mdframed)                 on input line 495.

[61 <./Images/PartB/score_function_approximation.pdf>] [62] [63] [64] [65]
[66] [67] [68 <./Images/PartB/dsm-graph.pdf>]
Overfull \hbox (24.70169pt too wide) in paragraph at lines 790--790
\T1/lmr/m/n/10.95 (-20) The proof pro-ceeds by com-put-ing the score of the mar
ginal $\OML/lmm/m/it/10.95 p\OT1/lmr/m/n/10.95 (-20) ([]) = [] \OML/lmm/m/it/10
.95 p\OT1/lmr/m/n/10.95 (-20) ([]\OMS/lmsy/m/n/10.95 j\OT1/lmr/bx/n/10.95 (-20)
 x\OT1/lmr/m/n/10.95 (-20) )\OML/lmm/m/it/10.95 p[]\OT1/lmr/m/n/10.95 (-20) (\O
T1/lmr/bx/n/10.95 (-20) x\OT1/lmr/m/n/10.95 (-20) ) []  d\OT1/lmr/bx/n/10.95 (-
20) x$\T1/lmr/m/n/10.95 (-20) .
[69] [70] [71]
Overfull \hbox (13.39633pt too wide) in paragraph at lines 915--916
[] []\T1/lmss/bx/n/10.95 (-20) Link to Tweedie's For-mula and Bayes Op-ti-mal-i
ty.[] \T1/lmr/m/n/10.95 (-20) Let $\OML/lmm/m/it/10.95 p[]\OT1/lmr/m/n/10.95 (-
20) ([]) = []\OML/lmm/m/it/10.95 p[] \OMS/lmsy/m/n/10.95 ^^C N\OT1/lmr/m/n/10.9
5 (-20) (\OT1/lmr/bx/n/10.95 (-20) 0\OML/lmm/m/it/10.95 ; ^^[[]\OT1/lmr/bx/n/10
.95 (-20) I\OT1/lmr/m/n/10.95 (-20) )[]([])$

Overfull \hbox (12.46419pt too wide) in paragraph at lines 923--927
\T1/lmr/m/n/10.95 (-20) Hence min-i-miz-ing the ex-pected SURE equals min-i-miz
-ing the Bayes risk $\U/msb/m/n/10.95 E[][]\OMS/lmsy/m/n/10.95 k\OT1/lmr/bx/n/1
0.95 (-20) D\OT1/lmr/m/n/10.95 (-20) ([]) \OMS/lmsy/m/n/10.95 ^^@
[72] [73] [74] [75] [76 <./Images/PartB/score_function_acc.pdf>] [77 <./Images/
PartB/ncsn-graph.pdf>] [78] [79] [80] [81])
(./Chapter-3-Diffusion-Models-Today-Score-SDE-Framework.tex [82]
Chapter 4.
[83] [84 <./Images/PartB/score_landscape_2d.pdf>] [85] [86 <./Images/PartB/sde-
forward-noise.pdf>]
Overfull \hbox (11.15501pt too wide) in paragraph at lines 134--136
[]\T1/lmr/m/n/10.95 (-20) With this for-mu-la-tion, ear-lier meth-ods based on 
dis-crete time, such as NCSN ([]Song
[87 <./Images/PartB/forward_sde_ode_trajectories.pdf>] [88] [89 <./Images/PartB
/reverse_sde_and_ode_trajectories.pdf>] [90] [91] [92] [93]
Underfull \vbox (badness 10000) has occurred while \output is active [94]

LaTeX Warning: Text page 95 contains only floats.

[95 <./Images/PartB/score_sde_three_dynamics.pdf>]
Underfull \vbox (badness 3168) has occurred while \output is active [96]
[97] [98] [99] [100] [101] [102 <./Images/PartB/denoising_score_matching.pdf>]
[103]
Underfull \vbox (badness 1642) has occurred while \output is active [104 <./Ima
ges/PartB/sde_ode_trajectories.pdf>] [105] [106] [107] [108] [109] [110]
[111 <./Images/PartB/vdm-sde.pdf>] [112]
Underfull \vbox (badness 10000) has occurred while \output is active [113]
[114] [115] [116]

Package hyperref Warning: Token not allowed in a PDF string (Unicode):
(hyperref)                removing `\\' on input line 1256.


Package fancyhdr Warning: \headheight is too small (14.4pt): 
(fancyhdr)                Make it at least 26.78468pt, for example:
(fancyhdr)                \setlength{\headheight}{26.78468pt}.
(fancyhdr)                You might also make \topmargin smaller:
(fancyhdr)                \addtolength{\topmargin}{-12.38469pt}.

[117] [118]
Overfull \hbox (0.69289pt too wide) in paragraph at lines 1374--1375
[] []\T1/lmss/bx/n/10.95 (-20) Sub-sti-tut-ing into the Re-verse Tran-si-tion.[
] \T1/lmr/m/n/10.95 (-20) Sub-sti-tut-ing equa-tions Equa-tion ([][]4.1.2[][])

Package fancyhdr Warning: \headheight is too small (14.4pt): 
(fancyhdr)                Make it at least 26.78468pt, for example:
(fancyhdr)                \setlength{\headheight}{26.78468pt}.
(fancyhdr)                You might also make \topmargin smaller:
(fancyhdr)                \addtolength{\topmargin}{-12.38469pt}.

[119]
Overfull \hbox (1.01869pt too wide) in paragraph at lines 1406--1408
\T1/lmr/m/n/10.95 (-20) The ad-di-tional term $\OMS/lmsy/m/n/10.95 k\OML/lmm/m/
it/10.95 g[]\OT1/lmr/m/n/10.95 (-20) (\OML/lmm/m/it/10.95 t\OT1/lmr/m/n/10.95 (
-20) )^^A\OML/lmm/m/it/10.95 t\OMS/lmsy/m/n/10.95 r[] [] \OML/lmm/m/it/10.95 p[
]\OT1/lmr/m/n/10.95 (-20) (\OT1/lmr/bx/n/10.95 (-20) x[]\OT1/lmr/m/n/10.95 (-20
) )\OMS/lmsy/m/n/10.95 k[]$ \T1/lmr/m/n/10.95 (-20) from com-plet-ing the squar
e is $\OMS/lmsy/m/n/10.95 O\OT1/lmr/m/n/10.95 (-20) ((^^A\OML/lmm/m/it/10.95 t\
OT1/lmr/m/n/10.95 (-20) )[])$
[120]) (./Chapter-4-Flow-Based-Perspective-From-NFs-to-Flow-Matching.tex
[121]
Chapter 5.
[122] [123]
Underfull \vbox (badness 2277) has occurred while \output is active [124 <./Ima
ges/PartB/flow_density.pdf>] [125] [126]
Overfull \hbox (9.0443pt too wide) in paragraph at lines 252--253
[]\T1/lmr/m/n/10.95 (-20) This for-mu-la-tion, in-deed, cor-re-sponds to the Eu
-ler dis-cretiza-tion of the continuous-
[127 <./Images/PartB/discrete_vs_continuous_side_by_side_white.pdf>]
Underfull \vbox (badness 1448) has occurred while \output is active [128]
[129 <./Images/PartB/cov_2d_layers.pdf>] [130] [131] [132] [133 <./Images/PartB
/data_vs_prior_cone_with_oval.pdf>] [134 <./Images/PartB/four_panel_simple.pdf>
] [135] [136] [137] [138]
Underfull \vbox (badness 1983) has occurred while \output is active [139 <./Ima
ges/PartB/flow_matching_conditional.pdf>] [140] [141] [142] [143] [144]
[145] [146] [147 <./Images/PartB/triptych_gray_cones_final.pdf>] [148] [149]
[150]
Overfull \hbox (4.95784pt too wide) in paragraph at lines 1170--1171
[] [] \T1/lmss/bx/n/10.95 (-20) Two-Sided Con-di-tion-ing ($\OT1/lmr/bx/n/10.95
 (-20) z = (x[]\OML/lmm/b/it/10.95 ; \OT1/lmr/bx/n/10.95 (-20) x[])$\T1/lmss/bx
/n/10.95 (-20) ).[] \T1/lmr/m/n/10.95 (-20) The same tem-plate with $\OML/lmm/b
/it/10.95 ^^V[]\OT1/lmr/m/n/10.95 (-20) (\OT1/lmr/bx/n/10.95 (-20) x[]\OML/lmm/
m/it/10.95 ; \OT1/lmr/bx/n/10.95 (-20) x[]\OT1/lmr/m/n/10.95 (-20) ) =
[151] [152]
Underfull \hbox (badness 4872) in paragraph at lines 1208--1208
[]|\T1/lmr/m/n/7 (+20) Convenient when $\OML/lmm/m/it/7 p[]\OT1/lmr/m/n/7 (+20)
 (\OMS/lmsy/m/n/7 ^^Aj\OT1/lmr/bx/n/7 (+20) z\OT1/lmr/m/n/7 (+20) )$ \T1/lmr/m/
n/7 (+20) is Gaus-sian /

Underfull \hbox (badness 10000) in paragraph at lines 1208--1209
[]|\T1/lmr/m/n/7 (+20) Given $\OT1/lmr/bx/n/7 (+20) 	[]\OT1/lmr/m/n/7 (+20) (\O
MS/lmsy/m/n/7 ^^Aj\OT1/lmr/bx/n/7 (+20) z\OT1/lmr/m/n/7 (+20) )$\T1/lmr/m/n/7 (
+20) , both $\OML/lmm/m/it/7 p[]\OT1/lmr/m/n/7 (+20) (\OMS/lmsy/m/n/7 ^^Aj\OT1/
lmr/bx/n/7 (+20) z\OT1/lmr/m/n/7 (+20) ) =

Underfull \hbox (badness 10000) in paragraph at lines 1208--1209
\OT1/lmr/m/n/7 (+20) (\OT1/lmr/bx/n/7 (+20) 	[]\OT1/lmr/m/n/7 (+20) (\OMS/lmsy/
m/n/7 ^^Aj\OT1/lmr/bx/n/7 (+20) z\OT1/lmr/m/n/7 (+20) ))[]\OML/lmm/m/it/7 p[]$ 
\T1/lmr/m/n/7 (+20) and $\OT1/lmr/bx/n/7 (+20) v[]\OT1/lmr/m/n/7 (+20) (\OMS/lm
sy/m/n/7 ^^Aj\OT1/lmr/bx/n/7 (+20) z\OT1/lmr/m/n/7 (+20) )$ \T1/lmr/m/n/7 (+20)
 are de-ter-

Underfull \hbox (badness 10000) in paragraph at lines 1213--1215
\T1/lmr/m/n/7 (+20) easy bound-ary con-trol; ac-com-mo-dates

Overfull \hbox (4.65683pt too wide) in paragraph at lines 1205--1215
 [] 
[153] [154] [155 <./Images/PartB/straightness_counterexample.pdf>] [156]
pdfTeX warning (ext4): destination with the same identifier (name{ALG@line.1}) 
has been already used, duplicate ignored
<to be read again> 
                   \relax 
l.1406 \State
              \textbfs{Pre-Train Diffusion.} Fit $\rvv_{\bphi^\times}$ on th...

pdfTeX warning (ext4): destination with the same identifier (name{ALG@line.2}) 
has been already used, duplicate ignored
<to be read again> 
                   \relax 
l.1411 \State
              \textbfs{Rectify.} Sample $\rvz_0 \sim p_{\text{src}}$ and int...
[157] [158] [159] [160 <./Images/PartB/rectified_flow_trained.pdf>] [161])
(./Chapter-5-They-Are-All-Equivalent.tex [162]
Chapter 6.
[163] [164] [165] [166] [167] [168] [169]
Overfull \hbox (7.82498pt too wide) in paragraph at lines 313--314
[]\T1/lmr/m/n/10.95 (-20) Prediction types of $[][]$ and their as-so-ci-ated re
-gres-sion tar-gets $[][]$; 
[170] (/usr/local/texlive/2026/texmf-dist/tex/latex/lm/ot1lmtt.fd) [171{/usr/lo
cal/texlive/2026/texmf-dist/fonts/enc/dvips/lm/lm-rmtt.enc}] [172] [173]
[174] [175]
Underfull \vbox (badness 10000) has occurred while \output is active [176]
[177] [178] [179] [180] [181] [182] [183]
Underfull \vbox (badness 1874) has occurred while \output is active [184]
[185] [186] [187] [188] [189]) (./Chapter-4-plus-OT-and-Diffusion-Model.tex
[190]
Chapter 7.

Overfull \hbox (7.4983pt too wide) in paragraph at lines 13--24
\T1/lmr/m/n/10.95 (-20) trans-port, and Schrödinger bridges as for-mu-la-tions 
of the dis-tri-bu-tion^^Uto^^Udistribution
[191]
Underfull \vbox (badness 10000) detected at line 59
[192] [193] [194 <./Images/PartB/ot_2d_coupling_comparison.pdf>] [195] [196]
[197 <./Images/PartB/ot_illustration.pdf>] [198] [199] [200]
Underfull \vbox (badness 1253) has occurred while \output is active [201 <./Ima
ges/PartB/sb_illustration.pdf>] [202]
Overfull \hbox (3.07677pt too wide) in paragraph at lines 557--559
\T1/lmr/m/n/10.95 (-20) In the reverse-time stochas-tic con-trol for-mu-la-tion
 of Equa-tion ([][]7.2.8[][])(same quadratic
[203] [204] [205] [206] [207 <./Images/PartB/eot_epsilon_interpolation.pdf>]
[208] [209] [210] [211] [212] [213] [214] [215] [216 <./Images/PartB/pfode_vs_o
t_2d.pdf>] [217] [218] [219]
Underfull \vbox (badness 10000) has occurred while \output is active [220]
[221] [222] [223] [224]) [225] (./Part-C-D-diagram.tex)
(./Chapter-6-Guidance.tex [226]
Chapter 8.
[227] [228 <./Images/PartC/guidance.pdf>] [229] [230] [231] [232] [233]
[234] [235 <./Images/PartB/classifier_guidance_v2.pdf>]
pdfTeX warning (ext4): destination with the same identifier (name{ALG@line.1}) 
has been already used, duplicate ignored
<to be read again> 
                   \relax 
l.463       \Repeat
                   
pdfTeX warning (ext4): destination with the same identifier (name{ALG@line.2}) 
has been already used, duplicate ignored
<to be read again> 
                   \relax 
l.464         \State
                     $\rvx \sim p_{\text{data}}(\rvx)$
pdfTeX warning (ext4): destination with the same identifier (name{ALG@line.3}) 
has been already used, duplicate ignored
<to be read again> 
                   \relax 
l.465         \State
                     $t \sim \mathcal{U}[0, T]$
pdfTeX warning (ext4): destination with the same identifier (name{ALG@line.4}) 
has been already used, duplicate ignored
<to be read again> 
                   \relax 
l.466         \State
                     $\bm{\epsilon} \sim \mathcal{N}(\mathbf{0}, \mathbf{I})$
pdfTeX warning (ext4): destination with the same identifier (name{ALG@line.5}) 
has been already used, duplicate ignored
<to be read again> 
                   \relax 
l.467         \State
                     $\rvx_t = \alpha_t \rvx + \sigma_t \bm{\epsilon}$
pdfTeX warning (ext4): destination with the same identifier (name{ALG@line.6}) 
has been already used, duplicate ignored
<to be read again> 
                   \relax 
l.468         \State
                     Take gradient step on:
pdfTeX warning (ext4): destination with the same identifier (name{ALG@line.7}) 
has been already used, duplicate ignored
<to be read again> 
                   \relax 
l.470       \Until
                  {converged}
Underfull \hbox (badness 4479) in paragraph at lines 481--482
[][]$\OML/lmm/m/it/10 p[]$\T1/lmr/m/n/10 (+20) : prob. of un-con-di-tional

pdfTeX warning (ext4): destination with the same identifier (name{ALG@line.1}) 
has been already used, duplicate ignored
<to be read again> 
                   \relax 
l.482       \Repeat
                   
pdfTeX warning (ext4): destination with the same identifier (name{ALG@line.2}) 
has been already used, duplicate ignored
<to be read again> 
                   \relax 
l.483         \State
                     \textcolor{orange}{$(\rvx, \rvc) \sim p_{\text{data}}(\...

pdfTeX warning (ext4): destination with the same identifier (name{ALG@line.3}) 
has been already used, duplicate ignored
<to be read again> 
                   \relax 
l.484         \State
                     \textcolor{orange}{$\rvc \gets \emptyset$ with prob. $p...

pdfTeX warning (ext4): destination with the same identifier (name{ALG@line.4}) 
has been already used, duplicate ignored
<to be read again> 
                   \relax 
l.485         \State
                     $t \sim \mathcal{U}[0, T]$
pdfTeX warning (ext4): destination with the same identifier (name{ALG@line.5}) 
has been already used, duplicate ignored
<to be read again> 
                   \relax 
l.486         \State
                     $\bm{\epsilon} \sim \mathcal{N}(\mathbf{0}, \mathbf{I})$
pdfTeX warning (ext4): destination with the same identifier (name{ALG@line.6}) 
has been already used, duplicate ignored
<to be read again> 
                   \relax 
l.487         \State
                     $\rvx_t = \alpha_t \rvx + \sigma_t \bm{\epsilon}$
pdfTeX warning (ext4): destination with the same identifier (name{ALG@line.7}) 
has been already used, duplicate ignored
<to be read again> 
                   \relax 
l.488         \State
                     Take gradient step on:
pdfTeX warning (ext4): destination with the same identifier (name{ALG@line.8}) 
has been already used, duplicate ignored
<to be read again> 
                   \relax 
l.490       \Until
                  {converged}
Underfull \vbox (badness 1824) has occurred while \output is active [236]
[237] [238] [239] [240] [241] [242] [243] [244]

Package fancyhdr Warning: \headheight is too small (14.4pt): 
(fancyhdr)                Make it at least 26.32425pt, for example:
(fancyhdr)                \setlength{\headheight}{26.32425pt}.
(fancyhdr)                You might also make \topmargin smaller:
(fancyhdr)                \addtolength{\topmargin}{-11.92426pt}.

[245] [246]

Package fancyhdr Warning: \headheight is too small (14.4pt): 
(fancyhdr)                Make it at least 26.32425pt, for example:
(fancyhdr)                \setlength{\headheight}{26.32425pt}.
(fancyhdr)                You might also make \topmargin smaller:
(fancyhdr)                \addtolength{\topmargin}{-11.92426pt}.

[247] [248]
Overfull \hbox (13.97963pt too wide) in paragraph at lines 1063--1065
\T1/lmr/m/n/10.95 (-20) where $\OML/lmm/m/it/10.95 ^^Y[]\OT1/lmr/m/n/10.95 (-20
) (\OT1/lmr/bx/n/10.95 (-20) x\OMS/lmsy/m/n/10.95 j\OT1/lmr/bx/n/10.95 (-20) c\
OT1/lmr/m/n/10.95 (-20) ) := \OML/lmm/m/it/10.95 p[]\OT1/lmr/m/n/10.95 (-20) (\
OT1/lmr/bx/n/10.95 (-20) x\OMS/lmsy/m/n/10.95 j\OT1/lmr/bx/n/10.95 (-20) c\OT1/
lmr/m/n/10.95 (-20) )$\T1/lmr/m/n/10.95 (-20) , and $\OML/lmm/m/it/10.95 Z\OT1/
lmr/m/n/10.95 (-20) (\OT1/lmr/bx/n/10.95 (-20) c\OT1/lmr/m/n/10.95 (-20) )$ \T1
/lmr/m/n/10.95 (-20) is the par-ti-tion func-tion en-sur-ing $[] \OML/lmm/m/it/
10.95 ^^Y[]\OT1/lmr/m/n/10.95 (-20) (\OT1/lmr/bx/n/10.95 (-20) x\OMS/lmsy/m/n/1
0.95 j\OT1/lmr/bx/n/10.95 (-20) c\OT1/lmr/m/n/10.95 (-20) ) []  d\OT1/lmr/bx/n/
10.95 (-20) x \OT1/lmr/m/n/10.95 (-20) =

Package fancyhdr Warning: \headheight is too small (14.4pt): 
(fancyhdr)                Make it at least 26.32425pt, for example:
(fancyhdr)                \setlength{\headheight}{26.32425pt}.
(fancyhdr)                You might also make \topmargin smaller:
(fancyhdr)                \addtolength{\topmargin}{-11.92426pt}.

[249] [250]

Package fancyhdr Warning: \headheight is too small (14.4pt): 
(fancyhdr)                Make it at least 26.32425pt, for example:
(fancyhdr)                \setlength{\headheight}{26.32425pt}.
(fancyhdr)                You might also make \topmargin smaller:
(fancyhdr)                \addtolength{\topmargin}{-11.92426pt}.

[251] [252]

Package fancyhdr Warning: \headheight is too small (14.4pt): 
(fancyhdr)                Make it at least 26.32425pt, for example:
(fancyhdr)                \setlength{\headheight}{26.32425pt}.
(fancyhdr)                You might also make \topmargin smaller:
(fancyhdr)                \addtolength{\topmargin}{-11.92426pt}.

[253] [254]) (./Chapter-7-Sophisticated-Solvers-for-Fast-Sampling.tex [255]
Chapter 9.
[256]
Overfull \hbox (8.45221pt too wide) in paragraph at lines 24--26
[]\T1/lmr/m/n/10.95 (-20) Concretely, sup-pose we have a pre-trained dif-fu-sio
n model $\OT1/lmr/bx/n/10.95 (-20) s[]\OT1/lmr/m/n/10.95 (-20) (\OT1/lmr/bx/n/1
0.95 (-20) x\OML/lmm/m/it/10.95 ; t\OT1/lmr/m/n/10.95 (-20) ) \OMS/lmsy/m/n/10.
95 ^^Y r[] [] \OML/lmm/m/it/10.95 p[]\OT1/lmr/m/n/10.95 (-20) (\OT1/lmr/bx/n/10
.95 (-20) x\OT1/lmr/m/n/10.95 (-20) )$
[257]
Overfull \hbox (1.7571pt too wide) in paragraph at lines 94--96
\T1/lmr/m/n/10.95 (-20) vates spe-cial-ized in-te-gra-tors (see dis-cus-sion ne
ar Equa-tion ([][]9.1.6[][]) be-low) ([]Hochbruck
[258] [259] [260]
Overfull \hbox (5.58119pt too wide) in paragraph at lines 236--237
\T1/lmr/m/n/10.95 (-20) fam-ily, in-clud-ing DPM-Solver ([]Lu \T1/lmr/m/it/10.9
5 (-20) et al.\T1/lmr/m/n/10.95 (-20) , [][]2022b[][]) (Sec-tion [][]9.4[][]), 
and DPM-Solver\T1/lmtt/m/n/10.95 ++ \T1/lmr/m/n/10.95 (-20) ([]Lu
[261] [262] [263] [264]
Underfull \vbox (badness 10000) has occurred while \output is active [265]
[266]
Underfull \vbox (badness 10000) has occurred while \output is active [267 <./Im
ages/PartB/Euler.pdf>] [268] [269] [270] [271]
Overfull \hbox (5.26273pt too wide) in paragraph at lines 744--746
\T1/lmr/m/n/10.95 (-20) This con-struc-tion re-moves any de-pen-dence on the fo
r-ward one-step ker-nel $\OML/lmm/m/it/10.95 p\OT1/lmr/m/n/10.95 (-20) (\OT1/lm
r/bx/n/10.95 (-20) x[]\OMS/lmsy/m/n/10.95 j\OT1/lmr/bx/n/10.95 (-20) x[]\OT1/lm
r/m/n/10.95 (-20) )$
[272] [273] [274] [275] [276] [277]
Underfull \vbox (badness 4001) has occurred while \output is active [278]
[279 <./Images/PartC/DEIS.pdf>] [280]
Overfull \hbox (26.71896pt too wide) in paragraph at lines 1486--1490
\T1/lmr/m/n/10.95 (-20) where $\OML/lmm/m/it/10.95 `[]$ \T1/lmr/m/n/10.95 (-20)
 is the La-grange ba-sis of de-gree $\OML/lmm/m/it/10.95 i[]\OT1/lmr/m/n/10.95 
(-20) 1$ \T1/lmr/m/n/10.95 (-20) built on the nodes at time $\OMS/lmsy/m/n/10.9
5 f\OML/lmm/m/it/10.95 t[]; t[]; [] ; t[]\OMS/lmsy/m/n/10.95 g$\T1/lmr/m/n/10.9
5 (-20) .
[281] [282]
Overfull \hbox (5.46278pt too wide) in paragraph at lines 1576--1577
\T1/lmr/m/n/10.95 (-20) The DPM-Solver fam-ily, in-clud-ing DPM-Solver ([]Lu \T
1/lmr/m/it/10.95 (-20) et al.\T1/lmr/m/n/10.95 (-20) , [][]2022b[][]), DPM-Solv
er\T1/lmtt/m/n/10.95 ++ \T1/lmr/m/n/10.95 (-20) ([]Lu
[283]
Underfull \vbox (badness 3302) has occurred while \output is active [284]
Overfull \hbox (7.00385pt too wide) in paragraph at lines 1659--1660
[] []\T1/lmss/bx/n/10.95 (-20) In-tu-ition of Why Repa-ram-e-ter-ize Time?[] \T
1/lmr/m/n/10.95 (-20) For strictly mono-tone $\OML/lmm/m/it/10.95 ^^U\OT1/lmr/m
/n/10.95 (-20) (\OML/lmm/m/it/10.95 t\OT1/lmr/m/n/10.95 (-20) )$\T1/lmr/m/n/10.
95 (-20) , the first^^Uorder
[285]

Package mdframed Warning: You got a bad break
(mdframed)                because the last box will be empty
(mdframed)                you have to change it manually
(mdframed)                by changing the text, the space
(mdframed)                or something else on input line 1741.

[286] [287]
pdfTeX warning (ext4): destination with the same identifier (name{ALG@line.1}) 
has been already used, duplicate ignored
<to be read again> 
                   \relax 
l.1833         \State
                      $\tilde\rvx_{t_0}\gets\rvx_T$
pdfTeX warning (ext4): destination with the same identifier (name{ALG@line.2}) 
has been already used, duplicate ignored
<to be read again> 
                   \relax 
l.1834         \For
                   {$i\gets 1$ to $M$}
pdfTeX warning (ext4): destination with the same identifier (name{ALG@line.3}) 
has been already used, duplicate ignored
<to be read again> 
                   \relax 
l.1835         \State
                      $h_i \gets \lambda_{t_i} - \lambda_{t_{i-1}}$
pdfTeX warning (ext4): destination with the same identifier (name{ALG@line.4}) 
has been already used, duplicate ignored
<to be read again> 
                   \relax 
l.1836         \State
                      $s_{i}^{\text{mid}} \gets t_{\lambda}\left(\tfrac{\lam...

pdfTeX warning (ext4): destination with the same identifier (name{ALG@line.5}) 
has been already used, duplicate ignored
<to be read again> 
                   \relax 
l.1837         \State
                     
pdfTeX warning (ext4): destination with the same identifier (name{ALG@line.6}) 
has been already used, duplicate ignored
<to be read again> 
                   \relax 
l.1839     \State
                   $\tilde\rvx_{t_{i}} \gets \tfrac{\alpha_{t_{i}}}{\alpha_{...

pdfTeX warning (ext4): destination with the same identifier (name{ALG@line.7}) 
has been already used, duplicate ignored
<to be read again> 
                   \relax 
l.1840         \EndFor
                      
pdfTeX warning (ext4): destination with the same identifier (name{ALG@line.8}) 
has been already used, duplicate ignored
<to be read again> 
                   \relax 
l.1841         \State
                      \Return $\tilde\rvx_{t_M}$ [288]
Underfull \vbox (badness 2418) has occurred while \output is active [289]
[290] [291] [292 <./Images/PartC/Heun.pdf>] [293] [294] [295]
pdfTeX warning (ext4): destination with the same identifier (name{ALG@line.1}) 
has been already used, duplicate ignored
<to be read again> 
                   \relax 
l.2192     \State
                  $\tilde\rvx_{t_0}\gets\rvx_T$;\quad $\lambda_{t_i}\gets \l...

pdfTeX warning (ext4): destination with the same identifier (name{ALG@line.2}) 
has been already used, duplicate ignored
<to be read again> 
                   \relax 
l.2193     \State
                  $\hat\rvx_0 \gets \hat{\rvx}_{\bphi^\times}(\tilde\rvx_{t_...

pdfTeX warning (ext4): destination with the same identifier (name{ALG@line.3}) 
has been already used, duplicate ignored
<to be read again> 
                   \relax 
l.2194     \For
               {$i\gets 1$ \textbf{to} $M$}
pdfTeX warning (ext4): destination with the same identifier (name{ALG@line.4}) 
has been already used, duplicate ignored
<to be read again> 
                   \relax 
l.2195         \State
                      $h_i \gets \lambda_{t_i}-\lambda_{t_{i-1}}$;\quad $s_i...

pdfTeX warning (ext4): destination with the same identifier (name{ALG@line.5}) 
has been already used, duplicate ignored
<to be read again> 
                   \relax 
l.2196         \State
                      $\rvu_i \gets \tfrac{\sigma_{s_i^{\text{mid}}}}{\sigma...

pdfTeX warning (ext4): destination with the same identifier (name{ALG@line.6}) 
has been already used, duplicate ignored
<to be read again> 
                   \relax 
l.2198         \State
                      $\rmD_i^{\mathrm{mid}} \gets \hat{\rvx}_{\bphi^\times}...

pdfTeX warning (ext4): destination with the same identifier (name{ALG@line.7}) 
has been already used, duplicate ignored
<to be read again> 
                   \relax 
l.2199         \State
                      $\tilde\rvx_{t_i} \gets \tfrac{\sigma_{t_i}}{\sigma_{t...

pdfTeX warning (ext4): destination with the same identifier (name{ALG@line.8}) 
has been already used, duplicate ignored
<to be read again> 
                   \relax 
l.2201         \State
                      $\hat\rvx_i \gets \hat{\rvx}_{\bphi^\times}(\tilde\rvx...

pdfTeX warning (ext4): destination with the same identifier (name{ALG@line.9}) 
has been already used, duplicate ignored
<to be read again> 
                   \relax 
l.2202     \EndFor
                   [296] [297] [298]
pdfTeX warning (ext4): destination with the same identifier (name{ALG@line.1}) 
has been already used, duplicate ignored
<to be read again> 
                   \relax 
l.2372     \State
                  $\tilde\rvx_{t_0}\gets\rvx_T$;\quad $\lambda_{t_i}\gets \l...

pdfTeX warning (ext4): destination with the same identifier (name{ALG@line.2}) 
has been already used, duplicate ignored
<to be read again> 
                   \relax 
l.2373     \State
                  $\hat\rvx_0 \gets \hat{\rvx}_{\bphi^\times}(\tilde\rvx_{t_...

pdfTeX warning (ext4): destination with the same identifier (name{ALG@line.3}) 
has been already used, duplicate ignored
<to be read again> 
                   \relax 
l.2375     \State
                  $\tilde\rvx_{t_1} \gets \tfrac{\sigma_{t_1}}{\sigma_{t_0}}...

pdfTeX warning (ext4): destination with the same identifier (name{ALG@line.4}) 
has been already used, duplicate ignored
<to be read again> 
                   \relax 
l.2377     \State
                  $\hat\rvx_1 \gets \hat{\rvx}_{\bphi^\times}(\tilde\rvx_{t_...

pdfTeX warning (ext4): destination with the same identifier (name{ALG@line.5}) 
has been already used, duplicate ignored
<to be read again> 
                   \relax 
l.2379     \For
               {$i\gets 2$ \textbf{to} $M$}
pdfTeX warning (ext4): destination with the same identifier (name{ALG@line.6}) 
has been already used, duplicate ignored
<to be read again> 
                   \relax 
l.2380         \State
                      $r_i \gets h_i/h_{i-1}$ \Comment step ratio
pdfTeX warning (ext4): destination with the same identifier (name{ALG@line.7}) 
has been already used, duplicate ignored
<to be read again> 
                   \relax 
l.2381         \State
                      $\rmD_i^{\mathrm{sim}} \gets \Big(1+\tfrac12 r_i\Big)\...

pdfTeX warning (ext4): destination with the same identifier (name{ALG@line.8}) 
has been already used, duplicate ignored
<to be read again> 
                   \relax 
l.2382         \State
                      $\tilde\rvx_{t_i} \gets \tfrac{\sigma_{t_i}}{\sigma_{t...

pdfTeX warning (ext4): destination with the same identifier (name{ALG@line.9}) 
has been already used, duplicate ignored
<to be read again> 
                   \relax 
l.2384         \State
                      $\hat\rvx_i \gets \hat{\rvx}_{\bphi^\times}(\tilde\rvx...

pdfTeX warning (ext4): destination with the same identifier (name{ALG@line.10})
 has been already used, duplicate ignored
<to be read again> 
                   \relax 
l.2385     \EndFor
                   [299] [300] [301]
Overfull \hbox (21.52835pt too wide) in paragraph at lines 2448--2451
[]\T1/lmr/m/n/10.95 (-20) We high-light two rep-re-sen-ta-tive ex-am-ples in Ta
-ble [][]9.1[][]: the DDIM and DPM^^USolver^^U2
[302] [303] [304]
Overfull \hbox (5.70105pt too wide) in paragraph at lines 3108--3109
[]\T1/lmr/m/n/10.95 (-20) In this sec-tion, we turn to the \T1/lmr/m/it/10.95 (
-20) time^^Uparallel \T1/lmr/m/n/10.95 (-20) ap-proach, ex-em-pli-fied by \T1/l
mr/m/it/10.95 (-20) ParaDiGMS\T1/lmr/m/n/10.95 (-20) ,
[305] [306]
Underfull \hbox (badness 1515) in paragraph at lines 3220--3220
\T1/lmr/m/n/9 (+20) ward, based on the er-ror
[307 <./Images/PartC/paradigm-1.pdf> <./Images/PartC/paradigm-2.pdf

pdfTeX warning: pdflatex (file ./Images/PartC/paradigm-2.pdf): PDF inclusion: m
ultiple pdfs with page group included in a single page
> <./Images/PartC/paradigm-3.pdf

pdfTeX warning: pdflatex (file ./Images/PartC/paradigm-3.pdf): PDF inclusion: m
ultiple pdfs with page group included in a single page
>]
Overfull \hbox (19.12971pt too wide) in paragraph at lines 3261--3264
[] [] \T1/lmss/bx/n/10.95 (-20) Step 3. Progress Con-trol and Win-dow Ad-vance.
[] \T1/lmr/m/n/10.95 (-20) Hav-ing formed the left^^Uanchored

pdfTeX warning (ext4): destination with the same identifier (name{ALG@line.1}) 
has been already used, duplicate ignored
<to be read again> 
                   \relax 
l.3310     \State
                  $k \gets 0$, $\ell \gets 0$
pdfTeX warning (ext4): destination with the same identifier (name{ALG@line.2}) 
has been already used, duplicate ignored
<to be read again> 
                   \relax 
l.3311     \State
                  Sample $\rvx^{(0)}_0 \sim p_{\mathrm{prior}}$; set $\rvx^{...

pdfTeX warning (ext4): destination with the same identifier (name{ALG@line.3}) 
has been already used, duplicate ignored
<to be read again> 
                   \relax 
l.3312     \While
                 {$\ell < M$}
pdfTeX warning (ext4): destination with the same identifier (name{ALG@line.4}) 
has been already used, duplicate ignored
<to be read again> 
                   \relax 
l.3313       \State
                    $J \gets \min(p,  M-\ell)$   \Comment{current window len...

pdfTeX warning (ext4): destination with the same identifier (name{ALG@line.5}) 
has been already used, duplicate ignored
<to be read again> 
                   \relax 
l.3314       \State
                    \textbfs{Step 1: Parallel}
pdfTeX warning (ext4): destination with the same identifier (name{ALG@line.6}) 
has been already used, duplicate ignored
<to be read again> 
                   \relax 
l.3315       \State
                    For $i=0,\ldots,J-1$: $g_i \gets \rvv_{\bphi^\times} \bi...

pdfTeX warning (ext4): destination with the same identifier (name{ALG@line.7}) 
has been already used, duplicate ignored
<to be read again> 
                   \relax 
l.3317       \State
                    Compute prefix sums $S_j \gets \sum_{i=0}^{j} g_i$ for $...

pdfTeX warning (ext4): destination with the same identifier (name{ALG@line.8}) 
has been already used, duplicate ignored
<to be read again> 
                   \relax 
l.3319       \State
                    \textbfs{Step 2: Cumulative Updates}
pdfTeX warning (ext4): destination with the same identifier (name{ALG@line.9}) 
has been already used, duplicate ignored
<to be read again> 
                   \relax 
l.3320       \State
                    For $j=0,\ldots,J-1$: $\displaystyle \rvx^{(k+1)}_{\ell+...

pdfTeX warning (ext4): destination with the same identifier (name{ALG@line.10})
 has been already used, duplicate ignored
<to be read again> 
                   \relax 
l.3322       \State
                    \textbfs{Step 3: Progress Control and Window Advance}
pdfTeX warning (ext4): destination with the same identifier (name{ALG@line.11})
 has been already used, duplicate ignored
<to be read again> 
                   \relax 
l.3323       \State
                    For $j=1,\ldots,J-1$: $\mathtt{error}_j \gets \big\|\rvx...
[308] [309] [310] [311]) [312]
(./Chapter-8-Post-Training-Methods-for-Fast-Sampling.tex
Chapter 10.
[313] [314] [315] [316] [317] [318] [319] [320]
Overfull \hbox (11.47522pt too wide) in paragraph at lines 397--400
[] []\T1/lmss/bx/n/10.95 (-20) VSD for 3D Gen-er-a-tion Us-ing Only a 2D pre--t
rained Dif-fu-sion Model.[] \T1/lmr/m/n/10.95 (-20) VSD ([]Wang
[321]
Overfull \hbox (9.2261pt too wide) in paragraph at lines 464--465
\T1/lmr/m/n/10.95 (-20) In this sec-tion, we fix DDIM in the $\OT1/lmr/bx/n/10.
95 (-20) x$\T1/lmr/m/n/10.95 (-20) -prediction pa-ram-e-ter-i-za-tion as the ti
me^^Ustepping
[322 <./Images/PartD/PD.pdf>]
Underfull \vbox (badness 10000) has occurred while \output is active [323]
[324] [325] [326] [327] [328])
(./Chapter-9-Learning-Fast-Generator-from-Scratch.tex
Chapter 11.
[329] [330] [331] [332 <./Images/PartD/flow-map.pdf>] [333]
Underfull \vbox (badness 3158) has occurred while \output is active [334]
[335] [336 <./Images/PartD/semigroup.pdf>] [337] [338] [339]
Underfull \vbox (badness 3895) has occurred while \output is active [340]
Overfull \hbox (2.2714pt too wide) in paragraph at lines 611--614
\T1/lmr/m/n/10.95 (-20) and use the neu-ral net-work pa-ram-e-ter-i-za-tion pro
-posed therein (cf. Equa-tion ([][]D.6.1[][])): 
[341]
pdfTeX warning (ext4): destination with the same identifier (name{ALG@line.1}) 
has been already used, duplicate ignored
<to be read again> 
                   \relax 
l.667         \If
                 {one-step}
pdfTeX warning (ext4): destination with the same identifier (name{ALG@line.2}) 
has been already used, duplicate ignored
<to be read again> 
                   \relax 
l.668             \State
                         $\rvx \leftarrow \rvf_{\bm{\theta}^\times}(\hat{\rv...

pdfTeX warning (ext4): destination with the same identifier (name{ALG@line.3}) 
has been already used, duplicate ignored
<to be read again> 
                   \relax 
l.669         \Else
                   
pdfTeX warning (ext4): destination with the same identifier (name{ALG@line.4}) 
has been already used, duplicate ignored
<to be read again> 
                   \relax 
l.670             \State
                         $\rvx \leftarrow \rvf_{\bm{\theta}^\times}(\hat{\rv...

pdfTeX warning (ext4): destination with the same identifier (name{ALG@line.5}) 
has been already used, duplicate ignored
<to be read again> 
                   \relax 
l.671             \For
                      {$m=1$ \textbf{to} $M-1$}
pdfTeX warning (ext4): destination with the same identifier (name{ALG@line.6}) 
has been already used, duplicate ignored
<to be read again> 
                   \relax 
l.672                 \State
                             Sample $\bm{\epsilon} \sim \mathcal{N}(\bm{0}, ...

pdfTeX warning (ext4): destination with the same identifier (name{ALG@line.7}) 
has been already used, duplicate ignored
<to be read again> 
                   \relax 
l.673                 \State
                             $\hat{\rvx}_{\tau_m} \leftarrow \alpha_{\tau_m}...

pdfTeX warning (ext4): destination with the same identifier (name{ALG@line.8}) 
has been already used, duplicate ignored
<to be read again> 
                   \relax 
l.674                 \State
                             $\rvx \leftarrow \rvf_{\bm{\theta}^\times}(\hat...

pdfTeX warning (ext4): destination with the same identifier (name{ALG@line.9}) 
has been already used, duplicate ignored
<to be read again> 
                   \relax 
l.675             \EndFor
                         
pdfTeX warning (ext4): destination with the same identifier (name{ALG@line.10})
 has been already used, duplicate ignored
<to be read again> 
                   \relax 
l.676         \EndIf
                     [342] [343] [344] [345]
Overfull \hbox (3.5047pt too wide) in paragraph at lines 881--885
\T1/lmr/m/n/10.95 (-20) We de-note the re-sult-ing ob-jec-tive as $\OMS/lmsy/m/
n/10.95 L[]\OT1/lmr/m/n/10.95 (-20) (\OML/lmm/b/it/10.95 ^^R\OML/lmm/m/it/10.95
 ; \OML/lmm/b/it/10.95 ^^R[]\OT1/lmr/m/n/10.95 (-20) ; \OML/lmm/b/it/10.95 ^^^[
]\OT1/lmr/m/n/10.95 (-20) )$\T1/lmr/m/n/10.95 (-20) . Ac-cord-ingly, Propo-si-t
ion [][]11.3.1[][]
[346] [347] [348] [349] [350]
pdfTeX warning (ext4): destination with the same identifier (name{ALG@line.1}) 
has been already used, duplicate ignored
<to be read again> 
                   \relax 
l.1148 \State
              \textbfs{Init:} $\bm{\theta} \gets \bm{\theta}_{\text{pretrain...

pdfTeX warning (ext4): destination with the same identifier (name{ALG@line.2}) 
has been already used, duplicate ignored
<to be read again> 
                   \relax 
l.1149 \Repeat
              
pdfTeX warning (ext4): destination with the same identifier (name{ALG@line.3}) 
has been already used, duplicate ignored
<to be read again> 
                   \relax 
l.1150     \State
                  $\rvx_0 \sim \mathcal{D}$, $\mathbf{z} \sim \mathcal{N}(\b...

pdfTeX warning (ext4): destination with the same identifier (name{ALG@line.4}) 
has been already used, duplicate ignored
<to be read again> 
                   \relax 
l.1151     \State
                  $\rvx_s \gets \cos(s) \rvx_0 + \sin(s) \mathbf{z}$
pdfTeX warning (ext4): destination with the same identifier (name{ALG@line.5}) 
has been already used, duplicate ignored
<to be read again> 
                   \relax 
l.1152     \If
              {consistency training}
pdfTeX warning (ext4): destination with the same identifier (name{ALG@line.6}) 
has been already used, duplicate ignored
<to be read again> 
                   \relax 
l.1153         \State
                      $\frac{\diff\rvx_s}{\diff s} \gets \cos(s) \mathbf{z} ...

pdfTeX warning (ext4): destination with the same identifier (name{ALG@line.7}) 
has been already used, duplicate ignored
<to be read again> 
                   \relax 
l.1154     \Else
                
pdfTeX warning (ext4): destination with the same identifier (name{ALG@line.8}) 
has been already used, duplicate ignored
<to be read again> 
                   \relax 
l.1155         \State
                      $\frac{\diff\rvx_s}{\diff s} \gets \sigma_{\mathrm{d}}...

pdfTeX warning (ext4): destination with the same identifier (name{ALG@line.9}) 
has been already used, duplicate ignored
<to be read again> 
                   \relax 
l.1156     \EndIf
                 
pdfTeX warning (ext4): destination with the same identifier (name{ALG@line.10})
 has been already used, duplicate ignored
<to be read again> 
                   \relax 
l.1157     \State
                  $r \gets \min\left(1, \frac{\text{Iters}}{H}\right)$ \hfil...

pdfTeX warning (ext4): destination with the same identifier (name{ALG@line.11})
 has been already used, duplicate ignored
<to be read again> 
                   \relax 
l.1158     \State
                  $\rvw \gets - \cos^2(s) (\sigma_{\mathrm{d}} \mathbf{F}_{\...

pdfTeX warning (ext4): destination with the same identifier (name{ALG@line.12})
 has been already used, duplicate ignored
<to be read again> 
                   \relax 
l.1159     \State
                  $\rvw \gets \frac{\rvw}{\|\rvw\| + c}$ \hfill \Comment{ Ta...

pdfTeX warning (ext4): destination with the same identifier (name{ALG@line.13})
 has been already used, duplicate ignored
<to be read again> 
                   \relax 
l.1160     \State
                  $\mathcal{L}_{\text{sCM}}(\bm{\theta}, \boldsymbol{\varphi...

pdfTeX warning (ext4): destination with the same identifier (name{ALG@line.14})
 has been already used, duplicate ignored
<to be read again> 
                   \relax 
l.1162     \State
                  $(\bm{\theta}, \boldsymbol{\varphi}) \gets (\bm{\theta}, \...

pdfTeX warning (ext4): destination with the same identifier (name{ALG@line.15})
 has been already used, duplicate ignored
<to be read again> 
                   \relax 
l.1163     \State
                  Iters $\gets$ Iters + 1
pdfTeX warning (ext4): destination with the same identifier (name{ALG@line.16})
 has been already used, duplicate ignored
<to be read again> 
                   \relax 
l.1164 \Until
             {convergence} [351] [352] [353] [354] [355] [356] [357 <./Images/P
artD/ctm-target.pdf>]
pdfTeX warning (ext4): destination with the same identifier (name{ALG@line.1}) 
has been already used, duplicate ignored
<to be read again> 
                   \relax 
l.1628     \State
                  Start from $\mathbf{x}_{\tau_{0}}\sim p_{\mathrm{prior}}=\...

pdfTeX warning (ext4): destination with the same identifier (name{ALG@line.2}) 
has been already used, duplicate ignored
<to be read again> 
                   \relax 
l.1629         \For
                   {$n=0$ to $M-1$}
pdfTeX warning (ext4): destination with the same identifier (name{ALG@line.3}) 
has been already used, duplicate ignored
<to be read again> 
                   \relax 
l.1630         \State
                      $\tilde{\tau}_{n+1}\leftarrow \sqrt{1-\gamma^{2}}\tau_...

pdfTeX warning (ext4): destination with the same identifier (name{ALG@line.4}) 
has been already used, duplicate ignored
<to be read again> 
                   \relax 
l.1631         \State
                      Denoise $\mathbf{x}_{\tilde{\tau}_{n+1}}\leftarrow \ma...

pdfTeX warning (ext4): destination with the same identifier (name{ALG@line.5}) 
has been already used, duplicate ignored
<to be read again> 
                   \relax 
l.1632         \State
                      Diffuse $\mathbf{x}_{\tau_{n+1}}\leftarrow\mathbf{x}_{...

pdfTeX warning (ext4): destination with the same identifier (name{ALG@line.6}) 
has been already used, duplicate ignored
<to be read again> 
                   \relax 
l.1633         \EndFor
                      
Underfull \vbox (badness 3460) has occurred while \output is active [358]
[359 <./Images/PartD/ctm_gamma.pdf>] [360] [361] [362] [363] [364] [365]
[366] [367] [368 <./Images/PartD/lagrangian-1.pdf> <./Images/PartD/lagrangian-2
.pdf

pdfTeX warning: pdflatex (file ./Images/PartD/lagrangian-2.pdf): PDF inclusion:
 multiple pdfs with page group included in a single page
>] [369 <./Images/PartD/eulerian-1.pdf> <./Images/PartD/eulerian-2.pdf

pdfTeX warning: pdflatex (file ./Images/PartD/eulerian-2.pdf): PDF inclusion: m
ultiple pdfs with page group included in a single page
>]
Overfull \hbox (22.80934pt too wide) detected at line 2146
\OT1/lmr/bx/n/10.95 	[]\OT1/lmr/m/n/10.95 (\OT1/lmr/bx/n/10.95 x[]\OT1/lmr/m/n/
10.95 ) = \OT1/lmr/bx/n/10.95 	[]\OT1/lmr/m/n/10.95 (\OT1/lmr/bx/n/10.95 x[]\OT
1/lmr/m/n/10.95 ) \OMS/lmsy/m/n/10.95 ^^@ \OT1/lmr/m/n/10.95 ^^A\OML/lmm/m/it/1
0.95 s []@[]\OT1/lmr/bx/n/10.95 	[][]\OT1/lmr/m/n/10.95 (\OT1/lmr/bx/n/10.95 x[
]\OT1/lmr/m/n/10.95 )\OT1/lmr/bx/n/10.95 v[]\OT1/lmr/m/n/10.95 (\OT1/lmr/bx/n/1
0.95 x[]\OML/lmm/m/it/10.95 ; s\OT1/lmr/m/n/10.95 ) \OMS/lmsy/m/n/10.95 ^^@ \OT
1/lmr/m/n/10.95 ^^A\OML/lmm/m/it/10.95 s @[]\OT1/lmr/bx/n/10.95 	[]\OT1/lmr/m/n
/10.95 (\OT1/lmr/bx/n/10.95 x[]\OT1/lmr/m/n/10.95 ) + \OMS/lmsy/m/n/10.95 O[]\O
T1/lmr/m/n/10.95 (^^A\OML/lmm/m/it/10.95 s\OT1/lmr/m/n/10.95 )[][]\OML/lmm/m/it
/10.95 :
[370] [371]) [372] (./Chapter-10-Epilogue-and-Outlook.tex
Chapter 12.
[373] [374] [375 <./Images/appendix/vector_field_only.pdf> <./Images/appendix/p
article_cloud.pdf> <./Images/appendix/vector_field_with_density.pdf>] [376]
[377] [378] [379] [380] [381 <./Images/PartE/fig_notation_overview.pdf>]
[382] [383] [384 <./Images/PartE/ctmc_trajectory.pdf>] [385] [386 <./Images/Par
tE/masked_vs_uniform_diffusion.pdf>] [387] [388] [389]
Overfull \hbox (3.32158pt too wide) in paragraph at lines 771--779
[]\T1/lmr/m/n/10.95 (-20) This clean-state parametriza-tion is com-mon in multi
nomial/D3PM-style discrete-
[390]
Overfull \hbox (5.91972pt too wide) in paragraph at lines 835--842
[] [] \T1/lmss/bx/n/10.95 (-20) The Ra-tio as a Dis-crete Ana-logue of the Scor
e.[] \T1/lmr/m/n/10.95 (-20) Now in-spect Equa-tion ([][]12.2.7[][]).
[391] [392] [393]
Underfull \hbox (badness 1742) in paragraph at lines 970--971
[]|\T1/lmr/m/n/7 (+20) Transition-matrix prop-a-ga-tion or mas-ter

Overfull \hbox (4.64502pt too wide) in paragraph at lines 951--1003
 [][] 
[394] [395] [396]) [397] (./A_Crash-Course-of-DE.tex [398]
Appendix A.
[399] [400 <./Images/PartE/discrete_vs_continuous_ode.pdf>] [401] [402]
[403] [404] [405] [406] [407] [408] [409]
Overfull \hbox (1.79828pt too wide) in paragraph at lines 368--369
[] []\T1/lmss/bx/n/10.95 (-20) Stochas-tic Dif-fer-en-tial Equa-tions.[] \T1/lm
r/m/n/10.95 (-20) For-mally, the limit of the dis-crete up-date Equa-
[410] [411] [412]) (./B_Continuity-Equation.tex [413]
Appendix B.
[414]

Package hyperref Warning: Token not allowed in a PDF string (Unicode):
(hyperref)                removing `\\' on input line 87.


Package fancyhdr Warning: \headheight is too small (14.4pt): 
(fancyhdr)                Make it at least 26.32425pt, for example:
(fancyhdr)                \setlength{\headheight}{26.32425pt}.
(fancyhdr)                You might also make \topmargin smaller:
(fancyhdr)                \addtolength{\topmargin}{-11.92426pt}.

[415] [416]

Package fancyhdr Warning: \headheight is too small (14.4pt): 
(fancyhdr)                Make it at least 26.32425pt, for example:
(fancyhdr)                \setlength{\headheight}{26.32425pt}.
(fancyhdr)                You might also make \topmargin smaller:
(fancyhdr)                \addtolength{\topmargin}{-11.92426pt}.

[417]
Overfull \hbox (13.12074pt too wide) detected at line 221
[]
[418]

Package fancyhdr Warning: \headheight is too small (14.4pt): 
(fancyhdr)                Make it at least 26.32425pt, for example:
(fancyhdr)                \setlength{\headheight}{26.32425pt}.
(fancyhdr)                You might also make \topmargin smaller:
(fancyhdr)                \addtolength{\topmargin}{-11.92426pt}.

[419] [420]
Overfull \hbox (47.15231pt too wide) in paragraph at lines 339--342
\T1/lmr/m/it/10.95 (-20) Why? \T1/lmr/m/n/10.95 (-20) By Equa-tion ([][]B.1.1[]
[]) writ-ten in the orig-i-nal co-or-di-nates, $\OML/lmm/m/it/10.95 p[]\OT1/lmr
/m/n/10.95 (-20) (\OT1/lmr/bx/n/10.95 (-20) x[]\OT1/lmr/m/n/10.95 (-20) ) = \OM
L/lmm/m/it/10.95 p[]\OT1/lmr/m/n/10.95 (-20) (\OT1/lmr/bx/n/10.95 (-20) x[]\OT1
/lmr/m/n/10.95 (-20) )  []  [][][]$\T1/lmr/m/n/10.95 (-20) ,

Package fancyhdr Warning: \headheight is too small (14.4pt): 
(fancyhdr)                Make it at least 26.32425pt, for example:
(fancyhdr)                \setlength{\headheight}{26.32425pt}.
(fancyhdr)                You might also make \topmargin smaller:
(fancyhdr)                \addtolength{\topmargin}{-11.92426pt}.

[421] [422]
Overfull \hbox (7.89894pt too wide) detected at line 441
[]

Package fancyhdr Warning: \headheight is too small (14.4pt): 
(fancyhdr)                Make it at least 26.32425pt, for example:
(fancyhdr)                \setlength{\headheight}{26.32425pt}.
(fancyhdr)                You might also make \topmargin smaller:
(fancyhdr)                \addtolength{\topmargin}{-11.92426pt}.

[423] [424] [425]
Overfull \hbox (22.98817pt too wide) detected at line 585
[][]   [][] []\OML/lmm/m/it/10.95 P\OT1/lmr/m/n/10.95 (\OML/lmm/m/it/10.95 b; y
; z\OT1/lmr/m/n/10.95 ) \OMS/lmsy/m/n/10.95 ^^@ \OML/lmm/m/it/10.95 P\OT1/lmr/m
/n/10.95 (\OML/lmm/m/it/10.95 a; y; z\OT1/lmr/m/n/10.95 )[]  []  d\OML/lmm/m/it
/10.95 y  []  \OT1/lmr/m/n/10.95 d\OML/lmm/m/it/10.95 z  []  [][]   [][]   [][]
 []\OT1/lmr/m/n/10.95 (\OML/lmm/m/it/10.95 x; y; z\OT1/lmr/m/n/10.95 )  []  d\O
ML/lmm/m/it/10.95 x  []  \OT1/lmr/m/n/10.95 d\OML/lmm/m/it/10.95 y  []  \OT1/lm
r/m/n/10.95 d\OML/lmm/m/it/10.95 z  \OT1/lmr/m/n/10.95 =  [][] []  []  d\OML/lm
m/m/it/10.95 V:
[426]
Overfull \hbox (100.48482pt too wide) detected at line 620
[]
[427]
Overfull \hbox (7.09067pt too wide) in paragraph at lines 698--703
[]\T1/lmr/m/n/10.95 (-20) Throughout this op-tional sec-tion, $\OML/lmm/m/it/10
.95 ^^\$ \T1/lmr/m/n/10.95 (-20) de-notes \T1/lmr/m/it/10.95 (-20) train-ing ti
me\T1/lmr/m/n/10.95 (-20) : an ide-al-ized continuous-
[428] [429] [430] [431] [432]) (./C_SDE-and-Ito.tex
Appendix C.

Package hyperref Warning: Token not allowed in a PDF string (Unicode):
(hyperref)                removing `\\' on input line 1.

[433]

Package fancyhdr Warning: \headheight is too small (14.4pt): 
(fancyhdr)                Make it at least 26.32425pt, for example:
(fancyhdr)                \setlength{\headheight}{26.32425pt}.
(fancyhdr)                You might also make \topmargin smaller:
(fancyhdr)                \addtolength{\topmargin}{-11.92426pt}.

[434] [435]

Package fancyhdr Warning: \headheight is too small (14.4pt): 
(fancyhdr)                Make it at least 26.32425pt, for example:
(fancyhdr)                \setlength{\headheight}{26.32425pt}.
(fancyhdr)                You might also make \topmargin smaller:
(fancyhdr)                \addtolength{\topmargin}{-11.92426pt}.

[436] [437]

Package fancyhdr Warning: \headheight is too small (14.4pt): 
(fancyhdr)                Make it at least 26.32425pt, for example:
(fancyhdr)                \setlength{\headheight}{26.32425pt}.
(fancyhdr)                You might also make \topmargin smaller:
(fancyhdr)                \addtolength{\topmargin}{-11.92426pt}.

[438] [439]

Package fancyhdr Warning: \headheight is too small (14.4pt): 
(fancyhdr)                Make it at least 26.32425pt, for example:
(fancyhdr)                \setlength{\headheight}{26.32425pt}.
(fancyhdr)                You might also make \topmargin smaller:
(fancyhdr)                \addtolength{\topmargin}{-11.92426pt}.

[440] [441]

Package fancyhdr Warning: \headheight is too small (14.4pt): 
(fancyhdr)                Make it at least 26.32425pt, for example:
(fancyhdr)                \setlength{\headheight}{26.32425pt}.
(fancyhdr)                You might also make \topmargin smaller:
(fancyhdr)                \addtolength{\topmargin}{-11.92426pt}.

[442] [443]

Package fancyhdr Warning: \headheight is too small (14.4pt): 
(fancyhdr)                Make it at least 26.32425pt, for example:
(fancyhdr)                \setlength{\headheight}{26.32425pt}.
(fancyhdr)                You might also make \topmargin smaller:
(fancyhdr)                \addtolength{\topmargin}{-11.92426pt}.

[444]) (./D_Proofs.tex [445]
Appendix D.
[446] [447]
Overfull \hbox (10.24936pt too wide) detected at line 198
[]

Overfull \hbox (15.41023pt too wide) detected at line 212
[]
[448] [449] [450] [451] [452] [453] [454] [455] [456]
Overfull \hbox (32.47647pt too wide) detected at line 695
[]
[457] [458] [459] [460] [461] [462] [463] [464] [465] [466] [467] [468]
[469] [470] [471]) [472] [473] [474] [475] [476] [477] [478] [479] [480]
[481] [482]
Overfull \hbox (1.82469pt too wide) in paragraph at lines 466--466
[][]\T1/lmr/m/n/10.95 (-20) Sun, H., L. Yu, B. Dai, D. Schu-ur-mans, and H. Dai
. (2023). ^^P  Score-based Continuous-
[483] [484]
Overfull \hbox (7.02348pt too wide) in paragraph at lines 466--466
\T1/lmr/m/n/10.95 (-20) free energy-guided con-di-tional dif-fu-sion model^^Q. 
In: \T1/lmr/m/it/10.95 (-20) Pro-ceed-ings of the IEEE/CVF
[485] 
enddocument/afterlastpage (AED): lastpage setting LastPage.
(build/main_v2.aux)

LaTeX Font Warning: Size substitutions with differences
(Font)              up to 1.0pt have occurred.


LaTeX Font Warning: Some font shapes were not available, defaults substituted.

 )
(see the transcript file for additional information)</usr/local/texlive/2026/te
xmf-dist/fonts/type1/public/lm/lmbsy10.pfb></usr/local/texlive/2026/texmf-dist/
fonts/type1/public/lm/lmbsy7.pfb></usr/local/texlive/2026/texmf-dist/fonts/type
1/public/lm/lmbx10.pfb></usr/local/texlive/2026/texmf-dist/fonts/type1/public/l
m/lmbx12.pfb></usr/local/texlive/2026/texmf-dist/fonts/type1/public/lm/lmbx5.pf
b></usr/local/texlive/2026/texmf-dist/fonts/type1/public/lm/lmbx6.pfb></usr/loc
al/texlive/2026/texmf-dist/fonts/type1/public/lm/lmbx7.pfb></usr/local/texlive/
2026/texmf-dist/fonts/type1/public/lm/lmbx8.pfb></usr/local/texlive/2026/texmf-
dist/fonts/type1/public/lm/lmbx9.pfb></usr/local/texlive/2026/texmf-dist/fonts/
type1/public/lm/lmcsc10.pfb></usr/local/texlive/2026/texmf-dist/fonts/type1/pub
lic/lm/lmex10.pfb></usr/local/texlive/2026/texmf-dist/fonts/type1/public/lm/lmm
i10.pfb></usr/local/texlive/2026/texmf-dist/fonts/type1/public/lm/lmmi5.pfb></u
sr/local/texlive/2026/texmf-dist/fonts/type1/public/lm/lmmi6.pfb></usr/local/te
xlive/2026/texmf-dist/fonts/type1/public/lm/lmmi7.pfb></usr/local/texlive/2026/
texmf-dist/fonts/type1/public/lm/lmmi8.pfb></usr/local/texlive/2026/texmf-dist/
fonts/type1/public/lm/lmmi9.pfb></usr/local/texlive/2026/texmf-dist/fonts/type1
/public/lm/lmmib10.pfb></usr/local/texlive/2026/texmf-dist/fonts/type1/public/l
m/lmmib5.pfb></usr/local/texlive/2026/texmf-dist/fonts/type1/public/lm/lmmib7.p
fb></usr/local/texlive/2026/texmf-dist/fonts/type1/public/lm/lmr10.pfb></usr/lo
cal/texlive/2026/texmf-dist/fonts/type1/public/lm/lmr5.pfb></usr/local/texlive/
2026/texmf-dist/fonts/type1/public/lm/lmr6.pfb></usr/local/texlive/2026/texmf-d
ist/fonts/type1/public/lm/lmr7.pfb></usr/local/texlive/2026/texmf-dist/fonts/ty
pe1/public/lm/lmr8.pfb></usr/local/texlive/2026/texmf-dist/fonts/type1/public/l
m/lmr9.pfb></usr/local/texlive/2026/texmf-dist/fonts/type1/public/lm/lmri10.pfb
></usr/local/texlive/2026/texmf-dist/fonts/type1/public/lm/lmri9.pfb></usr/loca
l/texlive/2026/texmf-dist/fonts/type1/public/lm/lmro10.pfb></usr/local/texlive/
2026/texmf-dist/fonts/type1/public/lm/lmro8.pfb></usr/local/texlive/2026/texmf-
dist/fonts/type1/public/lm/lmss10.pfb></usr/local/texlive/2026/texmf-dist/fonts
/type1/public/lm/lmss12.pfb></usr/local/texlive/2026/texmf-dist/fonts/type1/pub
lic/lm/lmssbo10.pfb></usr/local/texlive/2026/texmf-dist/fonts/type1/public/lm/l
mssbx10.pfb></usr/local/texlive/2026/texmf-dist/fonts/type1/public/lm/lmsso10.p
fb></usr/local/texlive/2026/texmf-dist/fonts/type1/public/lm/lmsy10.pfb></usr/l
ocal/texlive/2026/texmf-dist/fonts/type1/public/lm/lmsy5.pfb></usr/local/texliv
e/2026/texmf-dist/fonts/type1/public/lm/lmsy6.pfb></usr/local/texlive/2026/texm
f-dist/fonts/type1/public/lm/lmsy7.pfb></usr/local/texlive/2026/texmf-dist/font
s/type1/public/lm/lmsy8.pfb></usr/local/texlive/2026/texmf-dist/fonts/type1/pub
lic/lm/lmsy9.pfb></usr/local/texlive/2026/texmf-dist/fonts/type1/public/lm/lmtk
10.pfb></usr/local/texlive/2026/texmf-dist/fonts/type1/public/lm/lmtt10.pfb></u
sr/local/texlive/2026/texmf-dist/fonts/type1/public/lm/lmtt9.pfb></usr/local/te
xlive/2026/texmf-dist/fonts/type1/public/lm/lmtti10.pfb></usr/local/texlive/202
6/texmf-dist/fonts/type1/public/lm/lmtto10.pfb></usr/local/texlive/2026/texmf-d
ist/fonts/type1/public/amsfonts/symbols/msam10.pfb></usr/local/texlive/2026/tex
mf-dist/fonts/type1/public/amsfonts/symbols/msam5.pfb></usr/local/texlive/2026/
texmf-dist/fonts/type1/public/amsfonts/symbols/msbm10.pfb></usr/local/texlive/2
026/texmf-dist/fonts/type1/public/amsfonts/symbols/msbm7.pfb></usr/local/texliv
e/2026/texmf-dist/fonts/type1/public/stmaryrd/stmary10.pfb>
Output written on build/main_v2.pdf (490 pages, 19028966 bytes).
Transcript written on build/main_v2.log.
Latexmk: Getting log file 'build/main_v2.log'
Latexmk: Examining 'build/main_v2.fls'
Latexmk: Examining 'build/main_v2.log'
Latexmk: Found input bbl file 'build/main_v2.bbl'
Latexmk: Log file says output to 'build/main_v2.pdf'
Latexmk: Using biber to make bibliography file(s).
Latexmk: Bibliography file(s) from .bcf file:
  main_v2.bib
Sources for biber
  main_v2.bib
  build/main_v2.bcf
Latexmk: applying rule 'pdflatex'...
Rule 'pdflatex':  Reasons for rerun
Changed files or newly in use/created:
  build/main_v2.run.xml

------------
Run number 5 of rule 'pdflatex'
------------
------------
Running 'pdflatex  -interaction=nonstopmode -file-line-error -recorder -output-directory="build"  "main_v2.tex"'
------------
This is pdfTeX, Version 3.141592653-2.6-1.40.29 (TeX Live 2026) (preloaded format=pdflatex)
 restricted \write18 enabled.
entering extended mode
(./main_v2.tex
LaTeX2e <2025-11-01>
L3 programming layer <2026-01-19>
(./nowfnt-arxiv.cls

LaTeX Warning: You have requested document class `nowfnt-arxiv',
               but the document class provides `nowfnt'.

Document Class: nowfnt 2021/10/12 v0.95d NOW document class
(/usr/local/texlive/2026/texmf-dist/tex/latex/etoolbox/etoolbox.sty)
(./NOWFnT-data.tex)

Class nowfnt Warning: Unclear state. Remove the class option book or ebook or s
ample on input line 129.

(/usr/local/texlive/2026/texmf-dist/tex/latex/base/book.cls
Document Class: book 2025/01/22 v1.4n Standard LaTeX document class
(/usr/local/texlive/2026/texmf-dist/tex/latex/base/bk11.clo))
(/usr/local/texlive/2026/texmf-dist/tex/latex/lastpage/lastpage.sty
(/usr/local/texlive/2026/texmf-dist/tex/latex/lastpage/lastpage2e.sty
(/usr/local/texlive/2026/texmf-dist/tex/latex/lastpage/lastpagemodern.sty) 
)) (/usr/local/texlive/2026/texmf-dist/tex/latex/tools/multicol.sty)
(/usr/local/texlive/2026/texmf-dist/tex/latex/tools/array.sty)
(/usr/local/texlive/2026/texmf-dist/tex/latex/trimspaces/trimspaces.sty)
(/usr/local/texlive/2026/texmf-dist/tex/latex/footmisc/footmisc.sty)
(/usr/local/texlive/2026/texmf-dist/tex/latex/pdfpages/pdfpages.sty
(/usr/local/texlive/2026/texmf-dist/tex/latex/base/ifthen.sty)
(/usr/local/texlive/2026/texmf-dist/tex/latex/tools/calc.sty)
(/usr/local/texlive/2026/texmf-dist/tex/latex/eso-pic/eso-pic.sty
(/usr/local/texlive/2026/texmf-dist/tex/latex/graphics/keyval.sty)
(/usr/local/texlive/2026/texmf-dist/tex/latex/xcolor/xcolor.sty
(/usr/local/texlive/2026/texmf-dist/tex/latex/graphics-cfg/color.cfg)
(/usr/local/texlive/2026/texmf-dist/tex/latex/graphics-def/pdftex.def)
(/usr/local/texlive/2026/texmf-dist/tex/latex/graphics/mathcolor.ltx))
(/usr/local/texlive/2026/texmf-dist/tex/latex/graphics/dvipsnam.def))
(/usr/local/texlive/2026/texmf-dist/tex/latex/graphics/graphicx.sty
(/usr/local/texlive/2026/texmf-dist/tex/latex/graphics/graphics.sty
(/usr/local/texlive/2026/texmf-dist/tex/latex/graphics/trig.sty)
(/usr/local/texlive/2026/texmf-dist/tex/latex/graphics-cfg/graphics.cfg)))
(/usr/local/texlive/2026/texmf-dist/tex/latex/pdfpages/pppdftex.def))
(/usr/local/texlive/2026/texmf-dist/tex/latex/tools/xr.sty)
(/usr/local/texlive/2026/texmf-dist/tex/latex/microtype/microtype.sty
(/usr/local/texlive/2026/texmf-dist/tex/latex/microtype/microtype-pdftex.def)
(/usr/local/texlive/2026/texmf-dist/tex/latex/microtype/microtype.cfg))
(/usr/local/texlive/2026/texmf-dist/tex/latex/fancyhdr/fancyhdr.sty)
(/usr/local/texlive/2026/texmf-dist/tex/latex/titlesec/titlesec.sty)
(/usr/local/texlive/2026/texmf-dist/tex/latex/caption/caption.sty
(/usr/local/texlive/2026/texmf-dist/tex/latex/caption/caption3.sty))
(/usr/local/texlive/2026/texmf-dist/tex/latex/emptypage/emptypage.sty)
(/usr/local/texlive/2026/texmf-dist/tex/latex/url/url.sty)
(/usr/local/texlive/2026/texmf-dist/tex/latex/lm/lmodern.sty)
(/usr/local/texlive/2026/texmf-dist/tex/latex/base/fontenc.sty
(/usr/local/texlive/2026/texmf-dist/tex/latex/lm/t1lmr.fd))
(./nowfnt-biblatex.sty
(/usr/local/texlive/2026/texmf-dist/tex/latex/biblatex/biblatex.sty
(/usr/local/texlive/2026/texmf-dist/tex/generic/pdftexcmds/pdftexcmds.sty
(/usr/local/texlive/2026/texmf-dist/tex/generic/infwarerr/infwarerr.sty)
(/usr/local/texlive/2026/texmf-dist/tex/generic/iftex/iftex.sty)
(/usr/local/texlive/2026/texmf-dist/tex/generic/ltxcmds/ltxcmds.sty))
(/usr/local/texlive/2026/texmf-dist/tex/latex/kvoptions/kvoptions.sty
(/usr/local/texlive/2026/texmf-dist/tex/latex/kvsetkeys/kvsetkeys.sty))
(/usr/local/texlive/2026/texmf-dist/tex/latex/logreq/logreq.sty
(/usr/local/texlive/2026/texmf-dist/tex/latex/logreq/logreq.def))
(/usr/local/texlive/2026/texmf-dist/tex/latex/biblatex/blx-dm.def)
(/usr/local/texlive/2026/texmf-dist/tex/latex/biblatex/blx-compat.def)
(/usr/local/texlive/2026/texmf-dist/tex/latex/biblatex/biblatex.def)
(/usr/local/texlive/2026/texmf-dist/tex/latex/biblatex/blx-natbib.def)
(/usr/local/texlive/2026/texmf-dist/tex/latex/biblatex/bbx/authoryear.bbx
(/usr/local/texlive/2026/texmf-dist/tex/latex/biblatex/bbx/standard.bbx))
(/usr/local/texlive/2026/texmf-dist/tex/latex/biblatex/cbx/authoryear.cbx)
(/usr/local/texlive/2026/texmf-dist/tex/latex/biblatex/biblatex.cfg)
(/usr/local/texlive/2026/texmf-dist/tex/latex/l3kernel/expl3.sty
(/usr/local/texlive/2026/texmf-dist/tex/latex/l3backend/l3backend-pdftex.def))
(/usr/local/texlive/2026/texmf-dist/tex/latex/biblatex/blx-case-expl3.sty
(/usr/local/texlive/2026/texmf-dist/tex/latex/l3packages/xparse/xparse.sty)))
(/usr/local/texlive/2026/texmf-dist/tex/latex/csquotes/csquotes.sty
(/usr/local/texlive/2026/texmf-dist/tex/latex/csquotes/csquotes.def)
(/usr/local/texlive/2026/texmf-dist/tex/latex/csquotes/csquotes.cfg)))
(/usr/local/texlive/2026/texmf-dist/tex/latex/amscls/amsthm.sty)
(/usr/local/texlive/2026/texmf-dist/tex/latex/geometry/geometry.sty
(/usr/local/texlive/2026/texmf-dist/tex/generic/iftex/ifvtex.sty))
(/usr/local/texlive/2026/texmf-dist/tex/latex/hyperref/hyperref.sty
(/usr/local/texlive/2026/texmf-dist/tex/generic/kvdefinekeys/kvdefinekeys.sty)
(/usr/local/texlive/2026/texmf-dist/tex/generic/pdfescape/pdfescape.sty)
(/usr/local/texlive/2026/texmf-dist/tex/latex/hycolor/hycolor.sty)
(/usr/local/texlive/2026/texmf-dist/tex/latex/hyperref/nameref.sty
(/usr/local/texlive/2026/texmf-dist/tex/latex/refcount/refcount.sty)
(/usr/local/texlive/2026/texmf-dist/tex/generic/gettitlestring/gettitlestring.s
ty)) (/usr/local/texlive/2026/texmf-dist/tex/generic/stringenc/stringenc.sty)
(/usr/local/texlive/2026/texmf-dist/tex/latex/hyperref/pd1enc.def)
(/usr/local/texlive/2026/texmf-dist/tex/generic/intcalc/intcalc.sty)
(/usr/local/texlive/2026/texmf-dist/tex/latex/hyperref/puenc.def)
(/usr/local/texlive/2026/texmf-dist/tex/generic/bitset/bitset.sty
(/usr/local/texlive/2026/texmf-dist/tex/generic/bigintcalc/bigintcalc.sty)))
(/usr/local/texlive/2026/texmf-dist/tex/latex/hyperref/hpdftex.def
(/usr/local/texlive/2026/texmf-dist/tex/latex/rerunfilecheck/rerunfilecheck.sty

(/usr/local/texlive/2026/texmf-dist/tex/generic/uniquecounter/uniquecounter.sty
))) (/usr/local/texlive/2026/texmf-dist/tex/latex/bookmark/bookmark.sty
(/usr/local/texlive/2026/texmf-dist/tex/latex/bookmark/bkm-pdftex.def)))
(/usr/local/texlive/2026/texmf-dist/tex/latex/pgf/frontendlayer/tikz.sty
(/usr/local/texlive/2026/texmf-dist/tex/latex/pgf/basiclayer/pgf.sty
(/usr/local/texlive/2026/texmf-dist/tex/latex/pgf/utilities/pgfrcs.sty
(/usr/local/texlive/2026/texmf-dist/tex/generic/pgf/utilities/pgfutil-common.te
x)
(/usr/local/texlive/2026/texmf-dist/tex/generic/pgf/utilities/pgfutil-latex.def
) (/usr/local/texlive/2026/texmf-dist/tex/generic/pgf/utilities/pgfrcs.code.tex
(/usr/local/texlive/2026/texmf-dist/tex/generic/pgf/pgf.revision.tex)))
(/usr/local/texlive/2026/texmf-dist/tex/latex/pgf/basiclayer/pgfcore.sty
(/usr/local/texlive/2026/texmf-dist/tex/latex/pgf/systemlayer/pgfsys.sty
(/usr/local/texlive/2026/texmf-dist/tex/generic/pgf/systemlayer/pgfsys.code.tex
(/usr/local/texlive/2026/texmf-dist/tex/generic/pgf/utilities/pgfkeys.code.tex
(/usr/local/texlive/2026/texmf-dist/tex/generic/pgf/utilities/pgfkeyslibraryfil
tered.code.tex))
(/usr/local/texlive/2026/texmf-dist/tex/generic/pgf/systemlayer/pgf.cfg)
(/usr/local/texlive/2026/texmf-dist/tex/generic/pgf/systemlayer/pgfsys-pdftex.d
ef
(/usr/local/texlive/2026/texmf-dist/tex/generic/pgf/systemlayer/pgfsys-common-p
df.def)))
(/usr/local/texlive/2026/texmf-dist/tex/generic/pgf/systemlayer/pgfsyssoftpath.
code.tex)
(/usr/local/texlive/2026/texmf-dist/tex/generic/pgf/systemlayer/pgfsysprotocol.
code.tex))
(/usr/local/texlive/2026/texmf-dist/tex/generic/pgf/basiclayer/pgfcore.code.tex
(/usr/local/texlive/2026/texmf-dist/tex/generic/pgf/math/pgfmath.code.tex
(/usr/local/texlive/2026/texmf-dist/tex/generic/pgf/math/pgfmathutil.code.tex)
(/usr/local/texlive/2026/texmf-dist/tex/generic/pgf/math/pgfmathparser.code.tex
)
(/usr/local/texlive/2026/texmf-dist/tex/generic/pgf/math/pgfmathfunctions.code.
tex)
(/usr/local/texlive/2026/texmf-dist/tex/generic/pgf/math/pgfmathfunctions.basic
.code.tex)
(/usr/local/texlive/2026/texmf-dist/tex/generic/pgf/math/pgfmathfunctions.trigo
nometric.code.tex)
(/usr/local/texlive/2026/texmf-dist/tex/generic/pgf/math/pgfmathfunctions.rando
m.code.tex)
(/usr/local/texlive/2026/texmf-dist/tex/generic/pgf/math/pgfmathfunctions.compa
rison.code.tex)
(/usr/local/texlive/2026/texmf-dist/tex/generic/pgf/math/pgfmathfunctions.base.
code.tex)
(/usr/local/texlive/2026/texmf-dist/tex/generic/pgf/math/pgfmathfunctions.round
.code.tex)
(/usr/local/texlive/2026/texmf-dist/tex/generic/pgf/math/pgfmathfunctions.misc.
code.tex)
(/usr/local/texlive/2026/texmf-dist/tex/generic/pgf/math/pgfmathfunctions.integ
erarithmetics.code.tex)
(/usr/local/texlive/2026/texmf-dist/tex/generic/pgf/math/pgfmathcalc.code.tex)
(/usr/local/texlive/2026/texmf-dist/tex/generic/pgf/math/pgfmathfloat.code.tex)
) (/usr/local/texlive/2026/texmf-dist/tex/generic/pgf/math/pgfint.code.tex)
(/usr/local/texlive/2026/texmf-dist/tex/generic/pgf/basiclayer/pgfcorepoints.co
de.tex)
(/usr/local/texlive/2026/texmf-dist/tex/generic/pgf/basiclayer/pgfcorepathconst
ruct.code.tex)
(/usr/local/texlive/2026/texmf-dist/tex/generic/pgf/basiclayer/pgfcorepathusage
.code.tex)
(/usr/local/texlive/2026/texmf-dist/tex/generic/pgf/basiclayer/pgfcorescopes.co
de.tex)
(/usr/local/texlive/2026/texmf-dist/tex/generic/pgf/basiclayer/pgfcoregraphicst
ate.code.tex)
(/usr/local/texlive/2026/texmf-dist/tex/generic/pgf/basiclayer/pgfcoretransform
ations.code.tex)
(/usr/local/texlive/2026/texmf-dist/tex/generic/pgf/basiclayer/pgfcorequick.cod
e.tex)
(/usr/local/texlive/2026/texmf-dist/tex/generic/pgf/basiclayer/pgfcoreobjects.c
ode.tex)
(/usr/local/texlive/2026/texmf-dist/tex/generic/pgf/basiclayer/pgfcorepathproce
ssing.code.tex)
(/usr/local/texlive/2026/texmf-dist/tex/generic/pgf/basiclayer/pgfcorearrows.co
de.tex)
(/usr/local/texlive/2026/texmf-dist/tex/generic/pgf/basiclayer/pgfcoreshade.cod
e.tex)
(/usr/local/texlive/2026/texmf-dist/tex/generic/pgf/basiclayer/pgfcoreimage.cod
e.tex)
(/usr/local/texlive/2026/texmf-dist/tex/generic/pgf/basiclayer/pgfcoreexternal.
code.tex)
(/usr/local/texlive/2026/texmf-dist/tex/generic/pgf/basiclayer/pgfcorelayers.co
de.tex)
(/usr/local/texlive/2026/texmf-dist/tex/generic/pgf/basiclayer/pgfcoretranspare
ncy.code.tex)
(/usr/local/texlive/2026/texmf-dist/tex/generic/pgf/basiclayer/pgfcorepatterns.
code.tex)
(/usr/local/texlive/2026/texmf-dist/tex/generic/pgf/basiclayer/pgfcorerdf.code.
tex)))
(/usr/local/texlive/2026/texmf-dist/tex/generic/pgf/modules/pgfmoduleshapes.cod
e.tex)
(/usr/local/texlive/2026/texmf-dist/tex/generic/pgf/modules/pgfmoduleplot.code.
tex)
(/usr/local/texlive/2026/texmf-dist/tex/latex/pgf/compatibility/pgfcomp-version
-0-65.sty)
(/usr/local/texlive/2026/texmf-dist/tex/latex/pgf/compatibility/pgfcomp-version
-1-18.sty))
(/usr/local/texlive/2026/texmf-dist/tex/latex/pgf/utilities/pgffor.sty
(/usr/local/texlive/2026/texmf-dist/tex/latex/pgf/utilities/pgfkeys.sty
(/usr/local/texlive/2026/texmf-dist/tex/generic/pgf/utilities/pgfkeys.code.tex)
) (/usr/local/texlive/2026/texmf-dist/tex/latex/pgf/math/pgfmath.sty
(/usr/local/texlive/2026/texmf-dist/tex/generic/pgf/math/pgfmath.code.tex))
(/usr/local/texlive/2026/texmf-dist/tex/generic/pgf/utilities/pgffor.code.tex))

(/usr/local/texlive/2026/texmf-dist/tex/generic/pgf/frontendlayer/tikz/tikz.cod
e.tex
(/usr/local/texlive/2026/texmf-dist/tex/generic/pgf/libraries/pgflibraryplothan
dlers.code.tex)
(/usr/local/texlive/2026/texmf-dist/tex/generic/pgf/modules/pgfmodulematrix.cod
e.tex)
(/usr/local/texlive/2026/texmf-dist/tex/generic/pgf/frontendlayer/tikz/librarie
s/tikzlibrarytopaths.code.tex)))
(/usr/local/texlive/2026/texmf-dist/tex/generic/pgf/libraries/pgflibraryarrows.
meta.code.tex)
(/usr/local/texlive/2026/texmf-dist/tex/generic/pgf/frontendlayer/tikz/librarie
s/tikzlibrarycalc.code.tex)
(/usr/local/texlive/2026/texmf-dist/tex/generic/pgf/frontendlayer/tikz/librarie
s/tikzlibrarypositioning.code.tex)
(/usr/local/texlive/2026/texmf-dist/tex/generic/pgf/frontendlayer/tikz/librarie
s/tikzlibraryshapes.geometric.code.tex
(/usr/local/texlive/2026/texmf-dist/tex/generic/pgf/libraries/shapes/pgflibrary
shapes.geometric.code.tex))
(/usr/local/texlive/2026/texmf-dist/tex/latex/caption/subcaption.sty)
(/usr/local/texlive/2026/texmf-dist/tex/latex/jknapltx/mathrsfs.sty)
(/usr/local/texlive/2026/texmf-dist/tex/latex/tcolorbox/tcolorbox.sty
(/usr/local/texlive/2026/texmf-dist/tex/latex/tools/verbatim.sty)
(/usr/local/texlive/2026/texmf-dist/tex/latex/environ/environ.sty))
(/usr/local/texlive/2026/texmf-dist/tex/latex/booktabs/booktabs.sty)
(/usr/local/texlive/2026/texmf-dist/tex/generic/pgf/frontendlayer/tikz/librarie
s/tikzlibraryshapes.code.tex
(/usr/local/texlive/2026/texmf-dist/tex/generic/pgf/frontendlayer/tikz/librarie
s/tikzlibraryshapes.misc.code.tex
(/usr/local/texlive/2026/texmf-dist/tex/generic/pgf/libraries/shapes/pgflibrary
shapes.misc.code.tex))
(/usr/local/texlive/2026/texmf-dist/tex/generic/pgf/frontendlayer/tikz/librarie
s/tikzlibraryshapes.symbols.code.tex
(/usr/local/texlive/2026/texmf-dist/tex/generic/pgf/libraries/shapes/pgflibrary
shapes.symbols.code.tex))
(/usr/local/texlive/2026/texmf-dist/tex/generic/pgf/frontendlayer/tikz/librarie
s/tikzlibraryshapes.arrows.code.tex
(/usr/local/texlive/2026/texmf-dist/tex/generic/pgf/libraries/shapes/pgflibrary
shapes.arrows.code.tex))
(/usr/local/texlive/2026/texmf-dist/tex/generic/pgf/frontendlayer/tikz/librarie
s/tikzlibraryshapes.callouts.code.tex
(/usr/local/texlive/2026/texmf-dist/tex/generic/pgf/libraries/shapes/pgflibrary
shapes.callouts.code.tex))
(/usr/local/texlive/2026/texmf-dist/tex/generic/pgf/frontendlayer/tikz/librarie
s/tikzlibraryshapes.multipart.code.tex
(/usr/local/texlive/2026/texmf-dist/tex/generic/pgf/libraries/shapes/pgflibrary
shapes.multipart.code.tex)))
(/usr/local/texlive/2026/texmf-dist/tex/generic/pgf/frontendlayer/tikz/librarie
s/tikzlibraryarrows.code.tex
(/usr/local/texlive/2026/texmf-dist/tex/generic/pgf/libraries/pgflibraryarrows.
code.tex))
(/usr/local/texlive/2026/texmf-dist/tex/generic/pgf/frontendlayer/tikz/librarie
s/tikzlibrarybackgrounds.code.tex)
(/usr/local/texlive/2026/texmf-dist/tex/generic/pgf/frontendlayer/tikz/librarie
s/tikzlibraryshadows.code.tex
(/usr/local/texlive/2026/texmf-dist/tex/generic/pgf/frontendlayer/tikz/librarie
s/tikzlibraryfadings.code.tex
(/usr/local/texlive/2026/texmf-dist/tex/generic/pgf/libraries/pgflibraryfadings
.code.tex)))
(/usr/local/texlive/2026/texmf-dist/tex/latex/stmaryrd/stmaryrd.sty)
(/usr/local/texlive/2026/texmf-dist/tex/latex/placeins/placeins.sty)
(/usr/local/texlive/2026/texmf-dist/tex/latex/cancel/cancel.sty)
(/usr/local/texlive/2026/texmf-dist/tex/latex/mathtools/mathtools.sty
(/usr/local/texlive/2026/texmf-dist/tex/latex/mathtools/mhsetup.sty)
(/usr/local/texlive/2026/texmf-dist/tex/latex/amsmath/amsmath.sty
For additional information on amsmath, use the `?' option.
(/usr/local/texlive/2026/texmf-dist/tex/latex/amsmath/amstext.sty
(/usr/local/texlive/2026/texmf-dist/tex/latex/amsmath/amsgen.sty))
(/usr/local/texlive/2026/texmf-dist/tex/latex/amsmath/amsbsy.sty)
(/usr/local/texlive/2026/texmf-dist/tex/latex/amsmath/amsopn.sty)))
(/usr/local/texlive/2026/texmf-dist/tex/latex/fancybox/fancybox.sty
Style option: `fancybox' v1.4 <2010/05/15> (tvz)
) (/usr/local/texlive/2026/texmf-dist/tex/latex/colortbl/colortbl.sty)
(/usr/local/texlive/2026/texmf-dist/tex/latex/amsfonts/amssymb.sty
(/usr/local/texlive/2026/texmf-dist/tex/latex/amsfonts/amsfonts.sty))
(/usr/local/texlive/2026/texmf-dist/tex/latex/setspace/setspace.sty)
(/usr/local/texlive/2026/texmf-dist/tex/latex/float/float.sty)
(/usr/local/texlive/2026/texmf-dist/tex/latex/base/inputenc.sty)
(/usr/local/texlive/2026/texmf-dist/tex/generic/babel/babel.sty
(/usr/local/texlive/2026/texmf-dist/tex/generic/babel/txtbabel.def)
(/usr/local/texlive/2026/texmf-dist/tex/generic/babel/locale/en/babel-english.t
ex) (/usr/local/texlive/2026/texmf-dist/tex/generic/babel-english/english.ldf))
 (/usr/local/texlive/2026/texmf-dist/tex/latex/mwe/mwe.sty
(/usr/local/texlive/2026/texmf-dist/tex/latex/lipsum/lipsum.sty
(/usr/local/texlive/2026/texmf-dist/tex/latex/l3packages/l3keys2e/l3keys2e.sty)
(/usr/local/texlive/2026/texmf-dist/tex/latex/lipsum/lipsum.ltd.tex))
(/usr/local/texlive/2026/texmf-dist/tex/latex/blindtext/blindtext.sty
(/usr/local/texlive/2026/texmf-dist/tex/latex/tools/xspace.sty)))
(/usr/local/texlive/2026/texmf-dist/tex/latex/adjustbox/adjustbox.sty
(/usr/local/texlive/2026/texmf-dist/tex/latex/xkeyval/xkeyval.sty
(/usr/local/texlive/2026/texmf-dist/tex/generic/xkeyval/xkeyval.tex
(/usr/local/texlive/2026/texmf-dist/tex/generic/xkeyval/xkvutils.tex)))
(/usr/local/texlive/2026/texmf-dist/tex/latex/adjustbox/adjcalc.sty)
(/usr/local/texlive/2026/texmf-dist/tex/latex/adjustbox/trimclip.sty
(/usr/local/texlive/2026/texmf-dist/tex/latex/collectbox/collectbox.sty)
(/usr/local/texlive/2026/texmf-dist/tex/latex/adjustbox/tc-pdftex.def))
(/usr/local/texlive/2026/texmf-dist/tex/latex/ifoddpage/ifoddpage.sty)
(/usr/local/texlive/2026/texmf-dist/tex/latex/varwidth/varwidth.sty)
==> First Aid for varwidth.sty applied!
) (/usr/local/texlive/2026/texmf-dist/tex/latex/multirow/multirow.sty)
(/usr/local/texlive/2026/texmf-dist/tex/latex/makecell/makecell.sty)
(./annotate_eqs.sty

LaTeX Warning: You have requested package `annotate_eqs',
               but the package provides `annotate-equations'.

(/usr/local/texlive/2026/texmf-dist/tex/generic/iftex/ifluatex.sty)
(/usr/local/texlive/2026/texmf-dist/tex/latex/tikzmark/tikzlibrarytikzmark.code
.tex)
(/usr/local/texlive/2026/texmf-dist/tex/generic/pgf/frontendlayer/tikz/librarie
s/tikzlibrarybabel.code.tex))
(/usr/local/texlive/2026/texmf-dist/tex/generic/pgf/frontendlayer/tikz/librarie
s/tikzlibraryfit.code.tex)
(/usr/local/texlive/2026/texmf-dist/tex/latex/epigraph/epigraph.sty
(/usr/local/texlive/2026/texmf-dist/tex/latex/nextpage/nextpage.sty))
(/usr/local/texlive/2026/texmf-dist/tex/latex/thmbox/thmbox.sty)
(/usr/local/texlive/2026/texmf-dist/tex/latex/tcolorbox/tcbtheorems.code.tex
Library (tcolorbox): 'tcbtheorems.code.tex' version '6.9.0'
) (/usr/local/texlive/2026/texmf-dist/tex/latex/tcolorbox/tcbskins.code.tex
Library (tcolorbox): 'tcbskins.code.tex' version '6.9.0'
(/usr/local/texlive/2026/texmf-dist/tex/latex/tikzfill/tikzfill.image.sty
(/usr/local/texlive/2026/texmf-dist/tex/latex/tikzfill/tikzfill-common.sty)
(/usr/local/texlive/2026/texmf-dist/tex/latex/tikzfill/tikzlibraryfill.image.co
de.tex))
(/usr/local/texlive/2026/texmf-dist/tex/latex/tcolorbox/tcbskinsjigsaw.code.tex
Library (tcolorbox): 'tcbskinsjigsaw.code.tex' version '6.9.0'
))
(/usr/local/texlive/2026/texmf-dist/tex/latex/tcolorbox/tcbbreakable.code.tex
Library (tcolorbox): 'tcbbreakable.code.tex' version '6.9.0'
(/usr/local/texlive/2026/texmf-dist/tex/latex/pdfcol/pdfcol.sty))
(/usr/local/texlive/2026/texmf-dist/tex/latex/algorithms/algorithm.sty)
(/usr/local/texlive/2026/texmf-dist/tex/latex/algorithmicx/algpseudocode.sty
(/usr/local/texlive/2026/texmf-dist/tex/latex/algorithmicx/algorithmicx.sty
Document Style algorithmicx 1.2 - a greatly improved `algorithmic' style
)
Document Style - pseudocode environments for use with the `algorithmicx' style
) (/usr/local/texlive/2026/texmf-dist/tex/latex/cleveref/cleveref.sty)
==> First Aid for cleveref.sty applied!
(/usr/local/texlive/2026/texmf-dist/tex/latex/mdframed/mdframed.sty
(/usr/local/texlive/2026/texmf-dist/tex/latex/zref/zref-abspage.sty
(/usr/local/texlive/2026/texmf-dist/tex/latex/zref/zref-base.sty
(/usr/local/texlive/2026/texmf-dist/tex/generic/etexcmds/etexcmds.sty)
(/usr/local/texlive/2026/texmf-dist/tex/latex/auxhook/auxhook.sty)))
(/usr/local/texlive/2026/texmf-dist/tex/latex/needspace/needspace.sty)
(/usr/local/texlive/2026/texmf-dist/tex/latex/mdframed/md-frame-1.mdf))
(./math_commands.tex (/usr/local/texlive/2026/texmf-dist/tex/latex/tools/bm.sty
) (/usr/local/texlive/2026/texmf-dist/tex/latex/enumitem/enumitem.sty))
(./theorems.tex
(/usr/local/texlive/2026/texmf-dist/tex/latex/tcolorbox/tcbhooks.code.tex
Library (tcolorbox): 'tcbhooks.code.tex' version '6.9.0'
)) (/usr/local/texlive/2026/texmf-dist/tex/latex/psnfss/pifont.sty
(/usr/local/texlive/2026/texmf-dist/tex/latex/psnfss/upzd.fd)
(/usr/local/texlive/2026/texmf-dist/tex/latex/psnfss/upsy.fd))
(/usr/local/texlive/2026/texmf-dist/tex/latex/pstricks/pstricks.sty
(/usr/local/texlive/2026/texmf-dist/tex/generic/xkeyval/pst-xkey.tex)
(/usr/local/texlive/2026/texmf-dist/tex/generic/pstricks/pstricks.tex
(/usr/local/texlive/2026/texmf-dist/tex/generic/pstricks/pst-fp.tex
`pst-fp' v0.06, 2020/11/20 (hv))
`PSTricks' v3.22A  <2025/12/13> (tvz,hv)
--- We are running latex or xelatex ---
(/usr/local/texlive/2026/texmf-dist/tex/generic/pstricks/pstricks.con)
(/usr/local/texlive/2026/texmf-dist/tex/generic/pstricks/pstricks-color.tex)
(/usr/local/texlive/2026/texmf-dist/tex/generic/pstricks/pstricks-arrows.tex)
(/usr/local/texlive/2026/texmf-dist/tex/generic/pstricks/pstricks-dots.tex)
(/usr/local/texlive/2026/texmf-dist/tex/generic/pstricks/pst-code-grid.tex)
(/usr/local/texlive/2026/texmf-dist/tex/generic/pstricks/pst-code-box.tex)
(/usr/local/texlive/2026/texmf-dist/tex/generic/pstricks/pst-code-arc.tex)
(/usr/local/texlive/2026/texmf-dist/tex/generic/pstricks/pst-code-circle_ellips
e.tex)
(/usr/local/texlive/2026/texmf-dist/tex/generic/pstricks/pst-code-ref_rot.tex)
(/usr/local/texlive/2026/texmf-dist/tex/generic/pstricks/pst-code-put.tex)
(/usr/local/texlive/2026/texmf-dist/tex/generic/pstricks/pst-code-pspicture.tex
) (/usr/local/texlive/2026/texmf-dist/tex/generic/pstricks/pstricks.con))
(/usr/local/texlive/2026/texmf-dist/tex/generic/pstricks/pst-fp.tex
`pst-fp' v0.06, 2020/11/20 (hv)))
(/usr/local/texlive/2026/texmf-dist/tex/latex/pstricks-add/pstricks-add.sty
(/usr/local/texlive/2026/texmf-dist/tex/latex/pst-plot/pst-plot.sty
(/usr/local/texlive/2026/texmf-dist/tex/latex/xkeyval/pst-xkey.sty)
(/usr/local/texlive/2026/texmf-dist/tex/latex/multido/multido.sty
(/usr/local/texlive/2026/texmf-dist/tex/generic/multido/multido.tex
 v1.42, 2010/05/14 <tvz>))
(/usr/local/texlive/2026/texmf-dist/tex/generic/pst-plot/pst-plot.tex
(/usr/local/texlive/2026/texmf-dist/tex/generic/pst-tools/pst-tools.tex
`PST-tools' v0.12, 2021/09/23 (hv))
(/usr/local/texlive/2026/texmf-dist/tex/generic/pstricks-add/pstricks-add.tex
(/usr/local/texlive/2026/texmf-dist/tex/generic/pst-node/pst-node.tex
 v1.45, 2024/07/10)
(/usr/local/texlive/2026/texmf-dist/tex/generic/pst-arrow/pst-arrow.tex
`pst-arrow' v0.05, 2021/11/16 (dr,hv))
(/usr/local/texlive/2026/texmf-dist/tex/generic/pst-3d/pst-3d.tex
`PST-3d' v1.11, 2010/02/14 (tvz))
(/usr/local/texlive/2026/texmf-dist/tex/generic/pst-math/pst-math.tex
`pst-math' v0.67 , (CJ,hv)) `pstricks-add' v3.94, 2023/04/17 (dr,hv))
 v1.94, 2022/11/21 (tvz,hv)))
(/usr/local/texlive/2026/texmf-dist/tex/latex/pst-node/pst-node.sty
(/usr/local/texlive/2026/texmf-dist/tex/generic/pst-node/pst-node.tex))
(/usr/local/texlive/2026/texmf-dist/tex/latex/pst-3d/pst-3d.sty
(/usr/local/texlive/2026/texmf-dist/tex/generic/pst-3d/pst-3d.tex))
(/usr/local/texlive/2026/texmf-dist/tex/latex/pst-math/pst-math.sty
(/usr/local/texlive/2026/texmf-dist/tex/latex/pst-calculate/pst-calculate.sty
(/usr/local/texlive/2026/texmf-dist/tex/latex/siunitx/siunitx.sty
(/usr/local/texlive/2026/texmf-dist/tex/latex/translations/translations.sty)))
(/usr/local/texlive/2026/texmf-dist/tex/generic/xstring/xstring.sty
(/usr/local/texlive/2026/texmf-dist/tex/generic/xstring/xstring.tex))
(/usr/local/texlive/2026/texmf-dist/tex/generic/pst-math/pst-math.tex))
(/usr/local/texlive/2026/texmf-dist/tex/generic/pstricks-add/pstricks-add.tex))
 (/usr/local/texlive/2026/texmf-dist/tex/latex/cjk-ko/kotex.sty
(/usr/local/texlive/2026/texmf-dist/tex/latex/kotex-utf/kotex.cfg)
(/usr/local/texlive/2026/texmf-dist/tex/latex/kotex-utf/kotexutf.sty
(/usr/local/texlive/2026/texmf-dist/tex/plain/kotex-plain/kotexutf-core.tex)
(/usr/local/texlive/2026/texmf-dist/tex/latex/kotex-utf/lucenc.dfu)
(/usr/local/texlive/2026/texmf-dist/tex/latex/cjk-ko/kolabels-utf.sty)))
First name missing
First name missing
First name missing
First name missing
First name missing

Package biblatex Warning: Load 'inputenc' before biblatex.


Package csquotes Warning: Load 'inputenc' before 'csquotes' on input line 379.

(build/main_v2.aux)
(/usr/local/texlive/2026/texmf-dist/tex/latex/nanumtype1/lucnanummj.fd)
(/usr/local/texlive/2026/texmf-dist/tex/context/base/mkii/supp-pdf.mkii
[Loading MPS to PDF converter (version 2006.09.02).]
) (/usr/local/texlive/2026/texmf-dist/tex/latex/epstopdf-pkg/epstopdf-base.sty
(/usr/local/texlive/2026/texmf-dist/tex/latex/latexconfig/epstopdf-sys.cfg))
(/usr/local/texlive/2026/texmf-dist/tex/latex/pdflscape/pdflscape.sty
(/usr/local/texlive/2026/texmf-dist/tex/latex/pdflscape/pdflscape-nometadata.st
y (/usr/local/texlive/2026/texmf-dist/tex/latex/graphics/lscape.sty)))

Package microtype Warning: Command \pickup@font is not defined as expected.
(microtype)                Patching it anyway. Some things may break.
(microtype)                Double-check whether micro-typography is indeed
(microtype)                applied to the document.
(microtype)                (Hint: Turn on `verbose' mode).

(/usr/local/texlive/2026/texmf-dist/tex/latex/microtype/mt-cmr.cfg)
(/usr/local/texlive/2026/texmf-dist/tex/latex/biblatex/lbx/english.lbx)
(build/main_v2.bbl)
*geometry* driver: auto-detecting
*geometry* detected driver: pdftex

(/usr/local/texlive/2026/texmf-dist/tex/latex/translations/translations-basic-d
ictionary-english.trsl)
(/usr/local/texlive/2026/texmf-dist/tex/latex/lm/t1lmss.fd)
(/usr/local/texlive/2026/texmf-dist/tex/latex/lm/ot1lmr.fd)
(/usr/local/texlive/2026/texmf-dist/tex/latex/lm/omllmm.fd)
(/usr/local/texlive/2026/texmf-dist/tex/latex/lm/omslmsy.fd)
(/usr/local/texlive/2026/texmf-dist/tex/latex/lm/omxlmex.fd)
(/usr/local/texlive/2026/texmf-dist/tex/latex/jknapltx/ursfs.fd)
(/usr/local/texlive/2026/texmf-dist/tex/latex/stmaryrd/Ustmry.fd)
(/usr/local/texlive/2026/texmf-dist/tex/latex/amsfonts/umsa.fd)
(/usr/local/texlive/2026/texmf-dist/tex/latex/microtype/mt-msa.cfg)
(/usr/local/texlive/2026/texmf-dist/tex/latex/amsfonts/umsb.fd)
(/usr/local/texlive/2026/texmf-dist/tex/latex/microtype/mt-msb.cfg)

LaTeX Font Warning: Font shape `U/stmry/b/n' undefined
(Font)              using `U/stmry/m/n' instead on input line 379.


LaTeX Font Warning: Font shape `U/rsfs/m/n' in size <13> not available
(Font)              size <12> substituted on input line 379.


LaTeX Font Warning: Font shape `U/rsfs/m/n' in size <6.5> not available
(Font)              size <6> substituted on input line 379.


LaTeX Font Warning: Font shape `U/stmry/m/n' in size <13> not available
(Font)              size <12> substituted on input line 379.


LaTeX Font Warning: Font shape `U/stmry/m/n' in size <6.5> not available
(Font)              size <6> substituted on input line 379.


LaTeX Font Warning: Font shape `U/stmry/b/n' in size <13> not available
(Font)              size <12> substituted on input line 379.


LaTeX Font Warning: Font shape `U/stmry/b/n' in size <6.5> not available
(Font)              size <6> substituted on input line 379.

[1
Non-PDF special ignored!
<special> header=pstricks.pro
Non-PDF special ignored!
<special> header=pst-algparser.pro
Non-PDF special ignored!
<special> header=pst-tools.pro
Non-PDF special ignored!
<special> header=pst-dots.pro
Non-PDF special ignored!
<special> header=pst-node.pro
Non-PDF special ignored!
<special> header=pst-3d.pro
Non-PDF special ignored!
<special> header=pst-math.pro
Non-PDF special ignored!
<special> header=pstricks-add.pro
Non-PDF special ignored!
<special> ps: /pssetRGBcolor /setrgbcolor load def /pssetCMYKcolor /setcmyk...
Non-PDF special ignored!
<special> ps:tx@Dict begin  gsave STV CP T /ps@rot 0 def grestore  end
Non-PDF special ignored!
<special> ps:tx@Dict begin  gsave STV CP T /ps@refangle 0.  def grestore  e...
Non-PDF special ignored!
<special> ps:tx@Dict begin  gsave STV CP T /ps@rot 0 def grestore  end
{/usr/local/texlive/2026/texmf-var/fonts/map/pdftex/updmap/pdftex.map}{/usr/loc
al/texlive/2026/texmf-dist/fonts/enc/dvips/lm/lm-ec.enc}] (build/main_v2.toc
[2] [3] (/usr/local/texlive/2026/texmf-dist/tex/latex/lm/t1lmtt.fd) [4])
[5] (./fnfix.tex) (/usr/local/texlive/2026/texmf-dist/tex/latex/lm/ts1lmr.fd)
[1{/usr/local/texlive/2026/texmf-dist/fonts/enc/dvips/lm/lm-ts1.enc}] [2]
(./Preface.tex [3] [4] [5] [6 <./Images/PartA/diffusion_forward_vs_reverse.pdf>
] [7{/usr/local/texlive/2026/texmf-dist/fonts/enc/dvips/lm/lm-mathsy.enc}]
[8]
Underfull \vbox (badness 10000) has occurred while \output is active [9]
[10]) (./notations.tex [11]
Underfull \vbox (badness 10000) has occurred while \output is active [12{/usr/l
ocal/texlive/2026/texmf-dist/fonts/enc/dvips/lm/lm-mathit.enc}{/usr/local/texli
ve/2026/texmf-dist/fonts/enc/dvips/lm/lm-rm.enc}]
Overfull \hbox (23.66492pt too wide) in paragraph at lines 86--86
[]$\U/msb/m/n/10.95 E[]\OT1/lmr/bx/n/10.95 (-20) f\OT1/lmr/m/n/10.95 (-20) (\OT
1/lmr/bx/n/10.95 (-20) x\OT1/lmr/m/n/10.95 (-20) ) \OMS/lmsy/m/n/10.95 j \OT1/l
mr/bx/n/10.95 (-20) z[]$\T1/lmr/m/n/10.95 (-20) ,  

Overfull \hbox (42.28333pt too wide) in paragraph at lines 86--86
\U/msb/m/n/10.95 E[][]\OT1/lmr/bx/n/10.95 (-20) f\OT1/lmr/m/n/10.95 (-20) (\OT1
/lmr/bx/n/10.95 (-20) x\OT1/lmr/m/n/10.95 (-20) )[]$  

Underfull \vbox (badness 1603) has occurred while \output is active [13{/usr/lo
cal/texlive/2026/texmf-dist/fonts/enc/dvips/lm/lm-mathex.enc}]) [14] [15]
(./Prologue-Deep-Generative-Modeling.tex
Chapter 1.
[16] [17] [18 <./Images/PartB/dgm-learning.pdf>]
Overfull \hbox (1.45654pt too wide) in paragraph at lines 232--241
\T1/lmr/m/n/10.95 (-20) It mea-sures the dis-crep-ancy be-tween the \T1/lmr/m/i
t/10.95 (-20) score func-tions $\OMS/lmsy/m/n/10.95 r[] [] \OML/lmm/m/it/10.95 
p\OT1/lmr/m/n/10.95 (-20) (\OT1/lmr/bx/n/10.95 (-20) x\OT1/lmr/m/n/10.95 (-20) 
)$ \T1/lmr/m/n/10.95 (-20) and $\OMS/lmsy/m/n/10.95 r[] [] \OML/lmm/m/it/10.95 
q\OT1/lmr/m/n/10.95 (-20) (\OT1/lmr/bx/n/10.95 (-20) x\OT1/lmr/m/n/10.95 (-20) 
)$\T1/lmr/m/n/10.95 (-20) ,
[19] [20] [21]

LaTeX Warning: Float too large for page by 23.41594pt on input line 528.

[22]
Overfull \hbox (35.57693pt too wide) in paragraph at lines 744--745
[] []\T1/lmss/bx/n/10.95 (-20) Nor-mal-iz-ing Flows.[] \T1/lmr/m/n/10.95 (-20) 
Clas-sic flow-based mod-els, such as Nor-mal-iz-ing Flows (NFs) ([]Rezende
[23] [24] [25]) [26] [27] [28] (./Part-B-diagram.tex)
(./Chapter-1-Varational-Perspective-From-VAE-to-DDPM.tex [29]
Chapter 2.
[30] [31]
Underfull \vbox (badness 6477) has occurred while \output is active [32]
[33] [34] [35] [36] [37] [38] [39] [40] [41] [42 <./Images/PartB/vdm-forward.pd
f>] [43 <./Images/PartB/vdm-backward.pdf>] [44 <./Images/PartB/ddpm_conditional
_trick.pdf>] [45] [46] [47] [48] [49] [50] [51] [52 <./Images/PartB/diffusion-c
lean.pdf>]) (./Chapter-2-Score-Based-Perspective-From-EBMs-to-NCSN.tex [53]
Chapter 3.
[54] [55 <./Images/PartB/ebm-graph.pdf>] [56] [57 <./Images/PartB/score_functio
n_plot.pdf>] [58 <./Images/PartB/langevin_sampling.png>] [59] [60]

Package mdframed Warning: You got a bad break
(mdframed)                because the last box will be empty
(mdframed)                you have to change it manually
(mdframed)                by changing the text, the space
(mdframed)                or something else on input line 495.


Overfull \vbox (16.57092pt too high) detected at line 495

Overfull \vbox (17.57092pt too high) detected at line 495

Overfull \vbox (18.57092pt too high) detected at line 495

Overfull \vbox (19.57092pt too high) detected at line 495

Overfull \vbox (20.57092pt too high) detected at line 495

Overfull \vbox (21.57092pt too high) detected at line 495

Overfull \vbox (22.57092pt too high) detected at line 495

Overfull \vbox (23.57092pt too high) detected at line 495

Overfull \vbox (24.57092pt too high) detected at line 495

Overfull \vbox (25.57092pt too high) detected at line 495

Overfull \vbox (26.57092pt too high) detected at line 495

Overfull \vbox (27.57092pt too high) detected at line 495

Overfull \vbox (28.57092pt too high) detected at line 495

Overfull \vbox (29.57092pt too high) detected at line 495

Overfull \vbox (30.57092pt too high) detected at line 495

Overfull \vbox (31.57092pt too high) detected at line 495

Overfull \vbox (32.57092pt too high) detected at line 495

Overfull \vbox (33.57092pt too high) detected at line 495

Overfull \vbox (34.57092pt too high) detected at line 495

Overfull \vbox (35.57092pt too high) detected at line 495

Overfull \vbox (36.57092pt too high) detected at line 495

Overfull \vbox (37.57092pt too high) detected at line 495

Overfull \vbox (38.57092pt too high) detected at line 495

Overfull \vbox (39.57092pt too high) detected at line 495

Overfull \vbox (40.57092pt too high) detected at line 495

Overfull \vbox (41.57092pt too high) detected at line 495

Overfull \vbox (42.57092pt too high) detected at line 495

Overfull \vbox (43.57092pt too high) detected at line 495

Overfull \vbox (44.57092pt too high) detected at line 495

Overfull \vbox (45.57092pt too high) detected at line 495

Overfull \vbox (46.57092pt too high) detected at line 495

Overfull \vbox (47.57092pt too high) detected at line 495

Overfull \vbox (48.57092pt too high) detected at line 495

Overfull \vbox (49.57092pt too high) detected at line 495

Overfull \vbox (50.57092pt too high) detected at line 495

Overfull \vbox (51.57092pt too high) detected at line 495

Overfull \vbox (52.57092pt too high) detected at line 495

Overfull \vbox (53.57092pt too high) detected at line 495

Overfull \vbox (54.57092pt too high) detected at line 495

Overfull \vbox (55.57092pt too high) detected at line 495

Overfull \vbox (56.57092pt too high) detected at line 495

Overfull \vbox (57.57092pt too high) detected at line 495

Overfull \vbox (58.57092pt too high) detected at line 495

Overfull \vbox (59.57092pt too high) detected at line 495

Overfull \vbox (60.57092pt too high) detected at line 495

Overfull \vbox (61.57092pt too high) detected at line 495

Overfull \vbox (62.57092pt too high) detected at line 495

Overfull \vbox (63.57092pt too high) detected at line 495

Overfull \vbox (64.57092pt too high) detected at line 495

Overfull \vbox (65.57092pt too high) detected at line 495

Overfull \vbox (66.57092pt too high) detected at line 495

Overfull \vbox (67.57092pt too high) detected at line 495

Overfull \vbox (68.57092pt too high) detected at line 495

Overfull \vbox (69.57092pt too high) detected at line 495

Overfull \vbox (70.57092pt too high) detected at line 495

Overfull \vbox (71.57092pt too high) detected at line 495

Overfull \vbox (72.57092pt too high) detected at line 495

Overfull \vbox (73.57092pt too high) detected at line 495

Overfull \vbox (74.57092pt too high) detected at line 495

Overfull \vbox (75.57092pt too high) detected at line 495

Overfull \vbox (76.57092pt too high) detected at line 495

Overfull \vbox (77.57092pt too high) detected at line 495

Overfull \vbox (78.57092pt too high) detected at line 495

Overfull \vbox (79.57092pt too high) detected at line 495

Overfull \vbox (80.57092pt too high) detected at line 495

Overfull \vbox (81.57092pt too high) detected at line 495

Overfull \vbox (82.57092pt too high) detected at line 495

Overfull \vbox (83.57092pt too high) detected at line 495

Overfull \vbox (84.57092pt too high) detected at line 495

Overfull \vbox (85.57092pt too high) detected at line 495

Overfull \vbox (86.57092pt too high) detected at line 495

Overfull \vbox (87.57092pt too high) detected at line 495

Overfull \vbox (88.57092pt too high) detected at line 495

Overfull \vbox (89.57092pt too high) detected at line 495

Overfull \vbox (90.57092pt too high) detected at line 495

Overfull \vbox (91.57092pt too high) detected at line 495

Overfull \vbox (92.57092pt too high) detected at line 495

Overfull \vbox (93.57092pt too high) detected at line 495

Overfull \vbox (94.57092pt too high) detected at line 495

Overfull \vbox (95.57092pt too high) detected at line 495

Overfull \vbox (96.57092pt too high) detected at line 495

Overfull \vbox (97.57092pt too high) detected at line 495

Overfull \vbox (98.57092pt too high) detected at line 495

Overfull \vbox (99.57092pt too high) detected at line 495

Overfull \vbox (100.57092pt too high) detected at line 495

Overfull \vbox (101.57092pt too high) detected at line 495

Overfull \vbox (102.57092pt too high) detected at line 495

Overfull \vbox (103.57092pt too high) detected at line 495

Overfull \vbox (104.57092pt too high) detected at line 495

Overfull \vbox (105.57092pt too high) detected at line 495

Overfull \vbox (106.57092pt too high) detected at line 495

Overfull \vbox (107.57092pt too high) detected at line 495

Overfull \vbox (108.57092pt too high) detected at line 495

Overfull \vbox (109.57092pt too high) detected at line 495

Overfull \vbox (110.57092pt too high) detected at line 495

Overfull \vbox (111.57092pt too high) detected at line 495

Overfull \vbox (112.57092pt too high) detected at line 495

Overfull \vbox (113.57092pt too high) detected at line 495

Overfull \vbox (114.57092pt too high) detected at line 495

Overfull \vbox (115.57092pt too high) detected at line 495

Overfull \vbox (116.57092pt too high) detected at line 495

Overfull \vbox (117.57092pt too high) detected at line 495

Package mdframed Warning: correct box splittet fails
 It seems you are using a non splittable contents
(mdframed)                 on input line 495.

[61 <./Images/PartB/score_function_approximation.pdf>] [62] [63] [64] [65]
[66] [67] [68 <./Images/PartB/dsm-graph.pdf>]
Overfull \hbox (24.70169pt too wide) in paragraph at lines 790--790
\T1/lmr/m/n/10.95 (-20) The proof pro-ceeds by com-put-ing the score of the mar
ginal $\OML/lmm/m/it/10.95 p\OT1/lmr/m/n/10.95 (-20) ([]) = [] \OML/lmm/m/it/10
.95 p\OT1/lmr/m/n/10.95 (-20) ([]\OMS/lmsy/m/n/10.95 j\OT1/lmr/bx/n/10.95 (-20)
 x\OT1/lmr/m/n/10.95 (-20) )\OML/lmm/m/it/10.95 p[]\OT1/lmr/m/n/10.95 (-20) (\O
T1/lmr/bx/n/10.95 (-20) x\OT1/lmr/m/n/10.95 (-20) ) []  d\OT1/lmr/bx/n/10.95 (-
20) x$\T1/lmr/m/n/10.95 (-20) .
[69] [70] [71]
Overfull \hbox (13.39633pt too wide) in paragraph at lines 915--916
[] []\T1/lmss/bx/n/10.95 (-20) Link to Tweedie's For-mula and Bayes Op-ti-mal-i
ty.[] \T1/lmr/m/n/10.95 (-20) Let $\OML/lmm/m/it/10.95 p[]\OT1/lmr/m/n/10.95 (-
20) ([]) = []\OML/lmm/m/it/10.95 p[] \OMS/lmsy/m/n/10.95 ^^C N\OT1/lmr/m/n/10.9
5 (-20) (\OT1/lmr/bx/n/10.95 (-20) 0\OML/lmm/m/it/10.95 ; ^^[[]\OT1/lmr/bx/n/10
.95 (-20) I\OT1/lmr/m/n/10.95 (-20) )[]([])$

Overfull \hbox (12.46419pt too wide) in paragraph at lines 923--927
\T1/lmr/m/n/10.95 (-20) Hence min-i-miz-ing the ex-pected SURE equals min-i-miz
-ing the Bayes risk $\U/msb/m/n/10.95 E[][]\OMS/lmsy/m/n/10.95 k\OT1/lmr/bx/n/1
0.95 (-20) D\OT1/lmr/m/n/10.95 (-20) ([]) \OMS/lmsy/m/n/10.95 ^^@
[72] [73] [74] [75] [76 <./Images/PartB/score_function_acc.pdf>] [77 <./Images/
PartB/ncsn-graph.pdf>] [78] [79] [80] [81])
(./Chapter-3-Diffusion-Models-Today-Score-SDE-Framework.tex [82]
Chapter 4.
[83] [84 <./Images/PartB/score_landscape_2d.pdf>] [85] [86 <./Images/PartB/sde-
forward-noise.pdf>]
Overfull \hbox (11.15501pt too wide) in paragraph at lines 134--136
[]\T1/lmr/m/n/10.95 (-20) With this for-mu-la-tion, ear-lier meth-ods based on 
dis-crete time, such as NCSN ([]Song
[87 <./Images/PartB/forward_sde_ode_trajectories.pdf>] [88] [89 <./Images/PartB
/reverse_sde_and_ode_trajectories.pdf>] [90] [91] [92] [93]
Underfull \vbox (badness 10000) has occurred while \output is active [94]

LaTeX Warning: Text page 95 contains only floats.

[95 <./Images/PartB/score_sde_three_dynamics.pdf>]
Underfull \vbox (badness 3168) has occurred while \output is active [96]
[97] [98] [99] [100] [101] [102 <./Images/PartB/denoising_score_matching.pdf>]
[103]
Underfull \vbox (badness 1642) has occurred while \output is active [104 <./Ima
ges/PartB/sde_ode_trajectories.pdf>] [105] [106] [107] [108] [109] [110]
[111 <./Images/PartB/vdm-sde.pdf>] [112]
Underfull \vbox (badness 10000) has occurred while \output is active [113]
[114] [115] [116]

Package hyperref Warning: Token not allowed in a PDF string (Unicode):
(hyperref)                removing `\\' on input line 1256.


Package fancyhdr Warning: \headheight is too small (14.4pt): 
(fancyhdr)                Make it at least 26.78468pt, for example:
(fancyhdr)                \setlength{\headheight}{26.78468pt}.
(fancyhdr)                You might also make \topmargin smaller:
(fancyhdr)                \addtolength{\topmargin}{-12.38469pt}.

[117] [118]
Overfull \hbox (0.69289pt too wide) in paragraph at lines 1374--1375
[] []\T1/lmss/bx/n/10.95 (-20) Sub-sti-tut-ing into the Re-verse Tran-si-tion.[
] \T1/lmr/m/n/10.95 (-20) Sub-sti-tut-ing equa-tions Equa-tion ([][]4.1.2[][])

Package fancyhdr Warning: \headheight is too small (14.4pt): 
(fancyhdr)                Make it at least 26.78468pt, for example:
(fancyhdr)                \setlength{\headheight}{26.78468pt}.
(fancyhdr)                You might also make \topmargin smaller:
(fancyhdr)                \addtolength{\topmargin}{-12.38469pt}.

[119]
Overfull \hbox (1.01869pt too wide) in paragraph at lines 1406--1408
\T1/lmr/m/n/10.95 (-20) The ad-di-tional term $\OMS/lmsy/m/n/10.95 k\OML/lmm/m/
it/10.95 g[]\OT1/lmr/m/n/10.95 (-20) (\OML/lmm/m/it/10.95 t\OT1/lmr/m/n/10.95 (
-20) )^^A\OML/lmm/m/it/10.95 t\OMS/lmsy/m/n/10.95 r[] [] \OML/lmm/m/it/10.95 p[
]\OT1/lmr/m/n/10.95 (-20) (\OT1/lmr/bx/n/10.95 (-20) x[]\OT1/lmr/m/n/10.95 (-20
) )\OMS/lmsy/m/n/10.95 k[]$ \T1/lmr/m/n/10.95 (-20) from com-plet-ing the squar
e is $\OMS/lmsy/m/n/10.95 O\OT1/lmr/m/n/10.95 (-20) ((^^A\OML/lmm/m/it/10.95 t\
OT1/lmr/m/n/10.95 (-20) )[])$
[120]) (./Chapter-4-Flow-Based-Perspective-From-NFs-to-Flow-Matching.tex
[121]
Chapter 5.
[122] [123]
Underfull \vbox (badness 2277) has occurred while \output is active [124 <./Ima
ges/PartB/flow_density.pdf>] [125] [126]
Overfull \hbox (9.0443pt too wide) in paragraph at lines 252--253
[]\T1/lmr/m/n/10.95 (-20) This for-mu-la-tion, in-deed, cor-re-sponds to the Eu
-ler dis-cretiza-tion of the continuous-
[127 <./Images/PartB/discrete_vs_continuous_side_by_side_white.pdf>]
Underfull \vbox (badness 1448) has occurred while \output is active [128]
[129 <./Images/PartB/cov_2d_layers.pdf>] [130] [131] [132] [133 <./Images/PartB
/data_vs_prior_cone_with_oval.pdf>] [134 <./Images/PartB/four_panel_simple.pdf>
] [135] [136] [137] [138]
Underfull \vbox (badness 1983) has occurred while \output is active [139 <./Ima
ges/PartB/flow_matching_conditional.pdf>] [140] [141] [142] [143] [144]
[145] [146] [147 <./Images/PartB/triptych_gray_cones_final.pdf>] [148] [149]
[150]
Overfull \hbox (4.95784pt too wide) in paragraph at lines 1170--1171
[] [] \T1/lmss/bx/n/10.95 (-20) Two-Sided Con-di-tion-ing ($\OT1/lmr/bx/n/10.95
 (-20) z = (x[]\OML/lmm/b/it/10.95 ; \OT1/lmr/bx/n/10.95 (-20) x[])$\T1/lmss/bx
/n/10.95 (-20) ).[] \T1/lmr/m/n/10.95 (-20) The same tem-plate with $\OML/lmm/b
/it/10.95 ^^V[]\OT1/lmr/m/n/10.95 (-20) (\OT1/lmr/bx/n/10.95 (-20) x[]\OML/lmm/
m/it/10.95 ; \OT1/lmr/bx/n/10.95 (-20) x[]\OT1/lmr/m/n/10.95 (-20) ) =
[151] [152]
Underfull \hbox (badness 4872) in paragraph at lines 1208--1208
[]|\T1/lmr/m/n/7 (+20) Convenient when $\OML/lmm/m/it/7 p[]\OT1/lmr/m/n/7 (+20)
 (\OMS/lmsy/m/n/7 ^^Aj\OT1/lmr/bx/n/7 (+20) z\OT1/lmr/m/n/7 (+20) )$ \T1/lmr/m/
n/7 (+20) is Gaus-sian /

Underfull \hbox (badness 10000) in paragraph at lines 1208--1209
[]|\T1/lmr/m/n/7 (+20) Given $\OT1/lmr/bx/n/7 (+20) 	[]\OT1/lmr/m/n/7 (+20) (\O
MS/lmsy/m/n/7 ^^Aj\OT1/lmr/bx/n/7 (+20) z\OT1/lmr/m/n/7 (+20) )$\T1/lmr/m/n/7 (
+20) , both $\OML/lmm/m/it/7 p[]\OT1/lmr/m/n/7 (+20) (\OMS/lmsy/m/n/7 ^^Aj\OT1/
lmr/bx/n/7 (+20) z\OT1/lmr/m/n/7 (+20) ) =

Underfull \hbox (badness 10000) in paragraph at lines 1208--1209
\OT1/lmr/m/n/7 (+20) (\OT1/lmr/bx/n/7 (+20) 	[]\OT1/lmr/m/n/7 (+20) (\OMS/lmsy/
m/n/7 ^^Aj\OT1/lmr/bx/n/7 (+20) z\OT1/lmr/m/n/7 (+20) ))[]\OML/lmm/m/it/7 p[]$ 
\T1/lmr/m/n/7 (+20) and $\OT1/lmr/bx/n/7 (+20) v[]\OT1/lmr/m/n/7 (+20) (\OMS/lm
sy/m/n/7 ^^Aj\OT1/lmr/bx/n/7 (+20) z\OT1/lmr/m/n/7 (+20) )$ \T1/lmr/m/n/7 (+20)
 are de-ter-

Underfull \hbox (badness 10000) in paragraph at lines 1213--1215
\T1/lmr/m/n/7 (+20) easy bound-ary con-trol; ac-com-mo-dates

Overfull \hbox (4.65683pt too wide) in paragraph at lines 1205--1215
 [] 
[153] [154] [155 <./Images/PartB/straightness_counterexample.pdf>] [156]
pdfTeX warning (ext4): destination with the same identifier (name{ALG@line.1}) 
has been already used, duplicate ignored
<to be read again> 
                   \relax 
l.1406 \State
              \textbfs{Pre-Train Diffusion.} Fit $\rvv_{\bphi^\times}$ on th...

pdfTeX warning (ext4): destination with the same identifier (name{ALG@line.2}) 
has been already used, duplicate ignored
<to be read again> 
                   \relax 
l.1411 \State
              \textbfs{Rectify.} Sample $\rvz_0 \sim p_{\text{src}}$ and int...
[157] [158] [159] [160 <./Images/PartB/rectified_flow_trained.pdf>] [161])
(./Chapter-5-They-Are-All-Equivalent.tex [162]
Chapter 6.
[163] [164] [165] [166] [167] [168] [169]
Overfull \hbox (7.82498pt too wide) in paragraph at lines 313--314
[]\T1/lmr/m/n/10.95 (-20) Prediction types of $[][]$ and their as-so-ci-ated re
-gres-sion tar-gets $[][]$; 
[170] (/usr/local/texlive/2026/texmf-dist/tex/latex/lm/ot1lmtt.fd) [171{/usr/lo
cal/texlive/2026/texmf-dist/fonts/enc/dvips/lm/lm-rmtt.enc}] [172] [173]
[174] [175]
Underfull \vbox (badness 10000) has occurred while \output is active [176]
[177] [178] [179] [180] [181] [182] [183]
Underfull \vbox (badness 1874) has occurred while \output is active [184]
[185] [186] [187] [188] [189]) (./Chapter-4-plus-OT-and-Diffusion-Model.tex
[190]
Chapter 7.

Overfull \hbox (7.4983pt too wide) in paragraph at lines 13--24
\T1/lmr/m/n/10.95 (-20) trans-port, and Schrödinger bridges as for-mu-la-tions 
of the dis-tri-bu-tion^^Uto^^Udistribution
[191]
Underfull \vbox (badness 10000) detected at line 59
[192] [193] [194 <./Images/PartB/ot_2d_coupling_comparison.pdf>] [195] [196]
[197 <./Images/PartB/ot_illustration.pdf>] [198] [199] [200]
Underfull \vbox (badness 1253) has occurred while \output is active [201 <./Ima
ges/PartB/sb_illustration.pdf>] [202]
Overfull \hbox (3.07677pt too wide) in paragraph at lines 557--559
\T1/lmr/m/n/10.95 (-20) In the reverse-time stochas-tic con-trol for-mu-la-tion
 of Equa-tion ([][]7.2.8[][])(same quadratic
[203] [204] [205] [206] [207 <./Images/PartB/eot_epsilon_interpolation.pdf>]
[208] [209] [210] [211] [212] [213] [214] [215] [216 <./Images/PartB/pfode_vs_o
t_2d.pdf>] [217] [218] [219]
Underfull \vbox (badness 10000) has occurred while \output is active [220]
[221] [222] [223] [224]) [225] (./Part-C-D-diagram.tex)
(./Chapter-6-Guidance.tex [226]
Chapter 8.
[227] [228 <./Images/PartC/guidance.pdf>] [229] [230] [231] [232] [233]
[234] [235 <./Images/PartB/classifier_guidance_v2.pdf>]
pdfTeX warning (ext4): destination with the same identifier (name{ALG@line.1}) 
has been already used, duplicate ignored
<to be read again> 
                   \relax 
l.463       \Repeat
                   
pdfTeX warning (ext4): destination with the same identifier (name{ALG@line.2}) 
has been already used, duplicate ignored
<to be read again> 
                   \relax 
l.464         \State
                     $\rvx \sim p_{\text{data}}(\rvx)$
pdfTeX warning (ext4): destination with the same identifier (name{ALG@line.3}) 
has been already used, duplicate ignored
<to be read again> 
                   \relax 
l.465         \State
                     $t \sim \mathcal{U}[0, T]$
pdfTeX warning (ext4): destination with the same identifier (name{ALG@line.4}) 
has been already used, duplicate ignored
<to be read again> 
                   \relax 
l.466         \State
                     $\bm{\epsilon} \sim \mathcal{N}(\mathbf{0}, \mathbf{I})$
pdfTeX warning (ext4): destination with the same identifier (name{ALG@line.5}) 
has been already used, duplicate ignored
<to be read again> 
                   \relax 
l.467         \State
                     $\rvx_t = \alpha_t \rvx + \sigma_t \bm{\epsilon}$
pdfTeX warning (ext4): destination with the same identifier (name{ALG@line.6}) 
has been already used, duplicate ignored
<to be read again> 
                   \relax 
l.468         \State
                     Take gradient step on:
pdfTeX warning (ext4): destination with the same identifier (name{ALG@line.7}) 
has been already used, duplicate ignored
<to be read again> 
                   \relax 
l.470       \Until
                  {converged}
Underfull \hbox (badness 4479) in paragraph at lines 481--482
[][]$\OML/lmm/m/it/10 p[]$\T1/lmr/m/n/10 (+20) : prob. of un-con-di-tional

pdfTeX warning (ext4): destination with the same identifier (name{ALG@line.1}) 
has been already used, duplicate ignored
<to be read again> 
                   \relax 
l.482       \Repeat
                   
pdfTeX warning (ext4): destination with the same identifier (name{ALG@line.2}) 
has been already used, duplicate ignored
<to be read again> 
                   \relax 
l.483         \State
                     \textcolor{orange}{$(\rvx, \rvc) \sim p_{\text{data}}(\...

pdfTeX warning (ext4): destination with the same identifier (name{ALG@line.3}) 
has been already used, duplicate ignored
<to be read again> 
                   \relax 
l.484         \State
                     \textcolor{orange}{$\rvc \gets \emptyset$ with prob. $p...

pdfTeX warning (ext4): destination with the same identifier (name{ALG@line.4}) 
has been already used, duplicate ignored
<to be read again> 
                   \relax 
l.485         \State
                     $t \sim \mathcal{U}[0, T]$
pdfTeX warning (ext4): destination with the same identifier (name{ALG@line.5}) 
has been already used, duplicate ignored
<to be read again> 
                   \relax 
l.486         \State
                     $\bm{\epsilon} \sim \mathcal{N}(\mathbf{0}, \mathbf{I})$
pdfTeX warning (ext4): destination with the same identifier (name{ALG@line.6}) 
has been already used, duplicate ignored
<to be read again> 
                   \relax 
l.487         \State
                     $\rvx_t = \alpha_t \rvx + \sigma_t \bm{\epsilon}$
pdfTeX warning (ext4): destination with the same identifier (name{ALG@line.7}) 
has been already used, duplicate ignored
<to be read again> 
                   \relax 
l.488         \State
                     Take gradient step on:
pdfTeX warning (ext4): destination with the same identifier (name{ALG@line.8}) 
has been already used, duplicate ignored
<to be read again> 
                   \relax 
l.490       \Until
                  {converged}
Underfull \vbox (badness 1824) has occurred while \output is active [236]
[237] [238] [239] [240] [241] [242] [243] [244]

Package fancyhdr Warning: \headheight is too small (14.4pt): 
(fancyhdr)                Make it at least 26.32425pt, for example:
(fancyhdr)                \setlength{\headheight}{26.32425pt}.
(fancyhdr)                You might also make \topmargin smaller:
(fancyhdr)                \addtolength{\topmargin}{-11.92426pt}.

[245] [246]

Package fancyhdr Warning: \headheight is too small (14.4pt): 
(fancyhdr)                Make it at least 26.32425pt, for example:
(fancyhdr)                \setlength{\headheight}{26.32425pt}.
(fancyhdr)                You might also make \topmargin smaller:
(fancyhdr)                \addtolength{\topmargin}{-11.92426pt}.

[247] [248]
Overfull \hbox (13.97963pt too wide) in paragraph at lines 1063--1065
\T1/lmr/m/n/10.95 (-20) where $\OML/lmm/m/it/10.95 ^^Y[]\OT1/lmr/m/n/10.95 (-20
) (\OT1/lmr/bx/n/10.95 (-20) x\OMS/lmsy/m/n/10.95 j\OT1/lmr/bx/n/10.95 (-20) c\
OT1/lmr/m/n/10.95 (-20) ) := \OML/lmm/m/it/10.95 p[]\OT1/lmr/m/n/10.95 (-20) (\
OT1/lmr/bx/n/10.95 (-20) x\OMS/lmsy/m/n/10.95 j\OT1/lmr/bx/n/10.95 (-20) c\OT1/
lmr/m/n/10.95 (-20) )$\T1/lmr/m/n/10.95 (-20) , and $\OML/lmm/m/it/10.95 Z\OT1/
lmr/m/n/10.95 (-20) (\OT1/lmr/bx/n/10.95 (-20) c\OT1/lmr/m/n/10.95 (-20) )$ \T1
/lmr/m/n/10.95 (-20) is the par-ti-tion func-tion en-sur-ing $[] \OML/lmm/m/it/
10.95 ^^Y[]\OT1/lmr/m/n/10.95 (-20) (\OT1/lmr/bx/n/10.95 (-20) x\OMS/lmsy/m/n/1
0.95 j\OT1/lmr/bx/n/10.95 (-20) c\OT1/lmr/m/n/10.95 (-20) ) []  d\OT1/lmr/bx/n/
10.95 (-20) x \OT1/lmr/m/n/10.95 (-20) =

Package fancyhdr Warning: \headheight is too small (14.4pt): 
(fancyhdr)                Make it at least 26.32425pt, for example:
(fancyhdr)                \setlength{\headheight}{26.32425pt}.
(fancyhdr)                You might also make \topmargin smaller:
(fancyhdr)                \addtolength{\topmargin}{-11.92426pt}.

[249] [250]

Package fancyhdr Warning: \headheight is too small (14.4pt): 
(fancyhdr)                Make it at least 26.32425pt, for example:
(fancyhdr)                \setlength{\headheight}{26.32425pt}.
(fancyhdr)                You might also make \topmargin smaller:
(fancyhdr)                \addtolength{\topmargin}{-11.92426pt}.

[251] [252]

Package fancyhdr Warning: \headheight is too small (14.4pt): 
(fancyhdr)                Make it at least 26.32425pt, for example:
(fancyhdr)                \setlength{\headheight}{26.32425pt}.
(fancyhdr)                You might also make \topmargin smaller:
(fancyhdr)                \addtolength{\topmargin}{-11.92426pt}.

[253] [254]) (./Chapter-7-Sophisticated-Solvers-for-Fast-Sampling.tex [255]
Chapter 9.
[256]
Overfull \hbox (8.45221pt too wide) in paragraph at lines 24--26
[]\T1/lmr/m/n/10.95 (-20) Concretely, sup-pose we have a pre-trained dif-fu-sio
n model $\OT1/lmr/bx/n/10.95 (-20) s[]\OT1/lmr/m/n/10.95 (-20) (\OT1/lmr/bx/n/1
0.95 (-20) x\OML/lmm/m/it/10.95 ; t\OT1/lmr/m/n/10.95 (-20) ) \OMS/lmsy/m/n/10.
95 ^^Y r[] [] \OML/lmm/m/it/10.95 p[]\OT1/lmr/m/n/10.95 (-20) (\OT1/lmr/bx/n/10
.95 (-20) x\OT1/lmr/m/n/10.95 (-20) )$
[257]
Overfull \hbox (1.7571pt too wide) in paragraph at lines 94--96
\T1/lmr/m/n/10.95 (-20) vates spe-cial-ized in-te-gra-tors (see dis-cus-sion ne
ar Equa-tion ([][]9.1.6[][]) be-low) ([]Hochbruck
[258] [259] [260]
Overfull \hbox (5.58119pt too wide) in paragraph at lines 236--237
\T1/lmr/m/n/10.95 (-20) fam-ily, in-clud-ing DPM-Solver ([]Lu \T1/lmr/m/it/10.9
5 (-20) et al.\T1/lmr/m/n/10.95 (-20) , [][]2022b[][]) (Sec-tion [][]9.4[][]), 
and DPM-Solver\T1/lmtt/m/n/10.95 ++ \T1/lmr/m/n/10.95 (-20) ([]Lu
[261] [262] [263] [264]
Underfull \vbox (badness 10000) has occurred while \output is active [265]
[266]
Underfull \vbox (badness 10000) has occurred while \output is active [267 <./Im
ages/PartB/Euler.pdf>] [268] [269] [270] [271]
Overfull \hbox (5.26273pt too wide) in paragraph at lines 744--746
\T1/lmr/m/n/10.95 (-20) This con-struc-tion re-moves any de-pen-dence on the fo
r-ward one-step ker-nel $\OML/lmm/m/it/10.95 p\OT1/lmr/m/n/10.95 (-20) (\OT1/lm
r/bx/n/10.95 (-20) x[]\OMS/lmsy/m/n/10.95 j\OT1/lmr/bx/n/10.95 (-20) x[]\OT1/lm
r/m/n/10.95 (-20) )$
[272] [273] [274] [275] [276] [277]
Underfull \vbox (badness 4001) has occurred while \output is active [278]
[279 <./Images/PartC/DEIS.pdf>] [280]
Overfull \hbox (26.71896pt too wide) in paragraph at lines 1486--1490
\T1/lmr/m/n/10.95 (-20) where $\OML/lmm/m/it/10.95 `[]$ \T1/lmr/m/n/10.95 (-20)
 is the La-grange ba-sis of de-gree $\OML/lmm/m/it/10.95 i[]\OT1/lmr/m/n/10.95 
(-20) 1$ \T1/lmr/m/n/10.95 (-20) built on the nodes at time $\OMS/lmsy/m/n/10.9
5 f\OML/lmm/m/it/10.95 t[]; t[]; [] ; t[]\OMS/lmsy/m/n/10.95 g$\T1/lmr/m/n/10.9
5 (-20) .
[281] [282]
Overfull \hbox (5.46278pt too wide) in paragraph at lines 1576--1577
\T1/lmr/m/n/10.95 (-20) The DPM-Solver fam-ily, in-clud-ing DPM-Solver ([]Lu \T
1/lmr/m/it/10.95 (-20) et al.\T1/lmr/m/n/10.95 (-20) , [][]2022b[][]), DPM-Solv
er\T1/lmtt/m/n/10.95 ++ \T1/lmr/m/n/10.95 (-20) ([]Lu
[283]
Underfull \vbox (badness 3302) has occurred while \output is active [284]
Overfull \hbox (7.00385pt too wide) in paragraph at lines 1659--1660
[] []\T1/lmss/bx/n/10.95 (-20) In-tu-ition of Why Repa-ram-e-ter-ize Time?[] \T
1/lmr/m/n/10.95 (-20) For strictly mono-tone $\OML/lmm/m/it/10.95 ^^U\OT1/lmr/m
/n/10.95 (-20) (\OML/lmm/m/it/10.95 t\OT1/lmr/m/n/10.95 (-20) )$\T1/lmr/m/n/10.
95 (-20) , the first^^Uorder
[285]

Package mdframed Warning: You got a bad break
(mdframed)                because the last box will be empty
(mdframed)                you have to change it manually
(mdframed)                by changing the text, the space
(mdframed)                or something else on input line 1741.

[286] [287]
pdfTeX warning (ext4): destination with the same identifier (name{ALG@line.1}) 
has been already used, duplicate ignored
<to be read again> 
                   \relax 
l.1833         \State
                      $\tilde\rvx_{t_0}\gets\rvx_T$
pdfTeX warning (ext4): destination with the same identifier (name{ALG@line.2}) 
has been already used, duplicate ignored
<to be read again> 
                   \relax 
l.1834         \For
                   {$i\gets 1$ to $M$}
pdfTeX warning (ext4): destination with the same identifier (name{ALG@line.3}) 
has been already used, duplicate ignored
<to be read again> 
                   \relax 
l.1835         \State
                      $h_i \gets \lambda_{t_i} - \lambda_{t_{i-1}}$
pdfTeX warning (ext4): destination with the same identifier (name{ALG@line.4}) 
has been already used, duplicate ignored
<to be read again> 
                   \relax 
l.1836         \State
                      $s_{i}^{\text{mid}} \gets t_{\lambda}\left(\tfrac{\lam...

pdfTeX warning (ext4): destination with the same identifier (name{ALG@line.5}) 
has been already used, duplicate ignored
<to be read again> 
                   \relax 
l.1837         \State
                     
pdfTeX warning (ext4): destination with the same identifier (name{ALG@line.6}) 
has been already used, duplicate ignored
<to be read again> 
                   \relax 
l.1839     \State
                   $\tilde\rvx_{t_{i}} \gets \tfrac{\alpha_{t_{i}}}{\alpha_{...

pdfTeX warning (ext4): destination with the same identifier (name{ALG@line.7}) 
has been already used, duplicate ignored
<to be read again> 
                   \relax 
l.1840         \EndFor
                      
pdfTeX warning (ext4): destination with the same identifier (name{ALG@line.8}) 
has been already used, duplicate ignored
<to be read again> 
                   \relax 
l.1841         \State
                      \Return $\tilde\rvx_{t_M}$ [288]
Underfull \vbox (badness 2418) has occurred while \output is active [289]
[290] [291] [292 <./Images/PartC/Heun.pdf>] [293] [294] [295]
pdfTeX warning (ext4): destination with the same identifier (name{ALG@line.1}) 
has been already used, duplicate ignored
<to be read again> 
                   \relax 
l.2192     \State
                  $\tilde\rvx_{t_0}\gets\rvx_T$;\quad $\lambda_{t_i}\gets \l...

pdfTeX warning (ext4): destination with the same identifier (name{ALG@line.2}) 
has been already used, duplicate ignored
<to be read again> 
                   \relax 
l.2193     \State
                  $\hat\rvx_0 \gets \hat{\rvx}_{\bphi^\times}(\tilde\rvx_{t_...

pdfTeX warning (ext4): destination with the same identifier (name{ALG@line.3}) 
has been already used, duplicate ignored
<to be read again> 
                   \relax 
l.2194     \For
               {$i\gets 1$ \textbf{to} $M$}
pdfTeX warning (ext4): destination with the same identifier (name{ALG@line.4}) 
has been already used, duplicate ignored
<to be read again> 
                   \relax 
l.2195         \State
                      $h_i \gets \lambda_{t_i}-\lambda_{t_{i-1}}$;\quad $s_i...

pdfTeX warning (ext4): destination with the same identifier (name{ALG@line.5}) 
has been already used, duplicate ignored
<to be read again> 
                   \relax 
l.2196         \State
                      $\rvu_i \gets \tfrac{\sigma_{s_i^{\text{mid}}}}{\sigma...

pdfTeX warning (ext4): destination with the same identifier (name{ALG@line.6}) 
has been already used, duplicate ignored
<to be read again> 
                   \relax 
l.2198         \State
                      $\rmD_i^{\mathrm{mid}} \gets \hat{\rvx}_{\bphi^\times}...

pdfTeX warning (ext4): destination with the same identifier (name{ALG@line.7}) 
has been already used, duplicate ignored
<to be read again> 
                   \relax 
l.2199         \State
                      $\tilde\rvx_{t_i} \gets \tfrac{\sigma_{t_i}}{\sigma_{t...

pdfTeX warning (ext4): destination with the same identifier (name{ALG@line.8}) 
has been already used, duplicate ignored
<to be read again> 
                   \relax 
l.2201         \State
                      $\hat\rvx_i \gets \hat{\rvx}_{\bphi^\times}(\tilde\rvx...

pdfTeX warning (ext4): destination with the same identifier (name{ALG@line.9}) 
has been already used, duplicate ignored
<to be read again> 
                   \relax 
l.2202     \EndFor
                   [296] [297] [298]
pdfTeX warning (ext4): destination with the same identifier (name{ALG@line.1}) 
has been already used, duplicate ignored
<to be read again> 
                   \relax 
l.2372     \State
                  $\tilde\rvx_{t_0}\gets\rvx_T$;\quad $\lambda_{t_i}\gets \l...

pdfTeX warning (ext4): destination with the same identifier (name{ALG@line.2}) 
has been already used, duplicate ignored
<to be read again> 
                   \relax 
l.2373     \State
                  $\hat\rvx_0 \gets \hat{\rvx}_{\bphi^\times}(\tilde\rvx_{t_...

pdfTeX warning (ext4): destination with the same identifier (name{ALG@line.3}) 
has been already used, duplicate ignored
<to be read again> 
                   \relax 
l.2375     \State
                  $\tilde\rvx_{t_1} \gets \tfrac{\sigma_{t_1}}{\sigma_{t_0}}...

pdfTeX warning (ext4): destination with the same identifier (name{ALG@line.4}) 
has been already used, duplicate ignored
<to be read again> 
                   \relax 
l.2377     \State
                  $\hat\rvx_1 \gets \hat{\rvx}_{\bphi^\times}(\tilde\rvx_{t_...

pdfTeX warning (ext4): destination with the same identifier (name{ALG@line.5}) 
has been already used, duplicate ignored
<to be read again> 
                   \relax 
l.2379     \For
               {$i\gets 2$ \textbf{to} $M$}
pdfTeX warning (ext4): destination with the same identifier (name{ALG@line.6}) 
has been already used, duplicate ignored
<to be read again> 
                   \relax 
l.2380         \State
                      $r_i \gets h_i/h_{i-1}$ \Comment step ratio
pdfTeX warning (ext4): destination with the same identifier (name{ALG@line.7}) 
has been already used, duplicate ignored
<to be read again> 
                   \relax 
l.2381         \State
                      $\rmD_i^{\mathrm{sim}} \gets \Big(1+\tfrac12 r_i\Big)\...

pdfTeX warning (ext4): destination with the same identifier (name{ALG@line.8}) 
has been already used, duplicate ignored
<to be read again> 
                   \relax 
l.2382         \State
                      $\tilde\rvx_{t_i} \gets \tfrac{\sigma_{t_i}}{\sigma_{t...

pdfTeX warning (ext4): destination with the same identifier (name{ALG@line.9}) 
has been already used, duplicate ignored
<to be read again> 
                   \relax 
l.2384         \State
                      $\hat\rvx_i \gets \hat{\rvx}_{\bphi^\times}(\tilde\rvx...

pdfTeX warning (ext4): destination with the same identifier (name{ALG@line.10})
 has been already used, duplicate ignored
<to be read again> 
                   \relax 
l.2385     \EndFor
                   [299] [300] [301]
Overfull \hbox (21.52835pt too wide) in paragraph at lines 2448--2451
[]\T1/lmr/m/n/10.95 (-20) We high-light two rep-re-sen-ta-tive ex-am-ples in Ta
-ble [][]9.1[][]: the DDIM and DPM^^USolver^^U2
[302] [303] [304]
Overfull \hbox (5.70105pt too wide) in paragraph at lines 3108--3109
[]\T1/lmr/m/n/10.95 (-20) In this sec-tion, we turn to the \T1/lmr/m/it/10.95 (
-20) time^^Uparallel \T1/lmr/m/n/10.95 (-20) ap-proach, ex-em-pli-fied by \T1/l
mr/m/it/10.95 (-20) ParaDiGMS\T1/lmr/m/n/10.95 (-20) ,
[305] [306]
Underfull \hbox (badness 1515) in paragraph at lines 3220--3220
\T1/lmr/m/n/9 (+20) ward, based on the er-ror
[307 <./Images/PartC/paradigm-1.pdf> <./Images/PartC/paradigm-2.pdf

pdfTeX warning: pdflatex (file ./Images/PartC/paradigm-2.pdf): PDF inclusion: m
ultiple pdfs with page group included in a single page
> <./Images/PartC/paradigm-3.pdf

pdfTeX warning: pdflatex (file ./Images/PartC/paradigm-3.pdf): PDF inclusion: m
ultiple pdfs with page group included in a single page
>]
Overfull \hbox (19.12971pt too wide) in paragraph at lines 3261--3264
[] [] \T1/lmss/bx/n/10.95 (-20) Step 3. Progress Con-trol and Win-dow Ad-vance.
[] \T1/lmr/m/n/10.95 (-20) Hav-ing formed the left^^Uanchored

pdfTeX warning (ext4): destination with the same identifier (name{ALG@line.1}) 
has been already used, duplicate ignored
<to be read again> 
                   \relax 
l.3310     \State
                  $k \gets 0$, $\ell \gets 0$
pdfTeX warning (ext4): destination with the same identifier (name{ALG@line.2}) 
has been already used, duplicate ignored
<to be read again> 
                   \relax 
l.3311     \State
                  Sample $\rvx^{(0)}_0 \sim p_{\mathrm{prior}}$; set $\rvx^{...

pdfTeX warning (ext4): destination with the same identifier (name{ALG@line.3}) 
has been already used, duplicate ignored
<to be read again> 
                   \relax 
l.3312     \While
                 {$\ell < M$}
pdfTeX warning (ext4): destination with the same identifier (name{ALG@line.4}) 
has been already used, duplicate ignored
<to be read again> 
                   \relax 
l.3313       \State
                    $J \gets \min(p,  M-\ell)$   \Comment{current window len...

pdfTeX warning (ext4): destination with the same identifier (name{ALG@line.5}) 
has been already used, duplicate ignored
<to be read again> 
                   \relax 
l.3314       \State
                    \textbfs{Step 1: Parallel}
pdfTeX warning (ext4): destination with the same identifier (name{ALG@line.6}) 
has been already used, duplicate ignored
<to be read again> 
                   \relax 
l.3315       \State
                    For $i=0,\ldots,J-1$: $g_i \gets \rvv_{\bphi^\times} \bi...

pdfTeX warning (ext4): destination with the same identifier (name{ALG@line.7}) 
has been already used, duplicate ignored
<to be read again> 
                   \relax 
l.3317       \State
                    Compute prefix sums $S_j \gets \sum_{i=0}^{j} g_i$ for $...

pdfTeX warning (ext4): destination with the same identifier (name{ALG@line.8}) 
has been already used, duplicate ignored
<to be read again> 
                   \relax 
l.3319       \State
                    \textbfs{Step 2: Cumulative Updates}
pdfTeX warning (ext4): destination with the same identifier (name{ALG@line.9}) 
has been already used, duplicate ignored
<to be read again> 
                   \relax 
l.3320       \State
                    For $j=0,\ldots,J-1$: $\displaystyle \rvx^{(k+1)}_{\ell+...

pdfTeX warning (ext4): destination with the same identifier (name{ALG@line.10})
 has been already used, duplicate ignored
<to be read again> 
                   \relax 
l.3322       \State
                    \textbfs{Step 3: Progress Control and Window Advance}
pdfTeX warning (ext4): destination with the same identifier (name{ALG@line.11})
 has been already used, duplicate ignored
<to be read again> 
                   \relax 
l.3323       \State
                    For $j=1,\ldots,J-1$: $\mathtt{error}_j \gets \big\|\rvx...
[308] [309] [310] [311]) [312]
(./Chapter-8-Post-Training-Methods-for-Fast-Sampling.tex
Chapter 10.
[313] [314] [315] [316] [317] [318] [319] [320]
Overfull \hbox (11.47522pt too wide) in paragraph at lines 397--400
[] []\T1/lmss/bx/n/10.95 (-20) VSD for 3D Gen-er-a-tion Us-ing Only a 2D pre--t
rained Dif-fu-sion Model.[] \T1/lmr/m/n/10.95 (-20) VSD ([]Wang
[321]
Overfull \hbox (9.2261pt too wide) in paragraph at lines 464--465
\T1/lmr/m/n/10.95 (-20) In this sec-tion, we fix DDIM in the $\OT1/lmr/bx/n/10.
95 (-20) x$\T1/lmr/m/n/10.95 (-20) -prediction pa-ram-e-ter-i-za-tion as the ti
me^^Ustepping
[322 <./Images/PartD/PD.pdf>]
Underfull \vbox (badness 10000) has occurred while \output is active [323]
[324] [325] [326] [327] [328])
(./Chapter-9-Learning-Fast-Generator-from-Scratch.tex
Chapter 11.
[329] [330] [331] [332 <./Images/PartD/flow-map.pdf>] [333]
Underfull \vbox (badness 3158) has occurred while \output is active [334]
[335] [336 <./Images/PartD/semigroup.pdf>] [337] [338] [339]
Underfull \vbox (badness 3895) has occurred while \output is active [340]
Overfull \hbox (2.2714pt too wide) in paragraph at lines 611--614
\T1/lmr/m/n/10.95 (-20) and use the neu-ral net-work pa-ram-e-ter-i-za-tion pro
-posed therein (cf. Equa-tion ([][]D.6.1[][])): 
[341]
pdfTeX warning (ext4): destination with the same identifier (name{ALG@line.1}) 
has been already used, duplicate ignored
<to be read again> 
                   \relax 
l.667         \If
                 {one-step}
pdfTeX warning (ext4): destination with the same identifier (name{ALG@line.2}) 
has been already used, duplicate ignored
<to be read again> 
                   \relax 
l.668             \State
                         $\rvx \leftarrow \rvf_{\bm{\theta}^\times}(\hat{\rv...

pdfTeX warning (ext4): destination with the same identifier (name{ALG@line.3}) 
has been already used, duplicate ignored
<to be read again> 
                   \relax 
l.669         \Else
                   
pdfTeX warning (ext4): destination with the same identifier (name{ALG@line.4}) 
has been already used, duplicate ignored
<to be read again> 
                   \relax 
l.670             \State
                         $\rvx \leftarrow \rvf_{\bm{\theta}^\times}(\hat{\rv...

pdfTeX warning (ext4): destination with the same identifier (name{ALG@line.5}) 
has been already used, duplicate ignored
<to be read again> 
                   \relax 
l.671             \For
                      {$m=1$ \textbf{to} $M-1$}
pdfTeX warning (ext4): destination with the same identifier (name{ALG@line.6}) 
has been already used, duplicate ignored
<to be read again> 
                   \relax 
l.672                 \State
                             Sample $\bm{\epsilon} \sim \mathcal{N}(\bm{0}, ...

pdfTeX warning (ext4): destination with the same identifier (name{ALG@line.7}) 
has been already used, duplicate ignored
<to be read again> 
                   \relax 
l.673                 \State
                             $\hat{\rvx}_{\tau_m} \leftarrow \alpha_{\tau_m}...

pdfTeX warning (ext4): destination with the same identifier (name{ALG@line.8}) 
has been already used, duplicate ignored
<to be read again> 
                   \relax 
l.674                 \State
                             $\rvx \leftarrow \rvf_{\bm{\theta}^\times}(\hat...

pdfTeX warning (ext4): destination with the same identifier (name{ALG@line.9}) 
has been already used, duplicate ignored
<to be read again> 
                   \relax 
l.675             \EndFor
                         
pdfTeX warning (ext4): destination with the same identifier (name{ALG@line.10})
 has been already used, duplicate ignored
<to be read again> 
                   \relax 
l.676         \EndIf
                     [342] [343] [344] [345]
Overfull \hbox (3.5047pt too wide) in paragraph at lines 881--885
\T1/lmr/m/n/10.95 (-20) We de-note the re-sult-ing ob-jec-tive as $\OMS/lmsy/m/
n/10.95 L[]\OT1/lmr/m/n/10.95 (-20) (\OML/lmm/b/it/10.95 ^^R\OML/lmm/m/it/10.95
 ; \OML/lmm/b/it/10.95 ^^R[]\OT1/lmr/m/n/10.95 (-20) ; \OML/lmm/b/it/10.95 ^^^[
]\OT1/lmr/m/n/10.95 (-20) )$\T1/lmr/m/n/10.95 (-20) . Ac-cord-ingly, Propo-si-t
ion [][]11.3.1[][]
[346] [347] [348] [349] [350]
pdfTeX warning (ext4): destination with the same identifier (name{ALG@line.1}) 
has been already used, duplicate ignored
<to be read again> 
                   \relax 
l.1148 \State
              \textbfs{Init:} $\bm{\theta} \gets \bm{\theta}_{\text{pretrain...

pdfTeX warning (ext4): destination with the same identifier (name{ALG@line.2}) 
has been already used, duplicate ignored
<to be read again> 
                   \relax 
l.1149 \Repeat
              
pdfTeX warning (ext4): destination with the same identifier (name{ALG@line.3}) 
has been already used, duplicate ignored
<to be read again> 
                   \relax 
l.1150     \State
                  $\rvx_0 \sim \mathcal{D}$, $\mathbf{z} \sim \mathcal{N}(\b...

pdfTeX warning (ext4): destination with the same identifier (name{ALG@line.4}) 
has been already used, duplicate ignored
<to be read again> 
                   \relax 
l.1151     \State
                  $\rvx_s \gets \cos(s) \rvx_0 + \sin(s) \mathbf{z}$
pdfTeX warning (ext4): destination with the same identifier (name{ALG@line.5}) 
has been already used, duplicate ignored
<to be read again> 
                   \relax 
l.1152     \If
              {consistency training}
pdfTeX warning (ext4): destination with the same identifier (name{ALG@line.6}) 
has been already used, duplicate ignored
<to be read again> 
                   \relax 
l.1153         \State
                      $\frac{\diff\rvx_s}{\diff s} \gets \cos(s) \mathbf{z} ...

pdfTeX warning (ext4): destination with the same identifier (name{ALG@line.7}) 
has been already used, duplicate ignored
<to be read again> 
                   \relax 
l.1154     \Else
                
pdfTeX warning (ext4): destination with the same identifier (name{ALG@line.8}) 
has been already used, duplicate ignored
<to be read again> 
                   \relax 
l.1155         \State
                      $\frac{\diff\rvx_s}{\diff s} \gets \sigma_{\mathrm{d}}...

pdfTeX warning (ext4): destination with the same identifier (name{ALG@line.9}) 
has been already used, duplicate ignored
<to be read again> 
                   \relax 
l.1156     \EndIf
                 
pdfTeX warning (ext4): destination with the same identifier (name{ALG@line.10})
 has been already used, duplicate ignored
<to be read again> 
                   \relax 
l.1157     \State
                  $r \gets \min\left(1, \frac{\text{Iters}}{H}\right)$ \hfil...

pdfTeX warning (ext4): destination with the same identifier (name{ALG@line.11})
 has been already used, duplicate ignored
<to be read again> 
                   \relax 
l.1158     \State
                  $\rvw \gets - \cos^2(s) (\sigma_{\mathrm{d}} \mathbf{F}_{\...

pdfTeX warning (ext4): destination with the same identifier (name{ALG@line.12})
 has been already used, duplicate ignored
<to be read again> 
                   \relax 
l.1159     \State
                  $\rvw \gets \frac{\rvw}{\|\rvw\| + c}$ \hfill \Comment{ Ta...

pdfTeX warning (ext4): destination with the same identifier (name{ALG@line.13})
 has been already used, duplicate ignored
<to be read again> 
                   \relax 
l.1160     \State
                  $\mathcal{L}_{\text{sCM}}(\bm{\theta}, \boldsymbol{\varphi...

pdfTeX warning (ext4): destination with the same identifier (name{ALG@line.14})
 has been already used, duplicate ignored
<to be read again> 
                   \relax 
l.1162     \State
                  $(\bm{\theta}, \boldsymbol{\varphi}) \gets (\bm{\theta}, \...

pdfTeX warning (ext4): destination with the same identifier (name{ALG@line.15})
 has been already used, duplicate ignored
<to be read again> 
                   \relax 
l.1163     \State
                  Iters $\gets$ Iters + 1
pdfTeX warning (ext4): destination with the same identifier (name{ALG@line.16})
 has been already used, duplicate ignored
<to be read again> 
                   \relax 
l.1164 \Until
             {convergence} [351] [352] [353] [354] [355] [356] [357 <./Images/P
artD/ctm-target.pdf>]
pdfTeX warning (ext4): destination with the same identifier (name{ALG@line.1}) 
has been already used, duplicate ignored
<to be read again> 
                   \relax 
l.1628     \State
                  Start from $\mathbf{x}_{\tau_{0}}\sim p_{\mathrm{prior}}=\...

pdfTeX warning (ext4): destination with the same identifier (name{ALG@line.2}) 
has been already used, duplicate ignored
<to be read again> 
                   \relax 
l.1629         \For
                   {$n=0$ to $M-1$}
pdfTeX warning (ext4): destination with the same identifier (name{ALG@line.3}) 
has been already used, duplicate ignored
<to be read again> 
                   \relax 
l.1630         \State
                      $\tilde{\tau}_{n+1}\leftarrow \sqrt{1-\gamma^{2}}\tau_...

pdfTeX warning (ext4): destination with the same identifier (name{ALG@line.4}) 
has been already used, duplicate ignored
<to be read again> 
                   \relax 
l.1631         \State
                      Denoise $\mathbf{x}_{\tilde{\tau}_{n+1}}\leftarrow \ma...

pdfTeX warning (ext4): destination with the same identifier (name{ALG@line.5}) 
has been already used, duplicate ignored
<to be read again> 
                   \relax 
l.1632         \State
                      Diffuse $\mathbf{x}_{\tau_{n+1}}\leftarrow\mathbf{x}_{...

pdfTeX warning (ext4): destination with the same identifier (name{ALG@line.6}) 
has been already used, duplicate ignored
<to be read again> 
                   \relax 
l.1633         \EndFor
                      
Underfull \vbox (badness 3460) has occurred while \output is active [358]
[359 <./Images/PartD/ctm_gamma.pdf>] [360] [361] [362] [363] [364] [365]
[366] [367] [368 <./Images/PartD/lagrangian-1.pdf> <./Images/PartD/lagrangian-2
.pdf

pdfTeX warning: pdflatex (file ./Images/PartD/lagrangian-2.pdf): PDF inclusion:
 multiple pdfs with page group included in a single page
>] [369 <./Images/PartD/eulerian-1.pdf> <./Images/PartD/eulerian-2.pdf

pdfTeX warning: pdflatex (file ./Images/PartD/eulerian-2.pdf): PDF inclusion: m
ultiple pdfs with page group included in a single page
>]
Overfull \hbox (22.80934pt too wide) detected at line 2146
\OT1/lmr/bx/n/10.95 	[]\OT1/lmr/m/n/10.95 (\OT1/lmr/bx/n/10.95 x[]\OT1/lmr/m/n/
10.95 ) = \OT1/lmr/bx/n/10.95 	[]\OT1/lmr/m/n/10.95 (\OT1/lmr/bx/n/10.95 x[]\OT
1/lmr/m/n/10.95 ) \OMS/lmsy/m/n/10.95 ^^@ \OT1/lmr/m/n/10.95 ^^A\OML/lmm/m/it/1
0.95 s []@[]\OT1/lmr/bx/n/10.95 	[][]\OT1/lmr/m/n/10.95 (\OT1/lmr/bx/n/10.95 x[
]\OT1/lmr/m/n/10.95 )\OT1/lmr/bx/n/10.95 v[]\OT1/lmr/m/n/10.95 (\OT1/lmr/bx/n/1
0.95 x[]\OML/lmm/m/it/10.95 ; s\OT1/lmr/m/n/10.95 ) \OMS/lmsy/m/n/10.95 ^^@ \OT
1/lmr/m/n/10.95 ^^A\OML/lmm/m/it/10.95 s @[]\OT1/lmr/bx/n/10.95 	[]\OT1/lmr/m/n
/10.95 (\OT1/lmr/bx/n/10.95 x[]\OT1/lmr/m/n/10.95 ) + \OMS/lmsy/m/n/10.95 O[]\O
T1/lmr/m/n/10.95 (^^A\OML/lmm/m/it/10.95 s\OT1/lmr/m/n/10.95 )[][]\OML/lmm/m/it
/10.95 :
[370] [371]) [372] (./Chapter-10-Epilogue-and-Outlook.tex
Chapter 12.
[373] [374] [375 <./Images/appendix/vector_field_only.pdf> <./Images/appendix/p
article_cloud.pdf> <./Images/appendix/vector_field_with_density.pdf>] [376]
[377] [378] [379] [380] [381 <./Images/PartE/fig_notation_overview.pdf>]
[382] [383] [384 <./Images/PartE/ctmc_trajectory.pdf>] [385] [386 <./Images/Par
tE/masked_vs_uniform_diffusion.pdf>] [387] [388] [389]
Overfull \hbox (3.32158pt too wide) in paragraph at lines 771--779
[]\T1/lmr/m/n/10.95 (-20) This clean-state parametriza-tion is com-mon in multi
nomial/D3PM-style discrete-
[390]
Overfull \hbox (5.91972pt too wide) in paragraph at lines 835--842
[] [] \T1/lmss/bx/n/10.95 (-20) The Ra-tio as a Dis-crete Ana-logue of the Scor
e.[] \T1/lmr/m/n/10.95 (-20) Now in-spect Equa-tion ([][]12.2.7[][]).
[391] [392] [393]
Underfull \hbox (badness 1742) in paragraph at lines 970--971
[]|\T1/lmr/m/n/7 (+20) Transition-matrix prop-a-ga-tion or mas-ter

Overfull \hbox (4.64502pt too wide) in paragraph at lines 951--1003
 [][] 
[394] [395] [396]) [397] (./A_Crash-Course-of-DE.tex [398]
Appendix A.
[399] [400 <./Images/PartE/discrete_vs_continuous_ode.pdf>] [401] [402]
[403] [404] [405] [406] [407] [408] [409]
Overfull \hbox (1.79828pt too wide) in paragraph at lines 368--369
[] []\T1/lmss/bx/n/10.95 (-20) Stochas-tic Dif-fer-en-tial Equa-tions.[] \T1/lm
r/m/n/10.95 (-20) For-mally, the limit of the dis-crete up-date Equa-
[410] [411] [412]) (./B_Continuity-Equation.tex [413]
Appendix B.
[414]

Package hyperref Warning: Token not allowed in a PDF string (Unicode):
(hyperref)                removing `\\' on input line 87.


Package fancyhdr Warning: \headheight is too small (14.4pt): 
(fancyhdr)                Make it at least 26.32425pt, for example:
(fancyhdr)                \setlength{\headheight}{26.32425pt}.
(fancyhdr)                You might also make \topmargin smaller:
(fancyhdr)                \addtolength{\topmargin}{-11.92426pt}.

[415] [416]

Package fancyhdr Warning: \headheight is too small (14.4pt): 
(fancyhdr)                Make it at least 26.32425pt, for example:
(fancyhdr)                \setlength{\headheight}{26.32425pt}.
(fancyhdr)                You might also make \topmargin smaller:
(fancyhdr)                \addtolength{\topmargin}{-11.92426pt}.

[417]
Overfull \hbox (13.12074pt too wide) detected at line 221
[]
[418]

Package fancyhdr Warning: \headheight is too small (14.4pt): 
(fancyhdr)                Make it at least 26.32425pt, for example:
(fancyhdr)                \setlength{\headheight}{26.32425pt}.
(fancyhdr)                You might also make \topmargin smaller:
(fancyhdr)                \addtolength{\topmargin}{-11.92426pt}.

[419] [420]
Overfull \hbox (47.15231pt too wide) in paragraph at lines 339--342
\T1/lmr/m/it/10.95 (-20) Why? \T1/lmr/m/n/10.95 (-20) By Equa-tion ([][]B.1.1[]
[]) writ-ten in the orig-i-nal co-or-di-nates, $\OML/lmm/m/it/10.95 p[]\OT1/lmr
/m/n/10.95 (-20) (\OT1/lmr/bx/n/10.95 (-20) x[]\OT1/lmr/m/n/10.95 (-20) ) = \OM
L/lmm/m/it/10.95 p[]\OT1/lmr/m/n/10.95 (-20) (\OT1/lmr/bx/n/10.95 (-20) x[]\OT1
/lmr/m/n/10.95 (-20) )  []  [][][]$\T1/lmr/m/n/10.95 (-20) ,

Package fancyhdr Warning: \headheight is too small (14.4pt): 
(fancyhdr)                Make it at least 26.32425pt, for example:
(fancyhdr)                \setlength{\headheight}{26.32425pt}.
(fancyhdr)                You might also make \topmargin smaller:
(fancyhdr)                \addtolength{\topmargin}{-11.92426pt}.

[421] [422]
Overfull \hbox (7.89894pt too wide) detected at line 441
[]

Package fancyhdr Warning: \headheight is too small (14.4pt): 
(fancyhdr)                Make it at least 26.32425pt, for example:
(fancyhdr)                \setlength{\headheight}{26.32425pt}.
(fancyhdr)                You might also make \topmargin smaller:
(fancyhdr)                \addtolength{\topmargin}{-11.92426pt}.

[423] [424] [425]
Overfull \hbox (22.98817pt too wide) detected at line 585
[][]   [][] []\OML/lmm/m/it/10.95 P\OT1/lmr/m/n/10.95 (\OML/lmm/m/it/10.95 b; y
; z\OT1/lmr/m/n/10.95 ) \OMS/lmsy/m/n/10.95 ^^@ \OML/lmm/m/it/10.95 P\OT1/lmr/m
/n/10.95 (\OML/lmm/m/it/10.95 a; y; z\OT1/lmr/m/n/10.95 )[]  []  d\OML/lmm/m/it
/10.95 y  []  \OT1/lmr/m/n/10.95 d\OML/lmm/m/it/10.95 z  []  [][]   [][]   [][]
 []\OT1/lmr/m/n/10.95 (\OML/lmm/m/it/10.95 x; y; z\OT1/lmr/m/n/10.95 )  []  d\O
ML/lmm/m/it/10.95 x  []  \OT1/lmr/m/n/10.95 d\OML/lmm/m/it/10.95 y  []  \OT1/lm
r/m/n/10.95 d\OML/lmm/m/it/10.95 z  \OT1/lmr/m/n/10.95 =  [][] []  []  d\OML/lm
m/m/it/10.95 V:
[426]
Overfull \hbox (100.48482pt too wide) detected at line 620
[]
[427]
Overfull \hbox (7.09067pt too wide) in paragraph at lines 698--703
[]\T1/lmr/m/n/10.95 (-20) Throughout this op-tional sec-tion, $\OML/lmm/m/it/10
.95 ^^\$ \T1/lmr/m/n/10.95 (-20) de-notes \T1/lmr/m/it/10.95 (-20) train-ing ti
me\T1/lmr/m/n/10.95 (-20) : an ide-al-ized continuous-
[428] [429] [430] [431] [432]) (./C_SDE-and-Ito.tex
Appendix C.

Package hyperref Warning: Token not allowed in a PDF string (Unicode):
(hyperref)                removing `\\' on input line 1.

[433]

Package fancyhdr Warning: \headheight is too small (14.4pt): 
(fancyhdr)                Make it at least 26.32425pt, for example:
(fancyhdr)                \setlength{\headheight}{26.32425pt}.
(fancyhdr)                You might also make \topmargin smaller:
(fancyhdr)                \addtolength{\topmargin}{-11.92426pt}.

[434] [435]

Package fancyhdr Warning: \headheight is too small (14.4pt): 
(fancyhdr)                Make it at least 26.32425pt, for example:
(fancyhdr)                \setlength{\headheight}{26.32425pt}.
(fancyhdr)                You might also make \topmargin smaller:
(fancyhdr)                \addtolength{\topmargin}{-11.92426pt}.

[436] [437]

Package fancyhdr Warning: \headheight is too small (14.4pt): 
(fancyhdr)                Make it at least 26.32425pt, for example:
(fancyhdr)                \setlength{\headheight}{26.32425pt}.
(fancyhdr)                You might also make \topmargin smaller:
(fancyhdr)                \addtolength{\topmargin}{-11.92426pt}.

[438] [439]

Package fancyhdr Warning: \headheight is too small (14.4pt): 
(fancyhdr)                Make it at least 26.32425pt, for example:
(fancyhdr)                \setlength{\headheight}{26.32425pt}.
(fancyhdr)                You might also make \topmargin smaller:
(fancyhdr)                \addtolength{\topmargin}{-11.92426pt}.

[440] [441]

Package fancyhdr Warning: \headheight is too small (14.4pt): 
(fancyhdr)                Make it at least 26.32425pt, for example:
(fancyhdr)                \setlength{\headheight}{26.32425pt}.
(fancyhdr)                You might also make \topmargin smaller:
(fancyhdr)                \addtolength{\topmargin}{-11.92426pt}.

[442] [443]

Package fancyhdr Warning: \headheight is too small (14.4pt): 
(fancyhdr)                Make it at least 26.32425pt, for example:
(fancyhdr)                \setlength{\headheight}{26.32425pt}.
(fancyhdr)                You might also make \topmargin smaller:
(fancyhdr)                \addtolength{\topmargin}{-11.92426pt}.

[444]) (./D_Proofs.tex [445]
Appendix D.
[446] [447]
Overfull \hbox (10.24936pt too wide) detected at line 198
[]

Overfull \hbox (15.41023pt too wide) detected at line 212
[]
[448] [449] [450] [451] [452] [453] [454] [455] [456]
Overfull \hbox (32.47647pt too wide) detected at line 695
[]
[457] [458] [459] [460] [461] [462] [463] [464] [465] [466] [467] [468]
[469] [470] [471]) [472] [473] [474] [475] [476] [477] [478] [479] [480]
[481] [482]
Overfull \hbox (1.82469pt too wide) in paragraph at lines 466--466
[][]\T1/lmr/m/n/10.95 (-20) Sun, H., L. Yu, B. Dai, D. Schu-ur-mans, and H. Dai
. (2023). ^^P  Score-based Continuous-
[483] [484]
Overfull \hbox (7.02348pt too wide) in paragraph at lines 466--466
\T1/lmr/m/n/10.95 (-20) free energy-guided con-di-tional dif-fu-sion model^^Q. 
In: \T1/lmr/m/it/10.95 (-20) Pro-ceed-ings of the IEEE/CVF
[485] 
enddocument/afterlastpage (AED): lastpage setting LastPage.
(build/main_v2.aux)

LaTeX Font Warning: Size substitutions with differences
(Font)              up to 1.0pt have occurred.


LaTeX Font Warning: Some font shapes were not available, defaults substituted.

 )
(see the transcript file for additional information)</usr/local/texlive/2026/te
xmf-dist/fonts/type1/public/lm/lmbsy10.pfb></usr/local/texlive/2026/texmf-dist/
fonts/type1/public/lm/lmbsy7.pfb></usr/local/texlive/2026/texmf-dist/fonts/type
1/public/lm/lmbx10.pfb></usr/local/texlive/2026/texmf-dist/fonts/type1/public/l
m/lmbx12.pfb></usr/local/texlive/2026/texmf-dist/fonts/type1/public/lm/lmbx5.pf
b></usr/local/texlive/2026/texmf-dist/fonts/type1/public/lm/lmbx6.pfb></usr/loc
al/texlive/2026/texmf-dist/fonts/type1/public/lm/lmbx7.pfb></usr/local/texlive/
2026/texmf-dist/fonts/type1/public/lm/lmbx8.pfb></usr/local/texlive/2026/texmf-
dist/fonts/type1/public/lm/lmbx9.pfb></usr/local/texlive/2026/texmf-dist/fonts/
type1/public/lm/lmcsc10.pfb></usr/local/texlive/2026/texmf-dist/fonts/type1/pub
lic/lm/lmex10.pfb></usr/local/texlive/2026/texmf-dist/fonts/type1/public/lm/lmm
i10.pfb></usr/local/texlive/2026/texmf-dist/fonts/type1/public/lm/lmmi5.pfb></u
sr/local/texlive/2026/texmf-dist/fonts/type1/public/lm/lmmi6.pfb></usr/local/te
xlive/2026/texmf-dist/fonts/type1/public/lm/lmmi7.pfb></usr/local/texlive/2026/
texmf-dist/fonts/type1/public/lm/lmmi8.pfb></usr/local/texlive/2026/texmf-dist/
fonts/type1/public/lm/lmmi9.pfb></usr/local/texlive/2026/texmf-dist/fonts/type1
/public/lm/lmmib10.pfb></usr/local/texlive/2026/texmf-dist/fonts/type1/public/l
m/lmmib5.pfb></usr/local/texlive/2026/texmf-dist/fonts/type1/public/lm/lmmib7.p
fb></usr/local/texlive/2026/texmf-dist/fonts/type1/public/lm/lmr10.pfb></usr/lo
cal/texlive/2026/texmf-dist/fonts/type1/public/lm/lmr5.pfb></usr/local/texlive/
2026/texmf-dist/fonts/type1/public/lm/lmr6.pfb></usr/local/texlive/2026/texmf-d
ist/fonts/type1/public/lm/lmr7.pfb></usr/local/texlive/2026/texmf-dist/fonts/ty
pe1/public/lm/lmr8.pfb></usr/local/texlive/2026/texmf-dist/fonts/type1/public/l
m/lmr9.pfb></usr/local/texlive/2026/texmf-dist/fonts/type1/public/lm/lmri10.pfb
></usr/local/texlive/2026/texmf-dist/fonts/type1/public/lm/lmri9.pfb></usr/loca
l/texlive/2026/texmf-dist/fonts/type1/public/lm/lmro10.pfb></usr/local/texlive/
2026/texmf-dist/fonts/type1/public/lm/lmro8.pfb></usr/local/texlive/2026/texmf-
dist/fonts/type1/public/lm/lmss10.pfb></usr/local/texlive/2026/texmf-dist/fonts
/type1/public/lm/lmss12.pfb></usr/local/texlive/2026/texmf-dist/fonts/type1/pub
lic/lm/lmssbo10.pfb></usr/local/texlive/2026/texmf-dist/fonts/type1/public/lm/l
mssbx10.pfb></usr/local/texlive/2026/texmf-dist/fonts/type1/public/lm/lmsso10.p
fb></usr/local/texlive/2026/texmf-dist/fonts/type1/public/lm/lmsy10.pfb></usr/l
ocal/texlive/2026/texmf-dist/fonts/type1/public/lm/lmsy5.pfb></usr/local/texliv
e/2026/texmf-dist/fonts/type1/public/lm/lmsy6.pfb></usr/local/texlive/2026/texm
f-dist/fonts/type1/public/lm/lmsy7.pfb></usr/local/texlive/2026/texmf-dist/font
s/type1/public/lm/lmsy8.pfb></usr/local/texlive/2026/texmf-dist/fonts/type1/pub
lic/lm/lmsy9.pfb></usr/local/texlive/2026/texmf-dist/fonts/type1/public/lm/lmtk
10.pfb></usr/local/texlive/2026/texmf-dist/fonts/type1/public/lm/lmtt10.pfb></u
sr/local/texlive/2026/texmf-dist/fonts/type1/public/lm/lmtt9.pfb></usr/local/te
xlive/2026/texmf-dist/fonts/type1/public/lm/lmtti10.pfb></usr/local/texlive/202
6/texmf-dist/fonts/type1/public/lm/lmtto10.pfb></usr/local/texlive/2026/texmf-d
ist/fonts/type1/public/amsfonts/symbols/msam10.pfb></usr/local/texlive/2026/tex
mf-dist/fonts/type1/public/amsfonts/symbols/msam5.pfb></usr/local/texlive/2026/
texmf-dist/fonts/type1/public/amsfonts/symbols/msbm10.pfb></usr/local/texlive/2
026/texmf-dist/fonts/type1/public/amsfonts/symbols/msbm7.pfb></usr/local/texliv
e/2026/texmf-dist/fonts/type1/public/stmaryrd/stmary10.pfb>
Output written on build/main_v2.pdf (490 pages, 19028966 bytes).
Transcript written on build/main_v2.log.
Latexmk: Getting log file 'build/main_v2.log'
Latexmk: Examining 'build/main_v2.fls'
Latexmk: Examining 'build/main_v2.log'
Latexmk: Found input bbl file 'build/main_v2.bbl'
Latexmk: Log file says output to 'build/main_v2.pdf'
Latexmk: Using biber to make bibliography file(s).
Latexmk: Bibliography file(s) from .bcf file:
  main_v2.bib
Sources for biber
  main_v2.bib
  build/main_v2.bcf
Latexmk: All targets (build/main_v2.pdf) are up-to-date

latexmk exit: 0
