This is pdfTeX, Version 3.141592653-2.6-1.40.29 (TeX Live 2026) (preloaded format=pdflatex 2026.3.22)  26 AUG 2026 13:25
entering extended mode
 restricted \write18 enabled.
 file:line:error style messages enabled.
 %&-line parsing enabled.
**main_v2.tex
(./main_v2.tex
LaTeX2e <2025-11-01>
L3 programming layer <2026-01-19>
(./nowfnt-arxiv.cls

LaTeX Warning: You have requested document class `nowfnt-arxiv',
               but the document class provides `nowfnt'.

Document Class: nowfnt 2021/10/12 v0.95d NOW document class
(/usr/local/texlive/2026/texmf-dist/tex/latex/etoolbox/etoolbox.sty
Package: etoolbox 2025/10/02 v2.5m e-TeX tools for LaTeX (JAW)
\etb@tempcnta=\count275
)
(./NOWFnT-data.tex)

Class nowfnt Warning: Unclear state. Remove the class option book or ebook or s
ample on input line 129.

(/usr/local/texlive/2026/texmf-dist/tex/latex/base/book.cls
Document Class: book 2025/01/22 v1.4n Standard LaTeX document class
(/usr/local/texlive/2026/texmf-dist/tex/latex/base/bk11.clo
File: bk11.clo 2025/01/22 v1.4n Standard LaTeX file (size option)
)
\c@part=\count276
\c@chapter=\count277
\c@section=\count278
\c@subsection=\count279
\c@subsubsection=\count280
\c@paragraph=\count281
\c@subparagraph=\count282
\c@figure=\count283
\c@table=\count284
\abovecaptionskip=\skip49
\belowcaptionskip=\skip50
\bibindent=\dimen148
)
(/usr/local/texlive/2026/texmf-dist/tex/latex/lastpage/lastpage.sty
Package: lastpage 2025/08/14 v2.1h lastpage: 2.09 or 2e? (HMM)

(/usr/local/texlive/2026/texmf-dist/tex/latex/lastpage/lastpage2e.sty
Package: lastpage2e 2025/08/14 v2.1h Decide which 2e lastpage version to use (H
MM)

(/usr/local/texlive/2026/texmf-dist/tex/latex/lastpage/lastpagemodern.sty
Package: lastpagemodern 2025-08-14 v2.1h Refers to last page's name (HMM; JPG)
\c@lastpagecount=\count285
) 
)) (/usr/local/texlive/2026/texmf-dist/tex/latex/tools/multicol.sty
Package: multicol 2025/10/21 v2.0b multicolumn formatting (FMi)
\c@tracingmulticols=\count286
\mult@box=\box53
\multicol@leftmargin=\dimen149
\c@unbalance=\count287
\c@collectmore=\count288
\doublecol@number=\count289
\multicoltolerance=\count290
\multicolpretolerance=\count291
\full@width=\dimen150
\page@free=\dimen151
\premulticols=\dimen152
\postmulticols=\dimen153
\multicolsep=\skip51
\multicolbaselineskip=\skip52
\partial@page=\box54
\last@line=\box55
\mc@boxedresult=\box56
\maxbalancingoverflow=\dimen154
\mult@rightbox=\box57
\mult@grightbox=\box58
\mult@firstbox=\box59
\mult@gfirstbox=\box60
\@tempa=\box61
\@tempa=\box62
\@tempa=\box63
\@tempa=\box64
\@tempa=\box65
\@tempa=\box66
\@tempa=\box67
\@tempa=\box68
\@tempa=\box69
\@tempa=\box70
\@tempa=\box71
\@tempa=\box72
\@tempa=\box73
\@tempa=\box74
\@tempa=\box75
\@tempa=\box76
\@tempa=\box77
\@tempa=\box78
\@tempa=\box79
\@tempa=\box80
\@tempa=\box81
\@tempa=\box82
\@tempa=\box83
\@tempa=\box84
\@tempa=\box85
\@tempa=\box86
\@tempa=\box87
\@tempa=\box88
\@tempa=\box89
\@tempa=\box90
\@tempa=\box91
\@tempa=\box92
\@tempa=\box93
\@tempa=\box94
\@tempa=\box95
\@tempa=\box96
\c@minrows=\count292
\c@columnbadness=\count293
\c@finalcolumnbadness=\count294
\last@try=\dimen155
\multicolovershoot=\dimen156
\multicolundershoot=\dimen157
\mult@nat@firstbox=\box97
\colbreak@box=\box98
\mc@col@check@num=\count295
\g__mc_curr_col_int=\count296
)
(/usr/local/texlive/2026/texmf-dist/tex/latex/tools/array.sty
Package: array 2025/09/25 v2.6n Tabular extension package (FMi)
\col@sep=\dimen158
\ar@mcellbox=\box99
\extrarowheight=\dimen159
\NC@list=\toks17
\extratabsurround=\skip53
\backup@length=\skip54
\ar@cellbox=\box100
)
(/usr/local/texlive/2026/texmf-dist/tex/latex/trimspaces/trimspaces.sty
Package: trimspaces 2009/09/17 v1.1 Trim spaces around a token list
)
(/usr/local/texlive/2026/texmf-dist/tex/latex/footmisc/footmisc.sty
Package: footmisc 2025/05/09 v7.0b a miscellany of footnote facilities
\FN@temptoken=\toks18
\footnotemargin=\dimen160
Package footmisc Info: Declaring symbol style bringhurst on input line 549.
Package footmisc Info: Declaring symbol style chicago on input line 557.
Package footmisc Info: Declaring symbol style wiley on input line 566.
Package footmisc Info: Declaring symbol style lamport-robust on input line 577.

Package footmisc Info: Declaring symbol style lamport* on input line 597.
Package footmisc Info: Declaring symbol style lamport*-robust on input line 618
.
)
(/usr/local/texlive/2026/texmf-dist/tex/latex/pdfpages/pdfpages.sty
Package: pdfpages 2025/07/23 v0.6g Insert pages of external PDF documents (AM)

(/usr/local/texlive/2026/texmf-dist/tex/latex/base/ifthen.sty
Package: ifthen 2024/03/16 v1.1e Standard LaTeX ifthen package (DPC)
)
(/usr/local/texlive/2026/texmf-dist/tex/latex/tools/calc.sty
Package: calc 2025/03/01 v4.3b Infix arithmetic (KKT,FJ)
\calc@Acount=\count297
\calc@Bcount=\count298
\calc@Adimen=\dimen161
\calc@Bdimen=\dimen162
\calc@Askip=\skip55
\calc@Bskip=\skip56
LaTeX Info: Redefining \setlength on input line 86.
LaTeX Info: Redefining \addtolength on input line 87.
\calc@Ccount=\count299
\calc@Cskip=\skip57
)
(/usr/local/texlive/2026/texmf-dist/tex/latex/eso-pic/eso-pic.sty
Package: eso-pic 2025/12/10 v3.0d eso-pic (RN)
\ESO@tempdima=\dimen163
\ESO@tempdimb=\dimen164

(/usr/local/texlive/2026/texmf-dist/tex/latex/graphics/keyval.sty
Package: keyval 2022/05/29 v1.15 key=value parser (DPC)
\KV@toks@=\toks19
)
(/usr/local/texlive/2026/texmf-dist/tex/latex/xcolor/xcolor.sty
Package: xcolor 2024/09/29 v3.02 LaTeX color extensions (UK)

(/usr/local/texlive/2026/texmf-dist/tex/latex/graphics-cfg/color.cfg
File: color.cfg 2016/01/02 v1.6 sample color configuration
)
Package xcolor Info: Driver file: pdftex.def on input line 274.

(/usr/local/texlive/2026/texmf-dist/tex/latex/graphics-def/pdftex.def
File: pdftex.def 2025/09/29 v1.2d Graphics/color driver for pdftex
)
(/usr/local/texlive/2026/texmf-dist/tex/latex/graphics/mathcolor.ltx)
Package xcolor Info: Model `cmy' substituted by `cmy0' on input line 1349.
Package xcolor Info: Model `hsb' substituted by `rgb' on input line 1353.
Package xcolor Info: Model `RGB' extended on input line 1365.
Package xcolor Info: Model `HTML' substituted by `rgb' on input line 1367.
Package xcolor Info: Model `Hsb' substituted by `hsb' on input line 1368.
Package xcolor Info: Model `tHsb' substituted by `hsb' on input line 1369.
Package xcolor Info: Model `HSB' substituted by `hsb' on input line 1370.
Package xcolor Info: Model `Gray' substituted by `gray' on input line 1371.
Package xcolor Info: Model `wave' substituted by `hsb' on input line 1372.
)
(/usr/local/texlive/2026/texmf-dist/tex/latex/graphics/dvipsnam.def
File: dvipsnam.def 2016/06/17 v3.0m Driver-dependent file (DPC,SPQR)
))
(/usr/local/texlive/2026/texmf-dist/tex/latex/graphics/graphicx.sty
Package: graphicx 2024/12/31 v1.2e Enhanced LaTeX Graphics (DPC,SPQR)

(/usr/local/texlive/2026/texmf-dist/tex/latex/graphics/graphics.sty
Package: graphics 2024/08/06 v1.4g Standard LaTeX Graphics (DPC,SPQR)

(/usr/local/texlive/2026/texmf-dist/tex/latex/graphics/trig.sty
Package: trig 2023/12/02 v1.11 sin cos tan (DPC)
)
(/usr/local/texlive/2026/texmf-dist/tex/latex/graphics-cfg/graphics.cfg
File: graphics.cfg 2016/06/04 v1.11 sample graphics configuration
)
Package graphics Info: Driver file: pdftex.def on input line 106.
)
\Gin@req@height=\dimen165
\Gin@req@width=\dimen166
)
\AM@pagewidth=\dimen167
\AM@pageheight=\dimen168
\AM@fboxrule=\dimen169

(/usr/local/texlive/2026/texmf-dist/tex/latex/pdfpages/pppdftex.def
File: pppdftex.def 2025/07/23 v0.6g Pdfpages driver for pdfTeX (AM)
)
\pdfpages@includegraphics@status=\count300
\AM@pagebox=\box101
\AM@global@opts=\toks20
\AM@pagecnt=\count301
\AM@toc@title=\toks21
\AM@lof@heading=\toks22
\c@AM@survey=\count302
\AM@templatesizebox=\box102
)
(/usr/local/texlive/2026/texmf-dist/tex/latex/tools/xr.sty
Package: xr 2024-12-22 v6.00 eXternal References (DPC)
)
\c@nowfnt@tempcnt=\count303

(/usr/local/texlive/2026/texmf-dist/tex/latex/microtype/microtype.sty
Package: microtype 2026/03/01 v3.2d Micro-typographical refinements (RS)
\MT@toks=\toks23
\MT@tempbox=\box103
\MT@count=\count304
LaTeX Info: Redefining \noprotrusionifhmode on input line 1084.
LaTeX Info: Redefining \leftprotrusion on input line 1085.
\MT@prot@toks=\toks24
LaTeX Info: Redefining \rightprotrusion on input line 1104.
LaTeX Info: Redefining \textls on input line 1449.
\MT@outer@kern=\dimen170
LaTeX Info: Redefining \microtypecontext on input line 2053.
LaTeX Info: Redefining \textmicrotypecontext on input line 2070.
\MT@listname@count=\count305

(/usr/local/texlive/2026/texmf-dist/tex/latex/microtype/microtype-pdftex.def
File: microtype-pdftex.def 2026/03/01 v3.2d Definitions specific to pdftex (RS)

LaTeX Info: Redefining \lsstyle on input line 944.
LaTeX Info: Redefining \lslig on input line 944.
\MT@outer@space=\skip58
)
Package microtype Info: Loading configuration file microtype.cfg.

(/usr/local/texlive/2026/texmf-dist/tex/latex/microtype/microtype.cfg
File: microtype.cfg 2026/03/01 v3.2d microtype main configuration file (RS)
)
LaTeX Info: Redefining \microtypesetup on input line 3065.
)
(/usr/local/texlive/2026/texmf-dist/tex/latex/fancyhdr/fancyhdr.sty
Package: fancyhdr 2025/02/07 v5.2 Extensive control of page headers and footers

\f@nch@headwidth=\skip59
\f@nch@offset@elh=\skip60
\f@nch@offset@erh=\skip61
\f@nch@offset@olh=\skip62
\f@nch@offset@orh=\skip63
\f@nch@offset@elf=\skip64
\f@nch@offset@erf=\skip65
\f@nch@offset@olf=\skip66
\f@nch@offset@orf=\skip67
\f@nch@height=\skip68
\f@nch@footalignment=\skip69
\f@nch@widthL=\skip70
\f@nch@widthC=\skip71
\f@nch@widthR=\skip72
\@temptokenb=\toks25
)
(/usr/local/texlive/2026/texmf-dist/tex/latex/titlesec/titlesec.sty
Package: titlesec 2025/01/04 v2.17 Sectioning titles
\ttl@box=\box104
\beforetitleunit=\skip73
\aftertitleunit=\skip74
\ttl@plus=\dimen171
\ttl@minus=\dimen172
\ttl@toksa=\toks26
\titlewidth=\dimen173
\titlewidthlast=\dimen174
\titlewidthfirst=\dimen175
)
(/usr/local/texlive/2026/texmf-dist/tex/latex/caption/caption.sty
Package: caption 2023/08/05 v3.6o Customizing captions (AR)

(/usr/local/texlive/2026/texmf-dist/tex/latex/caption/caption3.sty
Package: caption3 2023/07/31 v2.4d caption3 kernel (AR)
\caption@tempdima=\dimen176
\captionmargin=\dimen177
\caption@leftmargin=\dimen178
\caption@rightmargin=\dimen179
\caption@width=\dimen180
\caption@indent=\dimen181
\caption@parindent=\dimen182
\caption@hangindent=\dimen183
Package caption Info: Standard document class detected.
)
\c@caption@flags=\count306
\c@continuedfloat=\count307
)
\c@nowfnt@author@cnt=\count308
\c@nowfnt@affil@cnt=\count309
\c@nowfnt@affilmax@cnt=\count310
\nowfnt@article@databox=\box105

(/usr/local/texlive/2026/texmf-dist/tex/latex/emptypage/emptypage.sty
Package: emptypage 2010/05/30 v1.2 Suppress page numbers and headings on empty 
pages
)
\nowfnt@tmpabox=\box106

(/usr/local/texlive/2026/texmf-dist/tex/latex/url/url.sty
\Urlmuskip=\muskip17
Package: url 2013/09/16  ver 3.4  Verb mode for urls, etc.
)
(/usr/local/texlive/2026/texmf-dist/tex/latex/lm/lmodern.sty
Package: lmodern 2015/05/01 v1.6.1 Latin Modern Fonts
LaTeX Font Info:    Overwriting symbol font `operators' in version `normal'
(Font)                  OT1/cmr/m/n --> OT1/lmr/m/n on input line 22.
LaTeX Font Info:    Overwriting symbol font `letters' in version `normal'
(Font)                  OML/cmm/m/it --> OML/lmm/m/it on input line 23.
LaTeX Font Info:    Overwriting symbol font `symbols' in version `normal'
(Font)                  OMS/cmsy/m/n --> OMS/lmsy/m/n on input line 24.
LaTeX Font Info:    Overwriting symbol font `largesymbols' in version `normal'
(Font)                  OMX/cmex/m/n --> OMX/lmex/m/n on input line 25.
LaTeX Font Info:    Overwriting symbol font `operators' in version `bold'
(Font)                  OT1/cmr/bx/n --> OT1/lmr/bx/n on input line 26.
LaTeX Font Info:    Overwriting symbol font `letters' in version `bold'
(Font)                  OML/cmm/b/it --> OML/lmm/b/it on input line 27.
LaTeX Font Info:    Overwriting symbol font `symbols' in version `bold'
(Font)                  OMS/cmsy/b/n --> OMS/lmsy/b/n on input line 28.
LaTeX Font Info:    Overwriting symbol font `largesymbols' in version `bold'
(Font)                  OMX/cmex/m/n --> OMX/lmex/m/n on input line 29.
LaTeX Font Info:    Overwriting math alphabet `\mathbf' in version `normal'
(Font)                  OT1/cmr/bx/n --> OT1/lmr/bx/n on input line 31.
LaTeX Font Info:    Overwriting math alphabet `\mathsf' in version `normal'
(Font)                  OT1/cmss/m/n --> OT1/lmss/m/n on input line 32.
LaTeX Font Info:    Overwriting math alphabet `\mathit' in version `normal'
(Font)                  OT1/cmr/m/it --> OT1/lmr/m/it on input line 33.
LaTeX Font Info:    Overwriting math alphabet `\mathtt' in version `normal'
(Font)                  OT1/cmtt/m/n --> OT1/lmtt/m/n on input line 34.
LaTeX Font Info:    Overwriting math alphabet `\mathbf' in version `bold'
(Font)                  OT1/cmr/bx/n --> OT1/lmr/bx/n on input line 35.
LaTeX Font Info:    Overwriting math alphabet `\mathsf' in version `bold'
(Font)                  OT1/cmss/bx/n --> OT1/lmss/bx/n on input line 36.
LaTeX Font Info:    Overwriting math alphabet `\mathit' in version `bold'
(Font)                  OT1/cmr/bx/it --> OT1/lmr/bx/it on input line 37.
LaTeX Font Info:    Overwriting math alphabet `\mathtt' in version `bold'
(Font)                  OT1/cmtt/m/n --> OT1/lmtt/m/n on input line 38.
)
(/usr/local/texlive/2026/texmf-dist/tex/latex/base/fontenc.sty
Package: fontenc 2025/07/18 v2.1d Standard LaTeX package
LaTeX Font Info:    Trying to load font information for T1+lmr on input line 11
6.

(/usr/local/texlive/2026/texmf-dist/tex/latex/lm/t1lmr.fd
File: t1lmr.fd 2015/05/01 v1.6.1 Font defs for Latin Modern
))
(./nowfnt-biblatex.sty
Package: nowfnt-biblatex 2020/09/04 v1.1e biblatex styling

(/usr/local/texlive/2026/texmf-dist/tex/latex/biblatex/biblatex.sty
Package: biblatex 2025/07/10 v3.21 programmable bibliographies (PK/MW)

(/usr/local/texlive/2026/texmf-dist/tex/generic/pdftexcmds/pdftexcmds.sty
Package: pdftexcmds 2020-06-27 v0.33 Utility functions of pdfTeX for LuaTeX (HO
)

(/usr/local/texlive/2026/texmf-dist/tex/generic/infwarerr/infwarerr.sty
Package: infwarerr 2019/12/03 v1.5 Providing info/warning/error messages (HO)
)
(/usr/local/texlive/2026/texmf-dist/tex/generic/iftex/iftex.sty
Package: iftex 2024/12/12 v1.0g TeX engine tests
)
(/usr/local/texlive/2026/texmf-dist/tex/generic/ltxcmds/ltxcmds.sty
Package: ltxcmds 2023-12-04 v1.26 LaTeX kernel commands for general use (HO)
)
Package pdftexcmds Info: \pdf@primitive is available.
Package pdftexcmds Info: \pdf@ifprimitive is available.
Package pdftexcmds Info: \pdfdraftmode found.
)
(/usr/local/texlive/2026/texmf-dist/tex/latex/kvoptions/kvoptions.sty
Package: kvoptions 2022-06-15 v3.15 Key value format for package options (HO)

(/usr/local/texlive/2026/texmf-dist/tex/latex/kvsetkeys/kvsetkeys.sty
Package: kvsetkeys 2022-10-05 v1.19 Key value parser (HO)
))
(/usr/local/texlive/2026/texmf-dist/tex/latex/logreq/logreq.sty
Package: logreq 2010/08/04 v1.0 xml request logger
\lrq@indent=\count311

(/usr/local/texlive/2026/texmf-dist/tex/latex/logreq/logreq.def
File: logreq.def 2010/08/04 v1.0 logreq spec v1.0
))
\c@tabx@nest=\count312
\c@listtotal=\count313
\c@listcount=\count314
\c@liststart=\count315
\c@liststop=\count316
\c@citecount=\count317
\c@citetotal=\count318
\c@multicitecount=\count319
\c@multicitetotal=\count320
\c@instcount=\count321
\c@maxnames=\count322
\c@minnames=\count323
\c@maxitems=\count324
\c@minitems=\count325
\c@citecounter=\count326
\c@maxcitecounter=\count327
\c@savedcitecounter=\count328
\c@uniquelist=\count329
\c@uniquename=\count330
\c@refsection=\count331
\c@refsegment=\count332
\c@maxextratitle=\count333
\c@maxextratitleyear=\count334
\c@maxextraname=\count335
\c@maxextradate=\count336
\c@maxextraalpha=\count337
\c@abbrvpenalty=\count338
\c@highnamepenalty=\count339
\c@lownamepenalty=\count340
\c@maxparens=\count341
\c@parenlevel=\count342
\blx@tempcnta=\count343
\blx@tempcntb=\count344
\blx@tempcntc=\count345
\c@blx@maxsection=\count346
\blx@maxsegment@0=\count347
\blx@notetype=\count348
\blx@parenlevel@text=\count349
\blx@parenlevel@foot=\count350
\blx@sectionciteorder@0=\count351
\blx@sectionciteorderinternal@0=\count352
\blx@entrysetcounter=\count353
\blx@biblioinstance=\count354
\labelnumberwidth=\skip75
\labelalphawidth=\skip76
\biblabelsep=\skip77
\bibitemsep=\skip78
\bibnamesep=\skip79
\bibinitsep=\skip80
\bibparsep=\skip81
\bibhang=\skip82
\blx@bcfin=\read2
\blx@bcfout=\write3
\blx@langwohyphens=\language91
\c@mincomprange=\count355
\c@maxcomprange=\count356
\c@mincompwidth=\count357
Package biblatex Info: Trying to load biblatex default data model...
Package biblatex Info: ... file 'blx-dm.def' found.

(/usr/local/texlive/2026/texmf-dist/tex/latex/biblatex/blx-dm.def
File: blx-dm.def 2025/07/10 v3.21 biblatex datamodel (PK/MW)
)
Package biblatex Info: Trying to load biblatex style data model...
Package biblatex Info: ... file 'authoryear.dbx' not found.
Package biblatex Info: Trying to load biblatex custom data model...
Package biblatex Info: ... file 'biblatex-dm.cfg' not found.
\c@afterword=\count358
\c@savedafterword=\count359
\c@annotator=\count360
\c@savedannotator=\count361
\c@author=\count362
\c@savedauthor=\count363
\c@bookauthor=\count364
\c@savedbookauthor=\count365
\c@commentator=\count366
\c@savedcommentator=\count367
\c@editor=\count368
\c@savededitor=\count369
\c@editora=\count370
\c@savededitora=\count371
\c@editorb=\count372
\c@savededitorb=\count373
\c@editorc=\count374
\c@savededitorc=\count375
\c@foreword=\count376
\c@savedforeword=\count377
\c@holder=\count378
\c@savedholder=\count379
\c@introduction=\count380
\c@savedintroduction=\count381
\c@namea=\count382
\c@savednamea=\count383
\c@nameb=\count384
\c@savednameb=\count385
\c@namec=\count386
\c@savednamec=\count387
\c@translator=\count388
\c@savedtranslator=\count389
\c@shortauthor=\count390
\c@savedshortauthor=\count391
\c@shorteditor=\count392
\c@savedshorteditor=\count393
\c@labelname=\count394
\c@savedlabelname=\count395
\c@institution=\count396
\c@savedinstitution=\count397
\c@lista=\count398
\c@savedlista=\count399
\c@listb=\count400
\c@savedlistb=\count401
\c@listc=\count402
\c@savedlistc=\count403
\c@listd=\count404
\c@savedlistd=\count405
\c@liste=\count406
\c@savedliste=\count407
\c@listf=\count408
\c@savedlistf=\count409
\c@location=\count410
\c@savedlocation=\count411
\c@organization=\count412
\c@savedorganization=\count413
\c@origlocation=\count414
\c@savedoriglocation=\count415
\c@origpublisher=\count416
\c@savedorigpublisher=\count417
\c@publisher=\count418
\c@savedpublisher=\count419
\c@language=\count420
\c@savedlanguage=\count421
\c@origlanguage=\count422
\c@savedoriglanguage=\count423
\c@pageref=\count424
\c@savedpageref=\count425
\shorthandwidth=\skip83
\shortjournalwidth=\skip84
\shortserieswidth=\skip85
\shorttitlewidth=\skip86
\shortauthorwidth=\skip87
\shorteditorwidth=\skip88
\locallabelnumberwidth=\skip89
\locallabelalphawidth=\skip90
\localshorthandwidth=\skip91
\localshortjournalwidth=\skip92
\localshortserieswidth=\skip93
\localshorttitlewidth=\skip94
\localshortauthorwidth=\skip95
\localshorteditorwidth=\skip96
Package biblatex Info: Trying to load compatibility code...
Package biblatex Info: ... file 'blx-compat.def' found.

(/usr/local/texlive/2026/texmf-dist/tex/latex/biblatex/blx-compat.def
File: blx-compat.def 2025/07/10 v3.21 biblatex compatibility (PK/MW)
)
Package biblatex Info: Trying to load generic definitions...
Package biblatex Info: ... file 'biblatex.def' found.

(/usr/local/texlive/2026/texmf-dist/tex/latex/biblatex/biblatex.def
File: biblatex.def 2025/07/10 v3.21 biblatex compatibility (PK/MW)
\c@textcitecount=\count426
\c@textcitetotal=\count427
\c@textcitemaxnames=\count428
\c@biburlbigbreakpenalty=\count429
\c@biburlbreakpenalty=\count430
\c@biburlnumpenalty=\count431
\c@biburlucpenalty=\count432
\c@biburllcpenalty=\count433
\biburlbigskip=\muskip18
\biburlnumskip=\muskip19
\biburlucskip=\muskip20
\biburllcskip=\muskip21
\c@smartand=\count434
)
Package biblatex Info: Trying to load natbib compatibility...
Package biblatex Info: ... file 'blx-natbib.def' found.

(/usr/local/texlive/2026/texmf-dist/tex/latex/biblatex/blx-natbib.def
File: blx-natbib.def 2025/07/10 v3.21 biblatex compatibility (PK/MW)
Package biblatex Info: Delimiter 'nameyeardelim' in context '' already defined,
 overwriting.
)
Package biblatex Info: Trying to load bibliography style 'authoryear'...
Package biblatex Info: ... file 'authoryear.bbx' found.

(/usr/local/texlive/2026/texmf-dist/tex/latex/biblatex/bbx/authoryear.bbx
File: authoryear.bbx 2025/07/10 v3.21 biblatex bibliography style (PK/MW)
Package biblatex Info: Trying to load bibliography style 'standard'...
Package biblatex Info: ... file 'standard.bbx' found.

(/usr/local/texlive/2026/texmf-dist/tex/latex/biblatex/bbx/standard.bbx
File: standard.bbx 2025/07/10 v3.21 biblatex bibliography style (PK/MW)
\c@bbx:relatedcount=\count435
\c@bbx:relatedtotal=\count436
))
Package biblatex Info: Trying to load citation style 'authoryear'...
Package biblatex Info: ... file 'authoryear.cbx' found.

(/usr/local/texlive/2026/texmf-dist/tex/latex/biblatex/cbx/authoryear.cbx
File: authoryear.cbx 2025/07/10 v3.21 biblatex citation style (PK/MW)
Package biblatex Info: Redefining '\cite'.
Package biblatex Info: Redefining '\parencite'.
Package biblatex Info: Redefining '\footcite'.
Package biblatex Info: Redefining '\footcitetext'.
Package biblatex Info: Redefining '\smartcite'.
Package biblatex Info: Redefining '\textcite'.
Package biblatex Info: Redefining '\textcites'.
)
Package biblatex Info: Trying to load configuration file...
Package biblatex Info: ... file 'biblatex.cfg' found.

(/usr/local/texlive/2026/texmf-dist/tex/latex/biblatex/biblatex.cfg
File: biblatex.cfg 
)
Package biblatex Info: Input encoding 'utf8' detected.
Package biblatex Info: Document encoding is UTF8 ....

(/usr/local/texlive/2026/texmf-dist/tex/latex/l3kernel/expl3.sty
Package: expl3 2026-01-19 L3 programming layer (loader) 

(/usr/local/texlive/2026/texmf-dist/tex/latex/l3backend/l3backend-pdftex.def
File: l3backend-pdftex.def 2025-10-09 L3 backend support: PDF output (pdfTeX)
\l__color_backend_stack_int=\count437
))
Package biblatex Info: ... and expl3
(biblatex)             2026-01-19 L3 programming layer (loader) 
(biblatex)             is new enough (at least 2020/04/06),
(biblatex)             setting 'casechanger=expl3'.

(/usr/local/texlive/2026/texmf-dist/tex/latex/biblatex/blx-case-expl3.sty
(/usr/local/texlive/2026/texmf-dist/tex/latex/l3packages/xparse/xparse.sty
Package: xparse 2025-10-09 L3 Experimental document command parser
)
Package: blx-case-expl3 2025/07/10 v3.21 expl3 case changing code for biblatex
))
(/usr/local/texlive/2026/texmf-dist/tex/latex/csquotes/csquotes.sty
Package: csquotes 2024-04-04 v5.2o context-sensitive quotations (JAW)
\csq@reset=\count438
\csq@gtype=\count439
\csq@glevel=\count440
\csq@qlevel=\count441
\csq@maxlvl=\count442
\csq@tshold=\count443
\csq@ltx@everypar=\toks27

(/usr/local/texlive/2026/texmf-dist/tex/latex/csquotes/csquotes.def
File: csquotes.def 2024-04-04 v5.2o csquotes generic definitions (JAW)
)
Package csquotes Info: Trying to load configuration file 'csquotes.cfg'...
Package csquotes Info: ... configuration file loaded successfully.

(/usr/local/texlive/2026/texmf-dist/tex/latex/csquotes/csquotes.cfg
File: csquotes.cfg 
)
Package csquotes Info: Enabling multilingual quotes.
))
(/usr/local/texlive/2026/texmf-dist/tex/latex/amscls/amsthm.sty
Package: amsthm 2020/05/29 v2.20.6
\thm@style=\toks28
\thm@bodyfont=\toks29
\thm@headfont=\toks30
\thm@notefont=\toks31
\thm@headpunct=\toks32
\thm@preskip=\skip97
\thm@postskip=\skip98
\thm@headsep=\skip99
\dth@everypar=\toks33
)
\c@theorem=\count444
\c@proposition=\count445
\c@remark=\count446
\c@definition=\count447
\c@example=\count448

(/usr/local/texlive/2026/texmf-dist/tex/latex/geometry/geometry.sty
Package: geometry 2026/03/07 v6.0 Page Geometry

(/usr/local/texlive/2026/texmf-dist/tex/generic/iftex/ifvtex.sty
Package: ifvtex 2019/10/25 v1.7 ifvtex legacy package. Use iftex instead.
)
\Gm@cnth=\count449
\Gm@cntv=\count450
\c@Gm@tempcnt=\count451
\Gm@bindingoffset=\dimen184
\Gm@wd@mp=\dimen185
\Gm@odd@mp=\dimen186
\Gm@even@mp=\dimen187
\Gm@layoutwidth=\dimen188
\Gm@layoutheight=\dimen189
\Gm@layouthoffset=\dimen190
\Gm@layoutvoffset=\dimen191
\Gm@dimlist=\toks34
)
(/usr/local/texlive/2026/texmf-dist/tex/latex/hyperref/hyperref.sty
Package: hyperref 2026-01-29 v7.01p Hypertext links for LaTeX

(/usr/local/texlive/2026/texmf-dist/tex/generic/kvdefinekeys/kvdefinekeys.sty
Package: kvdefinekeys 2019-12-19 v1.6 Define keys (HO)
)
(/usr/local/texlive/2026/texmf-dist/tex/generic/pdfescape/pdfescape.sty
Package: pdfescape 2019/12/09 v1.15 Implements pdfTeX's escape features (HO)
)
(/usr/local/texlive/2026/texmf-dist/tex/latex/hycolor/hycolor.sty
Package: hycolor 2020-01-27 v1.10 Color options for hyperref/bookmark (HO)
)
(/usr/local/texlive/2026/texmf-dist/tex/latex/hyperref/nameref.sty
Package: nameref 2026-01-29 v2.58 Cross-referencing by name of section

(/usr/local/texlive/2026/texmf-dist/tex/latex/refcount/refcount.sty
Package: refcount 2019/12/15 v3.6 Data extraction from label references (HO)
)
(/usr/local/texlive/2026/texmf-dist/tex/generic/gettitlestring/gettitlestring.s
ty
Package: gettitlestring 2019/12/15 v1.6 Cleanup title references (HO)
)
\c@section@level=\count452
) (/usr/local/texlive/2026/texmf-dist/tex/generic/stringenc/stringenc.sty
Package: stringenc 2019/11/29 v1.12 Convert strings between diff. encodings (HO
)
)
\@linkdim=\dimen192
\Hy@linkcounter=\count453
\Hy@pagecounter=\count454

(/usr/local/texlive/2026/texmf-dist/tex/latex/hyperref/pd1enc.def
File: pd1enc.def 2026-01-29 v7.01p Hyperref: PDFDocEncoding definition (HO)
Now handling font encoding PD1 ...
... no UTF-8 mapping file for font encoding PD1
)
(/usr/local/texlive/2026/texmf-dist/tex/generic/intcalc/intcalc.sty
Package: intcalc 2019/12/15 v1.3 Expandable calculations with integers (HO)
)
\Hy@SavedSpaceFactor=\count455

(/usr/local/texlive/2026/texmf-dist/tex/latex/hyperref/puenc.def
File: puenc.def 2026-01-29 v7.01p Hyperref: PDF Unicode definition (HO)
Now handling font encoding PU ...
... no UTF-8 mapping file for font encoding PU
)
Package hyperref Info: Option `colorlinks' set `true' on input line 4072.
Package hyperref Info: Option `hypertexnames' set `true' on input line 4072.
Package hyperref Info: Option `hyperfootnotes' set `false' on input line 4072.
Package hyperref Info: Option `plainpages' set `false' on input line 4072.
Package hyperref Info: Option `pdfpagelabels' set `true' on input line 4072.
Package hyperref Info: Hyper figures OFF on input line 4201.
Package hyperref Info: Link nesting OFF on input line 4206.
Package hyperref Info: Hyper index ON on input line 4209.
Package hyperref Info: Plain pages OFF on input line 4216.
Package hyperref Info: Backreferencing OFF on input line 4221.
Package hyperref Info: Implicit mode ON; LaTeX internals redefined.
Package hyperref Info: Bookmarks ON on input line 4468.
\c@Hy@tempcnt=\count456
LaTeX Info: Redefining \url on input line 4807.
\XeTeXLinkMargin=\dimen193

(/usr/local/texlive/2026/texmf-dist/tex/generic/bitset/bitset.sty
Package: bitset 2019/12/09 v1.3 Handle bit-vector datatype (HO)

(/usr/local/texlive/2026/texmf-dist/tex/generic/bigintcalc/bigintcalc.sty
Package: bigintcalc 2019/12/15 v1.5 Expandable calculations on big integers (HO
)
))
\Fld@menulength=\count457
\Field@Width=\dimen194
\Fld@charsize=\dimen195
Package hyperref Info: Hyper figures OFF on input line 6084.
Package hyperref Info: Link nesting OFF on input line 6089.
Package hyperref Info: Hyper index ON on input line 6092.
Package hyperref Info: backreferencing OFF on input line 6099.
Package hyperref Info: Link coloring ON on input line 6102.
Package hyperref Info: Link coloring with OCG OFF on input line 6109.
Package hyperref Info: PDF/A mode OFF on input line 6114.
\Hy@abspage=\count458
\c@Item=\count459
)
Package hyperref Info: Driver (autodetected): hpdftex.

(/usr/local/texlive/2026/texmf-dist/tex/latex/hyperref/hpdftex.def
File: hpdftex.def 2026-01-29 v7.01p Hyperref driver for pdfTeX
\Fld@listcount=\count460
\c@bookmark@seq@number=\count461

(/usr/local/texlive/2026/texmf-dist/tex/latex/rerunfilecheck/rerunfilecheck.sty
Package: rerunfilecheck 2025-06-21 v1.11 Rerun checks for auxiliary files (HO)

(/usr/local/texlive/2026/texmf-dist/tex/generic/uniquecounter/uniquecounter.sty
Package: uniquecounter 2019/12/15 v1.4 Provide unlimited unique counter (HO)
)
Package uniquecounter Info: New unique counter `rerunfilecheck' on input line 2
84.
)
\Hy@SectionHShift=\skip100
) (/usr/local/texlive/2026/texmf-dist/tex/latex/bookmark/bookmark.sty
Package: bookmark 2023-12-10 v1.31 PDF bookmarks (HO)

(/usr/local/texlive/2026/texmf-dist/tex/latex/bookmark/bkm-pdftex.def
File: bkm-pdftex.def 2023-12-10 v1.31 bookmark driver for pdfTeX and luaTeX (HO
)
\BKM@id=\count462
))
\c@nowfnt@nowinclude=\count463
\c@nowfnt@article@cnt=\count464
\nowfnt@write=\write4
)
\c@fnhyp=\count465

(/usr/local/texlive/2026/texmf-dist/tex/latex/pgf/frontendlayer/tikz.sty
(/usr/local/texlive/2026/texmf-dist/tex/latex/pgf/basiclayer/pgf.sty
(/usr/local/texlive/2026/texmf-dist/tex/latex/pgf/utilities/pgfrcs.sty
(/usr/local/texlive/2026/texmf-dist/tex/generic/pgf/utilities/pgfutil-common.te
x
\pgfutil@everybye=\toks35
\pgfutil@tempdima=\dimen196
\pgfutil@tempdimb=\dimen197
)
(/usr/local/texlive/2026/texmf-dist/tex/generic/pgf/utilities/pgfutil-latex.def
\pgfutil@abb=\box107
) (/usr/local/texlive/2026/texmf-dist/tex/generic/pgf/utilities/pgfrcs.code.tex
(/usr/local/texlive/2026/texmf-dist/tex/generic/pgf/pgf.revision.tex)
Package: pgfrcs 2025-08-29 v3.1.11a (3.1.11a)
))
Package: pgf 2025-08-29 v3.1.11a (3.1.11a)

(/usr/local/texlive/2026/texmf-dist/tex/latex/pgf/basiclayer/pgfcore.sty
(/usr/local/texlive/2026/texmf-dist/tex/latex/pgf/systemlayer/pgfsys.sty
(/usr/local/texlive/2026/texmf-dist/tex/generic/pgf/systemlayer/pgfsys.code.tex
Package: pgfsys 2025-08-29 v3.1.11a (3.1.11a)
(/usr/local/texlive/2026/texmf-dist/tex/generic/pgf/utilities/pgfkeys.code.tex
\pgfkeys@pathtoks=\toks36
\pgfkeys@temptoks=\toks37

(/usr/local/texlive/2026/texmf-dist/tex/generic/pgf/utilities/pgfkeyslibraryfil
tered.code.tex
\pgfkeys@tmptoks=\toks38
))
\pgf@x=\dimen198
\pgf@y=\dimen199
\pgf@xa=\dimen256
\pgf@ya=\dimen257
\pgf@xb=\dimen258
\pgf@yb=\dimen259
\pgf@xc=\dimen260
\pgf@yc=\dimen261
\pgf@xd=\dimen262
\pgf@yd=\dimen263
\w@pgf@writea=\write5
\r@pgf@reada=\read3
\c@pgf@counta=\count466
\c@pgf@countb=\count467
\c@pgf@countc=\count468
\c@pgf@countd=\count469
\t@pgf@toka=\toks39
\t@pgf@tokb=\toks40
\t@pgf@tokc=\toks41
\pgf@sys@id@count=\count470

(/usr/local/texlive/2026/texmf-dist/tex/generic/pgf/systemlayer/pgf.cfg
File: pgf.cfg 2025-08-29 v3.1.11a (3.1.11a)
)
Driver file for pgf: pgfsys-pdftex.def

(/usr/local/texlive/2026/texmf-dist/tex/generic/pgf/systemlayer/pgfsys-pdftex.d
ef
File: pgfsys-pdftex.def 2025-08-29 v3.1.11a (3.1.11a)

(/usr/local/texlive/2026/texmf-dist/tex/generic/pgf/systemlayer/pgfsys-common-p
df.def
File: pgfsys-common-pdf.def 2025-08-29 v3.1.11a (3.1.11a)
)))
(/usr/local/texlive/2026/texmf-dist/tex/generic/pgf/systemlayer/pgfsyssoftpath.
code.tex
File: pgfsyssoftpath.code.tex 2025-08-29 v3.1.11a (3.1.11a)
\pgfsyssoftpath@smallbuffer@items=\count471
\pgfsyssoftpath@bigbuffer@items=\count472
)
(/usr/local/texlive/2026/texmf-dist/tex/generic/pgf/systemlayer/pgfsysprotocol.
code.tex
File: pgfsysprotocol.code.tex 2025-08-29 v3.1.11a (3.1.11a)
))
(/usr/local/texlive/2026/texmf-dist/tex/generic/pgf/basiclayer/pgfcore.code.tex
Package: pgfcore 2025-08-29 v3.1.11a (3.1.11a)
(/usr/local/texlive/2026/texmf-dist/tex/generic/pgf/math/pgfmath.code.tex
(/usr/local/texlive/2026/texmf-dist/tex/generic/pgf/math/pgfmathutil.code.tex)
(/usr/local/texlive/2026/texmf-dist/tex/generic/pgf/math/pgfmathparser.code.tex
\pgfmath@dimen=\dimen264
\pgfmath@count=\count473
\pgfmath@box=\box108
\pgfmath@toks=\toks42
\pgfmath@stack@operand=\toks43
\pgfmath@stack@operation=\toks44
)
(/usr/local/texlive/2026/texmf-dist/tex/generic/pgf/math/pgfmathfunctions.code.
tex)
(/usr/local/texlive/2026/texmf-dist/tex/generic/pgf/math/pgfmathfunctions.basic
.code.tex)
(/usr/local/texlive/2026/texmf-dist/tex/generic/pgf/math/pgfmathfunctions.trigo
nometric.code.tex)
(/usr/local/texlive/2026/texmf-dist/tex/generic/pgf/math/pgfmathfunctions.rando
m.code.tex)
(/usr/local/texlive/2026/texmf-dist/tex/generic/pgf/math/pgfmathfunctions.compa
rison.code.tex)
(/usr/local/texlive/2026/texmf-dist/tex/generic/pgf/math/pgfmathfunctions.base.
code.tex)
(/usr/local/texlive/2026/texmf-dist/tex/generic/pgf/math/pgfmathfunctions.round
.code.tex)
(/usr/local/texlive/2026/texmf-dist/tex/generic/pgf/math/pgfmathfunctions.misc.
code.tex)
(/usr/local/texlive/2026/texmf-dist/tex/generic/pgf/math/pgfmathfunctions.integ
erarithmetics.code.tex)
(/usr/local/texlive/2026/texmf-dist/tex/generic/pgf/math/pgfmathcalc.code.tex)
(/usr/local/texlive/2026/texmf-dist/tex/generic/pgf/math/pgfmathfloat.code.tex
\c@pgfmathroundto@lastzeros=\count474
)) (/usr/local/texlive/2026/texmf-dist/tex/generic/pgf/math/pgfint.code.tex)
(/usr/local/texlive/2026/texmf-dist/tex/generic/pgf/basiclayer/pgfcorepoints.co
de.tex
File: pgfcorepoints.code.tex 2025-08-29 v3.1.11a (3.1.11a)
\pgf@picminx=\dimen265
\pgf@picmaxx=\dimen266
\pgf@picminy=\dimen267
\pgf@picmaxy=\dimen268
\pgf@pathminx=\dimen269
\pgf@pathmaxx=\dimen270
\pgf@pathminy=\dimen271
\pgf@pathmaxy=\dimen272
\pgf@xx=\dimen273
\pgf@xy=\dimen274
\pgf@yx=\dimen275
\pgf@yy=\dimen276
\pgf@zx=\dimen277
\pgf@zy=\dimen278
)
(/usr/local/texlive/2026/texmf-dist/tex/generic/pgf/basiclayer/pgfcorepathconst
ruct.code.tex
File: pgfcorepathconstruct.code.tex 2025-08-29 v3.1.11a (3.1.11a)
\pgf@path@lastx=\dimen279
\pgf@path@lasty=\dimen280
)
(/usr/local/texlive/2026/texmf-dist/tex/generic/pgf/basiclayer/pgfcorepathusage
.code.tex
File: pgfcorepathusage.code.tex 2025-08-29 v3.1.11a (3.1.11a)
\pgf@shorten@end@additional=\dimen281
\pgf@shorten@start@additional=\dimen282
)
(/usr/local/texlive/2026/texmf-dist/tex/generic/pgf/basiclayer/pgfcorescopes.co
de.tex
File: pgfcorescopes.code.tex 2025-08-29 v3.1.11a (3.1.11a)
\pgfpic=\box109
\pgf@hbox=\box110
\pgf@layerbox@main=\box111
\pgf@picture@serial@count=\count475
)
(/usr/local/texlive/2026/texmf-dist/tex/generic/pgf/basiclayer/pgfcoregraphicst
ate.code.tex
File: pgfcoregraphicstate.code.tex 2025-08-29 v3.1.11a (3.1.11a)
\pgflinewidth=\dimen283
)
(/usr/local/texlive/2026/texmf-dist/tex/generic/pgf/basiclayer/pgfcoretransform
ations.code.tex
File: pgfcoretransformations.code.tex 2025-08-29 v3.1.11a (3.1.11a)
\pgf@pt@x=\dimen284
\pgf@pt@y=\dimen285
\pgf@pt@temp=\dimen286
)
(/usr/local/texlive/2026/texmf-dist/tex/generic/pgf/basiclayer/pgfcorequick.cod
e.tex
File: pgfcorequick.code.tex 2025-08-29 v3.1.11a (3.1.11a)
)
(/usr/local/texlive/2026/texmf-dist/tex/generic/pgf/basiclayer/pgfcoreobjects.c
ode.tex
File: pgfcoreobjects.code.tex 2025-08-29 v3.1.11a (3.1.11a)
)
(/usr/local/texlive/2026/texmf-dist/tex/generic/pgf/basiclayer/pgfcorepathproce
ssing.code.tex
File: pgfcorepathprocessing.code.tex 2025-08-29 v3.1.11a (3.1.11a)
)
(/usr/local/texlive/2026/texmf-dist/tex/generic/pgf/basiclayer/pgfcorearrows.co
de.tex
File: pgfcorearrows.code.tex 2025-08-29 v3.1.11a (3.1.11a)
\pgfarrowsep=\dimen287
)
(/usr/local/texlive/2026/texmf-dist/tex/generic/pgf/basiclayer/pgfcoreshade.cod
e.tex
File: pgfcoreshade.code.tex 2025-08-29 v3.1.11a (3.1.11a)
\pgf@max=\dimen288
\pgf@sys@shading@range@num=\count476
\pgf@shadingcount=\count477
)
(/usr/local/texlive/2026/texmf-dist/tex/generic/pgf/basiclayer/pgfcoreimage.cod
e.tex
File: pgfcoreimage.code.tex 2025-08-29 v3.1.11a (3.1.11a)
)
(/usr/local/texlive/2026/texmf-dist/tex/generic/pgf/basiclayer/pgfcoreexternal.
code.tex
File: pgfcoreexternal.code.tex 2025-08-29 v3.1.11a (3.1.11a)
\pgfexternal@startupbox=\box112
)
(/usr/local/texlive/2026/texmf-dist/tex/generic/pgf/basiclayer/pgfcorelayers.co
de.tex
File: pgfcorelayers.code.tex 2025-08-29 v3.1.11a (3.1.11a)
)
(/usr/local/texlive/2026/texmf-dist/tex/generic/pgf/basiclayer/pgfcoretranspare
ncy.code.tex
File: pgfcoretransparency.code.tex 2025-08-29 v3.1.11a (3.1.11a)
)
(/usr/local/texlive/2026/texmf-dist/tex/generic/pgf/basiclayer/pgfcorepatterns.
code.tex
File: pgfcorepatterns.code.tex 2025-08-29 v3.1.11a (3.1.11a)
)
(/usr/local/texlive/2026/texmf-dist/tex/generic/pgf/basiclayer/pgfcorerdf.code.
tex
File: pgfcorerdf.code.tex 2025-08-29 v3.1.11a (3.1.11a)
)))
(/usr/local/texlive/2026/texmf-dist/tex/generic/pgf/modules/pgfmoduleshapes.cod
e.tex
File: pgfmoduleshapes.code.tex 2025-08-29 v3.1.11a (3.1.11a)
\pgfnodeparttextbox=\box113
)
(/usr/local/texlive/2026/texmf-dist/tex/generic/pgf/modules/pgfmoduleplot.code.
tex
File: pgfmoduleplot.code.tex 2025-08-29 v3.1.11a (3.1.11a)
)
(/usr/local/texlive/2026/texmf-dist/tex/latex/pgf/compatibility/pgfcomp-version
-0-65.sty
Package: pgfcomp-version-0-65 2025-08-29 v3.1.11a (3.1.11a)
\pgf@nodesepstart=\dimen289
\pgf@nodesepend=\dimen290
)
(/usr/local/texlive/2026/texmf-dist/tex/latex/pgf/compatibility/pgfcomp-version
-1-18.sty
Package: pgfcomp-version-1-18 2025-08-29 v3.1.11a (3.1.11a)
))
(/usr/local/texlive/2026/texmf-dist/tex/latex/pgf/utilities/pgffor.sty
(/usr/local/texlive/2026/texmf-dist/tex/latex/pgf/utilities/pgfkeys.sty
(/usr/local/texlive/2026/texmf-dist/tex/generic/pgf/utilities/pgfkeys.code.tex)
) (/usr/local/texlive/2026/texmf-dist/tex/latex/pgf/math/pgfmath.sty
(/usr/local/texlive/2026/texmf-dist/tex/generic/pgf/math/pgfmath.code.tex))
(/usr/local/texlive/2026/texmf-dist/tex/generic/pgf/utilities/pgffor.code.tex
Package: pgffor 2025-08-29 v3.1.11a (3.1.11a)
\pgffor@iter=\dimen291
\pgffor@skip=\dimen292
\pgffor@stack=\toks45
\pgffor@toks=\toks46
))
(/usr/local/texlive/2026/texmf-dist/tex/generic/pgf/frontendlayer/tikz/tikz.cod
e.tex
Package: tikz 2025-08-29 v3.1.11a (3.1.11a)

(/usr/local/texlive/2026/texmf-dist/tex/generic/pgf/libraries/pgflibraryplothan
dlers.code.tex
File: pgflibraryplothandlers.code.tex 2025-08-29 v3.1.11a (3.1.11a)
\pgf@plot@mark@count=\count478
\pgfplotmarksize=\dimen293
)
\tikz@lastx=\dimen294
\tikz@lasty=\dimen295
\tikz@lastxsaved=\dimen296
\tikz@lastysaved=\dimen297
\tikz@lastmovetox=\dimen298
\tikz@lastmovetoy=\dimen299
\tikzleveldistance=\dimen300
\tikzsiblingdistance=\dimen301
\tikz@figbox=\box114
\tikz@figbox@bg=\box115
\tikz@tempbox=\box116
\tikz@tempbox@bg=\box117
\tikztreelevel=\count479
\tikznumberofchildren=\count480
\tikznumberofcurrentchild=\count481
\tikz@fig@count=\count482

(/usr/local/texlive/2026/texmf-dist/tex/generic/pgf/modules/pgfmodulematrix.cod
e.tex
File: pgfmodulematrix.code.tex 2025-08-29 v3.1.11a (3.1.11a)
\pgfmatrixcurrentrow=\count483
\pgfmatrixcurrentcolumn=\count484
\pgf@matrix@numberofcolumns=\count485
)
\tikz@expandcount=\count486

(/usr/local/texlive/2026/texmf-dist/tex/generic/pgf/frontendlayer/tikz/librarie
s/tikzlibrarytopaths.code.tex
File: tikzlibrarytopaths.code.tex 2025-08-29 v3.1.11a (3.1.11a)
)))
(/usr/local/texlive/2026/texmf-dist/tex/generic/pgf/libraries/pgflibraryarrows.
meta.code.tex
File: pgflibraryarrows.meta.code.tex 2025-08-29 v3.1.11a (3.1.11a)
\pgfarrowinset=\dimen302
\pgfarrowlength=\dimen303
\pgfarrowwidth=\dimen304
\pgfarrowlinewidth=\dimen305
)
(/usr/local/texlive/2026/texmf-dist/tex/generic/pgf/frontendlayer/tikz/librarie
s/tikzlibrarycalc.code.tex
File: tikzlibrarycalc.code.tex 2025-08-29 v3.1.11a (3.1.11a)
)
(/usr/local/texlive/2026/texmf-dist/tex/generic/pgf/frontendlayer/tikz/librarie
s/tikzlibrarypositioning.code.tex
File: tikzlibrarypositioning.code.tex 2025-08-29 v3.1.11a (3.1.11a)
)
(/usr/local/texlive/2026/texmf-dist/tex/generic/pgf/frontendlayer/tikz/librarie
s/tikzlibraryshapes.geometric.code.tex
File: tikzlibraryshapes.geometric.code.tex 2025-08-29 v3.1.11a (3.1.11a)

(/usr/local/texlive/2026/texmf-dist/tex/generic/pgf/libraries/shapes/pgflibrary
shapes.geometric.code.tex
File: pgflibraryshapes.geometric.code.tex 2025-08-29 v3.1.11a (3.1.11a)
))
(/usr/local/texlive/2026/texmf-dist/tex/latex/caption/subcaption.sty
Package: subcaption 2023/07/28 v1.6b Sub-captions (AR)
Package caption Info: New subtype `subfigure' on input line 238.
\c@subfigure=\count487
Package caption Info: New subtype `subtable' on input line 238.
\c@subtable=\count488
)
(/usr/local/texlive/2026/texmf-dist/tex/latex/jknapltx/mathrsfs.sty
Package: mathrsfs 1996/01/01 Math RSFS package v1.0 (jk)
\symrsfs=\mathgroup4
)
(/usr/local/texlive/2026/texmf-dist/tex/latex/tcolorbox/tcolorbox.sty
Package: tcolorbox 2025/11/28 version 6.9.0 text color boxes

(/usr/local/texlive/2026/texmf-dist/tex/latex/tools/verbatim.sty
Package: verbatim 2024-01-22 v1.5x LaTeX2e package for verbatim enhancements
\every@verbatim=\toks47
\verbatim@line=\toks48
\verbatim@in@stream=\read4
)
(/usr/local/texlive/2026/texmf-dist/tex/latex/environ/environ.sty
Package: environ 2014/05/04 v0.3 A new way to define environments
\@envbody=\toks49
)
\tcb@titlebox=\box118
\tcb@upperbox=\box119
\tcb@lowerbox=\box120
\tcb@phantombox=\box121
\c@tcbbreakpart=\count489
\c@tcblayer=\count490
\c@tcolorbox@number=\count491
\l__tcobox_tmpa_box=\box122
\l__tcobox_tmpa_dim=\dimen306
\tcb@temp=\box123
\tcb@temp=\box124
\tcb@temp=\box125
\tcb@temp=\box126
)
(/usr/local/texlive/2026/texmf-dist/tex/latex/booktabs/booktabs.sty
Package: booktabs 2020/01/12 v1.61803398 Publication quality tables
\heavyrulewidth=\dimen307
\lightrulewidth=\dimen308
\cmidrulewidth=\dimen309
\belowrulesep=\dimen310
\belowbottomsep=\dimen311
\aboverulesep=\dimen312
\abovetopsep=\dimen313
\cmidrulesep=\dimen314
\cmidrulekern=\dimen315
\defaultaddspace=\dimen316
\@cmidla=\count492
\@cmidlb=\count493
\@aboverulesep=\dimen317
\@belowrulesep=\dimen318
\@thisruleclass=\count494
\@lastruleclass=\count495
\@thisrulewidth=\dimen319
)
(/usr/local/texlive/2026/texmf-dist/tex/generic/pgf/frontendlayer/tikz/librarie
s/tikzlibraryshapes.code.tex
File: tikzlibraryshapes.code.tex 2025-08-29 v3.1.11a (3.1.11a)

(/usr/local/texlive/2026/texmf-dist/tex/generic/pgf/frontendlayer/tikz/librarie
s/tikzlibraryshapes.misc.code.tex
File: tikzlibraryshapes.misc.code.tex 2025-08-29 v3.1.11a (3.1.11a)

(/usr/local/texlive/2026/texmf-dist/tex/generic/pgf/libraries/shapes/pgflibrary
shapes.misc.code.tex
File: pgflibraryshapes.misc.code.tex 2025-08-29 v3.1.11a (3.1.11a)
))
(/usr/local/texlive/2026/texmf-dist/tex/generic/pgf/frontendlayer/tikz/librarie
s/tikzlibraryshapes.symbols.code.tex
File: tikzlibraryshapes.symbols.code.tex 2025-08-29 v3.1.11a (3.1.11a)

(/usr/local/texlive/2026/texmf-dist/tex/generic/pgf/libraries/shapes/pgflibrary
shapes.symbols.code.tex
File: pgflibraryshapes.symbols.code.tex 2025-08-29 v3.1.11a (3.1.11a)
))
(/usr/local/texlive/2026/texmf-dist/tex/generic/pgf/frontendlayer/tikz/librarie
s/tikzlibraryshapes.arrows.code.tex
File: tikzlibraryshapes.arrows.code.tex 2025-08-29 v3.1.11a (3.1.11a)

(/usr/local/texlive/2026/texmf-dist/tex/generic/pgf/libraries/shapes/pgflibrary
shapes.arrows.code.tex
File: pgflibraryshapes.arrows.code.tex 2025-08-29 v3.1.11a (3.1.11a)
))
(/usr/local/texlive/2026/texmf-dist/tex/generic/pgf/frontendlayer/tikz/librarie
s/tikzlibraryshapes.callouts.code.tex
(/usr/local/texlive/2026/texmf-dist/tex/generic/pgf/libraries/shapes/pgflibrary
shapes.callouts.code.tex))
(/usr/local/texlive/2026/texmf-dist/tex/generic/pgf/frontendlayer/tikz/librarie
s/tikzlibraryshapes.multipart.code.tex
File: tikzlibraryshapes.multipart.code.tex 2025-08-29 v3.1.11a (3.1.11a)

(/usr/local/texlive/2026/texmf-dist/tex/generic/pgf/libraries/shapes/pgflibrary
shapes.multipart.code.tex
File: pgflibraryshapes.multipart.code.tex 2025-08-29 v3.1.11a (3.1.11a)
\pgfnodepartlowerbox=\box127
\pgfnodeparttwobox=\box128
\pgfnodepartthreebox=\box129
\pgfnodepartfourbox=\box130
\pgfnodeparttwentybox=\box131
\pgfnodepartnineteenbox=\box132
\pgfnodeparteighteenbox=\box133
\pgfnodepartseventeenbox=\box134
\pgfnodepartsixteenbox=\box135
\pgfnodepartfifteenbox=\box136
\pgfnodepartfourteenbox=\box137
\pgfnodepartthirteenbox=\box138
\pgfnodeparttwelvebox=\box139
\pgfnodepartelevenbox=\box140
\pgfnodeparttenbox=\box141
\pgfnodepartninebox=\box142
\pgfnodeparteightbox=\box143
\pgfnodepartsevenbox=\box144
\pgfnodepartsixbox=\box145
\pgfnodepartfivebox=\box146
)))
(/usr/local/texlive/2026/texmf-dist/tex/generic/pgf/frontendlayer/tikz/librarie
s/tikzlibraryarrows.code.tex
File: tikzlibraryarrows.code.tex 2025-08-29 v3.1.11a (3.1.11a)

(/usr/local/texlive/2026/texmf-dist/tex/generic/pgf/libraries/pgflibraryarrows.
code.tex
File: pgflibraryarrows.code.tex 2025-08-29 v3.1.11a (3.1.11a)
\arrowsize=\dimen320
))
(/usr/local/texlive/2026/texmf-dist/tex/generic/pgf/frontendlayer/tikz/librarie
s/tikzlibrarybackgrounds.code.tex
File: tikzlibrarybackgrounds.code.tex 2025-08-29 v3.1.11a (3.1.11a)
\pgf@layerbox@background=\box147
\pgf@layerboxsaved@background=\box148
)
(/usr/local/texlive/2026/texmf-dist/tex/generic/pgf/frontendlayer/tikz/librarie
s/tikzlibraryshadows.code.tex
File: tikzlibraryshadows.code.tex 2025-08-29 v3.1.11a (3.1.11a)

(/usr/local/texlive/2026/texmf-dist/tex/generic/pgf/frontendlayer/tikz/librarie
s/tikzlibraryfadings.code.tex
File: tikzlibraryfadings.code.tex 2025-08-29 v3.1.11a (3.1.11a)

(/usr/local/texlive/2026/texmf-dist/tex/generic/pgf/libraries/pgflibraryfadings
.code.tex
File: pgflibraryfadings.code.tex 2025-08-29 v3.1.11a (3.1.11a)
)))
(/usr/local/texlive/2026/texmf-dist/tex/latex/stmaryrd/stmaryrd.sty
Package: stmaryrd 1994/03/03 St Mary's Road symbol package
\symstmry=\mathgroup5
LaTeX Font Info:    Overwriting symbol font `stmry' in version `bold'
(Font)                  U/stmry/m/n --> U/stmry/b/n on input line 89.
)
(/usr/local/texlive/2026/texmf-dist/tex/latex/placeins/placeins.sty
Package: placeins 2005/04/18  v 2.2
)
(/usr/local/texlive/2026/texmf-dist/tex/latex/cancel/cancel.sty
Package: cancel 2013/04/12 v2.2 Cancel math terms
)
(/usr/local/texlive/2026/texmf-dist/tex/latex/mathtools/mathtools.sty
Package: mathtools 2024/10/04 v1.31 mathematical typesetting tools

(/usr/local/texlive/2026/texmf-dist/tex/latex/mathtools/mhsetup.sty
Package: mhsetup 2021/03/18 v1.4 programming setup (MH)
)
(/usr/local/texlive/2026/texmf-dist/tex/latex/amsmath/amsmath.sty
Package: amsmath 2025/07/09 v2.17z AMS math features
\@mathmargin=\skip101

For additional information on amsmath, use the `?' option.
(/usr/local/texlive/2026/texmf-dist/tex/latex/amsmath/amstext.sty
Package: amstext 2024/11/17 v2.01 AMS text

(/usr/local/texlive/2026/texmf-dist/tex/latex/amsmath/amsgen.sty
File: amsgen.sty 1999/11/30 v2.0 generic functions
\@emptytoks=\toks50
\ex@=\dimen321
))
(/usr/local/texlive/2026/texmf-dist/tex/latex/amsmath/amsbsy.sty
Package: amsbsy 1999/11/29 v1.2d Bold Symbols
\pmbraise@=\dimen322
)
(/usr/local/texlive/2026/texmf-dist/tex/latex/amsmath/amsopn.sty
Package: amsopn 2022/04/08 v2.04 operator names
)
\inf@bad=\count496
LaTeX Info: Redefining \frac on input line 233.
\uproot@=\count497
\leftroot@=\count498
LaTeX Info: Redefining \overline on input line 398.
LaTeX Info: Redefining \colon on input line 409.
\classnum@=\count499
\DOTSCASE@=\count500
LaTeX Info: Redefining \ldots on input line 495.
LaTeX Info: Redefining \dots on input line 498.
LaTeX Info: Redefining \cdots on input line 619.
\Mathstrutbox@=\box149
\strutbox@=\box150
LaTeX Info: Redefining \big on input line 721.
LaTeX Info: Redefining \Big on input line 722.
LaTeX Info: Redefining \bigg on input line 723.
LaTeX Info: Redefining \Bigg on input line 724.
\big@size=\dimen323
LaTeX Font Info:    Redeclaring font encoding OML on input line 742.
LaTeX Font Info:    Redeclaring font encoding OMS on input line 743.
\macc@depth=\count501
LaTeX Info: Redefining \bmod on input line 904.
LaTeX Info: Redefining \pmod on input line 909.
LaTeX Info: Redefining \smash on input line 939.
LaTeX Info: Redefining \relbar on input line 969.
LaTeX Info: Redefining \Relbar on input line 970.
\c@MaxMatrixCols=\count502
\dotsspace@=\muskip22
\c@parentequation=\count503
\dspbrk@lvl=\count504
\tag@help=\toks51
\row@=\count505
\column@=\count506
\maxfields@=\count507
\andhelp@=\toks52
\eqnshift@=\dimen324
\alignsep@=\dimen325
\tagshift@=\dimen326
\tagwidth@=\dimen327
\totwidth@=\dimen328
\lineht@=\dimen329
\@envbody=\toks53
\multlinegap=\skip102
\multlinetaggap=\skip103
\mathdisplay@stack=\toks54
LaTeX Info: Redefining \[ on input line 2950.
LaTeX Info: Redefining \] on input line 2951.
)
\g_MT_multlinerow_int=\count508
\l_MT_multwidth_dim=\dimen330
\origjot=\skip104
\l_MT_shortvdotswithinadjustabove_dim=\dimen331
\l_MT_shortvdotswithinadjustbelow_dim=\dimen332
\l_MT_above_intertext_sep=\dimen333
\l_MT_below_intertext_sep=\dimen334
\l_MT_above_shortintertext_sep=\dimen335
\l_MT_below_shortintertext_sep=\dimen336
\xmathstrut@box=\box151
\xmathstrut@dim=\dimen337
)
(/usr/local/texlive/2026/texmf-dist/tex/latex/fancybox/fancybox.sty
Package: fancybox 2010/05/15 1.4

Style option: `fancybox' v1.4 <2010/05/15> (tvz)
\@fancybox=\box152
\shadowsize=\dimen338
\@Sbox=\box153
\do@VerbBox=\toks55
\the@fancyput=\toks56
\this@fancyput=\toks57
\EndVerbatimTokens=\toks58
\Verbatim@Outfile=\write6
\Verbatim@Infile=\read5
) (/usr/local/texlive/2026/texmf-dist/tex/latex/colortbl/colortbl.sty
Package: colortbl 2024/10/29 v1.0k Color table columns (DPC)
\everycr=\toks59
\minrowclearance=\skip105
\rownum=\count509
)
(/usr/local/texlive/2026/texmf-dist/tex/latex/amsfonts/amssymb.sty
Package: amssymb 2013/01/14 v3.01 AMS font symbols

(/usr/local/texlive/2026/texmf-dist/tex/latex/amsfonts/amsfonts.sty
Package: amsfonts 2013/01/14 v3.01 Basic AMSFonts support
\symAMSa=\mathgroup6
\symAMSb=\mathgroup7
LaTeX Font Info:    Redeclaring math symbol \hbar on input line 98.
LaTeX Font Info:    Overwriting math alphabet `\mathfrak' in version `bold'
(Font)                  U/euf/m/n --> U/euf/b/n on input line 106.
)
LaTeX Font Info:    Redeclaring math symbol \boxdot on input line 44.
)
(/usr/local/texlive/2026/texmf-dist/tex/latex/setspace/setspace.sty
Package: setspace 2022/12/04 v6.7b set line spacing
)
(/usr/local/texlive/2026/texmf-dist/tex/latex/float/float.sty
Package: float 2001/11/08 v1.3d Float enhancements (AL)
\c@float@type=\count510
\float@exts=\toks60
\float@box=\box154
\@float@everytoks=\toks61
\@floatcapt=\box155
)
(/usr/local/texlive/2026/texmf-dist/tex/latex/base/inputenc.sty
Package: inputenc 2024/02/08 v1.3d Input encoding file
\inpenc@prehook=\toks62
\inpenc@posthook=\toks63
)
(/usr/local/texlive/2026/texmf-dist/tex/generic/babel/babel.sty
Package: babel 2026/03/08 v26.4 The multilingual framework for LuaLaTeX, pdfLaT
eX and XeLaTeX
\babel@savecnt=\count511
LaTeX Encoding Info:    Redeclaring text command \ij (encoding OT1) on input li
ne 2078.
LaTeX Encoding Info:    Redeclaring text command \IJ (encoding OT1) on input li
ne 2080.
LaTeX Encoding Info:    Redeclaring text command \ij (encoding T1) on input lin
e 2082.
LaTeX Encoding Info:    Redeclaring text command \IJ (encoding T1) on input lin
e 2083.
LaTeX Encoding Info:    Ignoring declaration for text command \ij (encoding ?) 
on input line 2084.
LaTeX Encoding Info:    Ignoring declaration for text command \IJ (encoding ?) 
on input line 2086.
LaTeX Encoding Info:    Ignoring declaration for text command \SS (encoding ?) 
on input line 2111.
\U@D=\dimen339
\l@unhyphenated=\language92

(/usr/local/texlive/2026/texmf-dist/tex/generic/babel/txtbabel.def)
\bbl@readstream=\read6
\bbl@dirlevel=\count512

(/usr/local/texlive/2026/texmf-dist/tex/generic/babel/locale/en/babel-english.t
ex)
Package babel Info: Importing font and identification data for english
(babel)             from babel-en.ini. Reported on input line 4330.
 (/usr/local/texlive/2026/texmf-dist/tex/generic/babel-english/english.ldf
Language: english 2017/06/06 v3.3r English support from the babel system
Package babel Info: Hyphen rules for 'canadian' set to \l@english
(babel)             (\language0). Reported on input line 102.
Package babel Info: Hyphen rules for 'australian' set to \l@ukenglish
(babel)             (\language22). Reported on input line 105.
Package babel Info: Hyphen rules for 'newzealand' set to \l@ukenglish
(babel)             (\language22). Reported on input line 108.
)) (/usr/local/texlive/2026/texmf-dist/tex/latex/mwe/mwe.sty
Package: mwe 2018/03/30 v0.5 Package to support minimal working examples (MWE)

(/usr/local/texlive/2026/texmf-dist/tex/latex/lipsum/lipsum.sty
(/usr/local/texlive/2026/texmf-dist/tex/latex/l3packages/l3keys2e/l3keys2e.sty
Package: l3keys2e 2025-10-09 LaTeX2e option processing using LaTeX3 keys
)
Package: lipsum 2021-09-20 v2.7 150 paragraphs of Lorem Ipsum dummy text
\g__lipsum_par_int=\count513
\l__lipsum_a_int=\count514
\l__lipsum_b_int=\count515
(/usr/local/texlive/2026/texmf-dist/tex/latex/lipsum/lipsum.ltd.tex))
(/usr/local/texlive/2026/texmf-dist/tex/latex/blindtext/blindtext.sty
Package: blindtext 2012/01/06 V2.0 blindtext-Package

(/usr/local/texlive/2026/texmf-dist/tex/latex/tools/xspace.sty
Package: xspace 2014/10/28 v1.13 Space after command names (DPC,MH)
)
\c@blindtext=\count516
\c@Blindtext=\count517
\c@blind@countparstart=\count518
\blind@countxx=\count519
\blindtext@numBlindtext=\count520
\blind@countyy=\count521
\c@blindlist=\count522
\c@blindlistlevel=\count523
\c@blindlist@level=\count524
\blind@listitem=\count525
\c@blind@listcount=\count526
\c@blind@levelcount=\count527
\blind@mathformula=\count528
\blind@Mathformula=\count529
\c@blind@randomcount=\count530
\c@blind@randommax=\count531
\c@blind@pangramcount=\count532
\c@blind@pangrammax=\count533
))
(/usr/local/texlive/2026/texmf-dist/tex/latex/adjustbox/adjustbox.sty
Package: adjustbox 2025/02/26 v1.3c Adjusting TeX boxes (trim, clip, ...)

(/usr/local/texlive/2026/texmf-dist/tex/latex/xkeyval/xkeyval.sty
Package: xkeyval 2025/11/04 v2.10 package option processing (HA)

(/usr/local/texlive/2026/texmf-dist/tex/generic/xkeyval/xkeyval.tex
(/usr/local/texlive/2026/texmf-dist/tex/generic/xkeyval/xkvutils.tex
\XKV@toks=\toks64
\XKV@tempa@toks=\toks65
\XKV@tempb@toks=\toks66
)
\XKV@depth=\count534
File: xkeyval.tex 2014/12/03 v2.7a key=value parser (HA)
))
(/usr/local/texlive/2026/texmf-dist/tex/latex/adjustbox/adjcalc.sty
Package: adjcalc 2012/05/16 v1.1 Provides advanced setlength with multiple back
-ends (calc, etex, pgfmath)
)
(/usr/local/texlive/2026/texmf-dist/tex/latex/adjustbox/trimclip.sty
Package: trimclip 2025/02/21 v1.2a Trim and clip general TeX material

(/usr/local/texlive/2026/texmf-dist/tex/latex/collectbox/collectbox.sty
Package: collectbox 2022/10/17 v0.4c Collect macro arguments as boxes
\collectedbox=\box156
)
\tc@llx=\dimen340
\tc@lly=\dimen341
\tc@urx=\dimen342
\tc@ury=\dimen343
Package trimclip Info: Using driver 'tc-pdftex.def'.

(/usr/local/texlive/2026/texmf-dist/tex/latex/adjustbox/tc-pdftex.def
File: tc-pdftex.def 2025/02/26 v2.3 Clipping driver for pdftex
))
\adjbox@Width=\dimen344
\adjbox@Height=\dimen345
\adjbox@Depth=\dimen346
\adjbox@Totalheight=\dimen347
\adjbox@pwidth=\dimen348
\adjbox@pheight=\dimen349
\adjbox@pdepth=\dimen350
\adjbox@ptotalheight=\dimen351

(/usr/local/texlive/2026/texmf-dist/tex/latex/ifoddpage/ifoddpage.sty
Package: ifoddpage 2022/10/18 v1.2 Conditionals for odd/even page detection
\c@checkoddpage=\count535
)
(/usr/local/texlive/2026/texmf-dist/tex/latex/varwidth/varwidth.sty
Package: varwidth 2009/03/30 ver 0.92;  Variable-width minipages
\@vwid@box=\box157
\sift@deathcycles=\count536
\@vwid@loff=\dimen352
\@vwid@roff=\dimen353
)
==> First Aid for varwidth.sty applied!
) (/usr/local/texlive/2026/texmf-dist/tex/latex/multirow/multirow.sty
Package: multirow 2024/11/12 v2.9 Span multiple rows of a table
\multirow@colwidth=\skip106
\multirow@cntb=\count537
\multirow@dima=\skip107
\bigstrutjot=\dimen354
)
(/usr/local/texlive/2026/texmf-dist/tex/latex/makecell/makecell.sty
Package: makecell 2009/08/03 V0.1e Managing of Tab Column Heads and Cells
\rotheadsize=\dimen355
\c@nlinenum=\count538
\TeXr@lab=\toks67
)
(./annotate_eqs.sty

LaTeX Warning: You have requested package `annotate_eqs',
               but the package provides `annotate-equations'.

Package: annotate-equations 2023/05/06 v0.2.2 easily annotate equations using T
ikZ
(/usr/local/texlive/2026/texmf-dist/tex/generic/iftex/ifluatex.sty
Package: ifluatex 2019/10/25 v1.5 ifluatex legacy package. Use iftex instead.
)
(/usr/local/texlive/2026/texmf-dist/tex/latex/tikzmark/tikzlibrarytikzmark.code
.tex
File: tikzlibrarytikzmark.code.tex 2022/08/24 v1.15 TikZ library for marking po
sitions in a document
\l__sn_x_dim=\dimen356
\l__sn_y_dim=\dimen357
\l__sn_xa_dim=\dimen358
\l__sn_ya_dim=\dimen359
)
(/usr/local/texlive/2026/texmf-dist/tex/generic/pgf/frontendlayer/tikz/librarie
s/tikzlibrarybabel.code.tex
File: tikzlibrarybabel.code.tex 2025-08-29 v3.1.11a (3.1.11a)
)
\c@eqnannotatenode=\count539
)
(/usr/local/texlive/2026/texmf-dist/tex/generic/pgf/frontendlayer/tikz/librarie
s/tikzlibraryfit.code.tex
File: tikzlibraryfit.code.tex 2025-08-29 v3.1.11a (3.1.11a)
)
(/usr/local/texlive/2026/texmf-dist/tex/latex/epigraph/epigraph.sty
Package: epigraph 2020/01/02 v1.5e typesetting epigraphs

(/usr/local/texlive/2026/texmf-dist/tex/latex/nextpage/nextpage.sty
Package: nextpage 2009/09/03 v1.1a additional page commands
)
\beforeepigraphskip=\skip108
\afterepigraphskip=\skip109
\epigraphwidth=\skip110
\epigraphrule=\skip111
)
(/usr/local/texlive/2026/texmf-dist/tex/latex/thmbox/thmbox.sty
Package: thmbox 2005/04/24 v2.0 fancy theorem outlining
\thmbox@leftmargin=\dimen360
\thmbox@rightmargin=\dimen361
\thmbox@hskip=\dimen362
\thmbox@vskip=\dimen363
\thmbox@thickness=\dimen364
\thmbox@box=\box158
\thmbox@box@=\box159
\thmbox@dim=\dimen365
)
\c@question=\count540

(/usr/local/texlive/2026/texmf-dist/tex/latex/tcolorbox/tcbtheorems.code.tex
Library (tcolorbox): 'tcbtheorems.code.tex' version '6.9.0'
) (/usr/local/texlive/2026/texmf-dist/tex/latex/tcolorbox/tcbskins.code.tex
Library (tcolorbox): 'tcbskins.code.tex' version '6.9.0'
(/usr/local/texlive/2026/texmf-dist/tex/latex/tikzfill/tikzfill.image.sty
Package: tikzfill.image 2023/08/08 v1.0.1 Image filling library for TikZ

(/usr/local/texlive/2026/texmf-dist/tex/latex/tikzfill/tikzfill-common.sty
Package: tikzfill-common 2023/08/08 v1.0.1 Auxiliary code for tikzfill
)
(/usr/local/texlive/2026/texmf-dist/tex/latex/tikzfill/tikzlibraryfill.image.co
de.tex
File: tikzlibraryfill.image.code.tex 2023/08/08 v1.0.1 Image filling library
\l__tikzfill_img_box=\box160
))
(/usr/local/texlive/2026/texmf-dist/tex/latex/tcolorbox/tcbskinsjigsaw.code.tex
Library (tcolorbox): 'tcbskinsjigsaw.code.tex' version '6.9.0'
))
(/usr/local/texlive/2026/texmf-dist/tex/latex/tcolorbox/tcbbreakable.code.tex
Library (tcolorbox): 'tcbbreakable.code.tex' version '6.9.0'
(/usr/local/texlive/2026/texmf-dist/tex/latex/pdfcol/pdfcol.sty
Package: pdfcol 2022-09-21 v1.7 Handle new color stacks for pdfTeX (HO)
)
Package pdfcol Info: New color stack `tcb@breakable' = 1 on input line 23.
\tcb@testbox=\box161
\tcb@totalupperbox=\box162
\tcb@totallowerbox=\box163
)
(/usr/local/texlive/2026/texmf-dist/tex/latex/algorithms/algorithm.sty
Package: algorithm 2009/08/24 v0.1 Document Style `algorithm' - floating enviro
nment
\@float@every@algorithm=\toks68
\c@algorithm=\count541
)
(/usr/local/texlive/2026/texmf-dist/tex/latex/algorithmicx/algpseudocode.sty
Package: algpseudocode 

(/usr/local/texlive/2026/texmf-dist/tex/latex/algorithmicx/algorithmicx.sty
Package: algorithmicx 2005/04/27 v1.2 Algorithmicx

Document Style algorithmicx 1.2 - a greatly improved `algorithmic' style
\c@ALG@line=\count542
\c@ALG@rem=\count543
\c@ALG@nested=\count544
\ALG@tlm=\skip112
\ALG@thistlm=\skip113
\c@ALG@Lnr=\count545
\c@ALG@blocknr=\count546
\c@ALG@storecount=\count547
\c@ALG@tmpcounter=\count548
\ALG@tmplength=\skip114
)
Document Style - pseudocode environments for use with the `algorithmicx' style
) (/usr/local/texlive/2026/texmf-dist/tex/latex/cleveref/cleveref.sty
Package: cleveref 2018/03/27 v0.21.4 Intelligent cross-referencing
Package cleveref Info: `hyperref' support loaded on input line 2370.
LaTeX Info: Redefining \cref on input line 2370.
LaTeX Info: Redefining \Cref on input line 2370.
LaTeX Info: Redefining \crefrange on input line 2370.
LaTeX Info: Redefining \Crefrange on input line 2370.
LaTeX Info: Redefining \cpageref on input line 2370.
LaTeX Info: Redefining \Cpageref on input line 2370.
LaTeX Info: Redefining \cpagerefrange on input line 2370.
LaTeX Info: Redefining \Cpagerefrange on input line 2370.
LaTeX Info: Redefining \labelcref on input line 2370.
LaTeX Info: Redefining \labelcpageref on input line 2370.
Package cleveref Info: `amsthm' support loaded on input line 3026.
Package cleveref Info: `algorithmicx' support loaded on input line 3120.
)
==> First Aid for cleveref.sty applied!
(/usr/local/texlive/2026/texmf-dist/tex/latex/mdframed/mdframed.sty
Package: mdframed 2013/07/01 1.9b: mdframed

(/usr/local/texlive/2026/texmf-dist/tex/latex/zref/zref-abspage.sty
Package: zref-abspage 2026-03-07 v2.37 Module abspage for zref (HO)

(/usr/local/texlive/2026/texmf-dist/tex/latex/zref/zref-base.sty
Package: zref-base 2026-03-07 v2.37 Module base for zref (HO)

(/usr/local/texlive/2026/texmf-dist/tex/generic/etexcmds/etexcmds.sty
Package: etexcmds 2019/12/15 v1.7 Avoid name clashes with e-TeX commands (HO)
)
(/usr/local/texlive/2026/texmf-dist/tex/latex/auxhook/auxhook.sty
Package: auxhook 2019-12-17 v1.6 Hooks for auxiliary files (HO)
)
Package zref Info: New property list: main on input line 767.
Package zref Info: New property: default on input line 768.
Package zref Info: New property: page on input line 769.
)
\c@abspage=\count549
Package zref Info: New property: abspage on input line 67.
)
(/usr/local/texlive/2026/texmf-dist/tex/latex/needspace/needspace.sty
Package: needspace 2025/03/13 v1.3e reserve vertical space
)
\mdf@templength=\skip115
\c@mdf@globalstyle@cnt=\count550
\mdf@skipabove@length=\skip116
\mdf@skipbelow@length=\skip117
\mdf@leftmargin@length=\skip118
\mdf@rightmargin@length=\skip119
\mdf@innerleftmargin@length=\skip120
\mdf@innerrightmargin@length=\skip121
\mdf@innertopmargin@length=\skip122
\mdf@innerbottommargin@length=\skip123
\mdf@splittopskip@length=\skip124
\mdf@splitbottomskip@length=\skip125
\mdf@outermargin@length=\skip126
\mdf@innermargin@length=\skip127
\mdf@linewidth@length=\skip128
\mdf@innerlinewidth@length=\skip129
\mdf@middlelinewidth@length=\skip130
\mdf@outerlinewidth@length=\skip131
\mdf@roundcorner@length=\skip132
\mdf@footenotedistance@length=\skip133
\mdf@userdefinedwidth@length=\skip134
\mdf@needspace@length=\skip135
\mdf@frametitleaboveskip@length=\skip136
\mdf@frametitlebelowskip@length=\skip137
\mdf@frametitlerulewidth@length=\skip138
\mdf@frametitleleftmargin@length=\skip139
\mdf@frametitlerightmargin@length=\skip140
\mdf@shadowsize@length=\skip141
\mdf@extratopheight@length=\skip142
\mdf@subtitleabovelinewidth@length=\skip143
\mdf@subtitlebelowlinewidth@length=\skip144
\mdf@subtitleaboveskip@length=\skip145
\mdf@subtitlebelowskip@length=\skip146
\mdf@subtitleinneraboveskip@length=\skip147
\mdf@subtitleinnerbelowskip@length=\skip148
\mdf@subsubtitleabovelinewidth@length=\skip149
\mdf@subsubtitlebelowlinewidth@length=\skip150
\mdf@subsubtitleaboveskip@length=\skip151
\mdf@subsubtitlebelowskip@length=\skip152
\mdf@subsubtitleinneraboveskip@length=\skip153
\mdf@subsubtitleinnerbelowskip@length=\skip154

(/usr/local/texlive/2026/texmf-dist/tex/latex/mdframed/md-frame-1.mdf
File: md-frame-1.mdf 2013/07/01\ 1.9b: md-frame-1
)
\mdf@frametitlebox=\box164
\mdf@footnotebox=\box165
\mdf@splitbox@one=\box166
\mdf@splitbox@two=\box167
\mdf@splitbox@save=\box168
\mdfsplitboxwidth=\skip155
\mdfsplitboxtotalwidth=\skip156
\mdfsplitboxheight=\skip157
\mdfsplitboxdepth=\skip158
\mdfsplitboxtotalheight=\skip159
\mdfframetitleboxwidth=\skip160
\mdfframetitleboxtotalwidth=\skip161
\mdfframetitleboxheight=\skip162
\mdfframetitleboxdepth=\skip163
\mdfframetitleboxtotalheight=\skip164
\mdffootnoteboxwidth=\skip165
\mdffootnoteboxtotalwidth=\skip166
\mdffootnoteboxheight=\skip167
\mdffootnoteboxdepth=\skip168
\mdffootnoteboxtotalheight=\skip169
\mdftotallinewidth=\skip170
\mdfboundingboxwidth=\skip171
\mdfboundingboxtotalwidth=\skip172
\mdfboundingboxheight=\skip173
\mdfboundingboxdepth=\skip174
\mdfboundingboxtotalheight=\skip175
\mdf@freevspace@length=\skip176
\mdf@horizontalwidthofbox@length=\skip177
\mdf@verticalmarginwhole@length=\skip178
\mdf@horizontalspaceofbox=\skip179
\mdfsubtitleheight=\skip180
\mdfsubsubtitleheight=\skip181
\c@mdfcountframes=\count551

****** mdframed patching \endmdf@trivlist

****** -- success******

\mdf@envdepth=\count552
\c@mdf@env@i=\count553
\c@mdf@env@ii=\count554
\c@mdf@zref@counter=\count555
Package zref Info: New property: mdf@pagevalue on input line 895.
)
(./math_commands.tex (/usr/local/texlive/2026/texmf-dist/tex/latex/tools/bm.sty
Package: bm 2025/10/21 v1.2g Bold Symbol Support (DPC/FMi)
\symboldoperators=\mathgroup8
\symboldletters=\mathgroup9
\symboldsymbols=\mathgroup10
Package bm Info: No bold for \OMX/lmex/m/n, using \pmb.
Package bm Info: No bold for \U/rsfs/m/n, using \pmb.
\symboldstmry=\mathgroup11
Package bm Info: No bold for \U/msa/m/n, using \pmb.
Package bm Info: No bold for \U/msb/m/n, using \pmb.
LaTeX Font Info:    Redeclaring math alphabet \mathbf on input line 149.
) (/usr/local/texlive/2026/texmf-dist/tex/latex/enumitem/enumitem.sty
Package: enumitem 2025/02/06 v3.11 Customized lists
\labelindent=\skip182
\enit@outerparindent=\dimen366
\enit@toks=\toks69
\enit@inbox=\box169
\enit@count@id=\count556
\enitdp@description=\count557
)
LaTeX Font Info:    Overwriting math alphabet `\mathsfit' in version `bold'
(Font)                  T1/lmss/m/sl --> T1/lmss/bx/n on input line 327.
)
(./theorems.tex
\c@tcb@cnt@mydefinition=\count558
\c@tcb@cnt@myproblem=\count559
\c@msgcounter=\count560
\c@tcb@cnt@myresearchproblem=\count561
\c@mytheorem=\count562

(/usr/local/texlive/2026/texmf-dist/tex/latex/tcolorbox/tcbhooks.code.tex
Library (tcolorbox): 'tcbhooks.code.tex' version '6.9.0'
)
\c@tcb@cnt@Theorem=\count563
)
\enitdp@todolist=\count564
 (/usr/local/texlive/2026/texmf-dist/tex/latex/psnfss/pifont.sty
Package: pifont 2020/03/25 PSNFSS-v9.3 Pi font support (SPQR) 
LaTeX Font Info:    Trying to load font information for U+pzd on input line 63.


(/usr/local/texlive/2026/texmf-dist/tex/latex/psnfss/upzd.fd
File: upzd.fd 2001/06/04 font definitions for U/pzd.
)
LaTeX Font Info:    Trying to load font information for U+psy on input line 64.


(/usr/local/texlive/2026/texmf-dist/tex/latex/psnfss/upsy.fd
File: upsy.fd 2001/06/04 font definitions for U/psy.
))
(/usr/local/texlive/2026/texmf-dist/tex/latex/pstricks/pstricks.sty
Package: pstricks 2024/02/02 v0.75 LaTeX wrapper for `PSTricks' (RN,HV)

(/usr/local/texlive/2026/texmf-dist/tex/generic/xkeyval/pst-xkey.tex
File: pst-xkey.tex 2005/11/25 v1.6 PSTricks specialization of xkeyval (HA)
)
(/usr/local/texlive/2026/texmf-dist/tex/generic/pstricks/pstricks.tex
(/usr/local/texlive/2026/texmf-dist/tex/generic/pstricks/pst-fp.tex
`pst-fp' v0.06, 2020/11/20 (hv)
\pstFP@xs=\count565
\pstFP@xia=\count566
\pstFP@xib=\count567
\pstFP@xfa=\count568
\pstFP@xfb=\count569
\pstFP@rega=\count570
\pstFP@regb=\count571
\pstFP@regs=\count572
\pstFP@times=\count573
)
\psLoopIndex=\count574

`PSTricks' v3.22A  <2025/12/13> (tvz,hv)
\pst@dima=\dimen367
\pst@dimb=\dimen368
\pst@dimc=\dimen369
\pst@dimd=\dimen370
\pst@dimg=\dimen371
\pst@dimh=\dimen372
\pst@dimm=\dimen373
\pst@dimn=\dimen374
\pst@dimo=\dimen375
\pst@dimp=\dimen376
\pst@hbox=\box170
\pst@ibox=\box171
\pst@boxg=\box172
\pst@cnta=\count575
\pst@cntb=\count576
\pst@cntc=\count577
\pst@cntd=\count578
\pst@cntg=\count579
\pst@cnth=\count580
\pst@cntm=\count581
\pst@cntn=\count582
\pst@cnto=\count583
\pst@cntp=\count584
\@zero=\count585
\pst@toks=\toks70
--- We are running latex or xelatex ---
(/usr/local/texlive/2026/texmf-dist/tex/generic/pstricks/pstricks.con)
(/usr/local/texlive/2026/texmf-dist/tex/generic/pstricks/pstricks-color.tex)
\psunit=\dimen377
\psxunit=\dimen378
\psyunit=\dimen379
\pst@C@@rType=\count586
\pslinewidth=\dimen380
\psk@startLW=\dimen381
\psk@endLW=\dimen382

(/usr/local/texlive/2026/texmf-dist/tex/generic/pstricks/pstricks-arrows.tex
\pshooklength=\dimen383
\pshookwidth=\dimen384
)
\pst@customdefs=\toks71

(/usr/local/texlive/2026/texmf-dist/tex/generic/pstricks/pstricks-dots.tex)
\pslinearc=\dimen385
\pst@symbolStep=\dimen386
\pst@symbolWidth=\dimen387
\pst@symbolLinewidth=\dimen388

(/usr/local/texlive/2026/texmf-dist/tex/generic/pstricks/pst-code-grid.tex)
(/usr/local/texlive/2026/texmf-dist/tex/generic/pstricks/pst-code-box.tex
\everypsbox=\toks72
\psframesep=\dimen389
)
(/usr/local/texlive/2026/texmf-dist/tex/generic/pstricks/pst-code-arc.tex)
(/usr/local/texlive/2026/texmf-dist/tex/generic/pstricks/pst-code-circle_ellips
e.tex)
(/usr/local/texlive/2026/texmf-dist/tex/generic/pstricks/pst-code-ref_rot.tex)
(/usr/local/texlive/2026/texmf-dist/tex/generic/pstricks/pst-code-put.tex
\pslabelsep=\dimen390
)
(/usr/local/texlive/2026/texmf-dist/tex/generic/pstricks/pst-code-pspicture.tex
\sh@wgridXunit=\dimen391
\sh@wgridYunit=\dimen392
\pst@shift=\dimen393
\ps@imagectr=\count587
) (/usr/local/texlive/2026/texmf-dist/tex/generic/pstricks/pstricks.con))
File: pstricks.tex 2025/12/13 v3.22A `PSTricks' (tvz,hv)

(/usr/local/texlive/2026/texmf-dist/tex/generic/pstricks/pst-fp.tex
`pst-fp' v0.06, 2020/11/20 (hv))
File: pst-fp.tex 2020/11/20 v0.06 `PST-fp' (hv)
)
(/usr/local/texlive/2026/texmf-dist/tex/latex/pstricks-add/pstricks-add.sty
(/usr/local/texlive/2026/texmf-dist/tex/latex/pst-plot/pst-plot.sty
Package: pst-plot 2011/06/05 v1.00 LaTeX wrapper for `pst-plot' (HV)

(/usr/local/texlive/2026/texmf-dist/tex/latex/xkeyval/pst-xkey.sty
Package: pst-xkey 2005/11/25 v1.6 package wrapper for pst-xkey.tex (HA)
)
(/usr/local/texlive/2026/texmf-dist/tex/latex/multido/multido.sty
Package: multido 2004/05/17 package wrapper for PSTricks `multido.tex', (HV/RN)


(/usr/local/texlive/2026/texmf-dist/tex/generic/multido/multido.tex
 v1.42, 2010/05/14 <tvz>
\multido@count=\count588
\multidocount=\count589
\multido@stuff=\toks73
)
File: multido.tex 2010/05/14 v1.42 `multido' (tvz,hv)
)
Package: pst-plot 2021/09/23 package wrapper for pst-plot.tex (hv)

(/usr/local/texlive/2026/texmf-dist/tex/generic/pst-plot/pst-plot.tex
(/usr/local/texlive/2026/texmf-dist/tex/generic/pst-tools/pst-tools.tex
`PST-tools' v0.12, 2021/09/23 (hv)
\randomi=\count590
\ranval=\count591
)
(/usr/local/texlive/2026/texmf-dist/tex/generic/pstricks-add/pstricks-add.tex
(/usr/local/texlive/2026/texmf-dist/tex/generic/pst-node/pst-node.tex
 v1.45, 2024/07/10
\psrow=\count592
\pscol=\count593
\psmatrixcnt=\count594
\psrowsep=\skip183
\pscolsep=\skip184
\pst@args=\count595
\num@pts=\count596
\pst@argcnt=\count597
)
(/usr/local/texlive/2026/texmf-dist/tex/generic/pst-arrow/pst-arrow.tex
`pst-arrow' v0.05, 2021/11/16 (dr,hv))
(/usr/local/texlive/2026/texmf-dist/tex/generic/pst-3d/pst-3d.tex
`PST-3d' v1.11, 2010/02/14 (tvz))
(/usr/local/texlive/2026/texmf-dist/tex/generic/pst-math/pst-math.tex
`pst-math' v0.67 , (CJ,hv)) `pstricks-add' v3.94, 2023/04/17 (dr,hv)
\psparallelogramsep=\dimen394
\pst@cntC=\count598
\pst@stepcount=\count599
\chart@ColorIndex=\dimen395
\chart@ColorStep=\dimen396
\pst@chartHeight=\dimen397
\pst@chartStackDepth=\dimen398
\pst@chartStackWidth=\dimen399
\chart@Toggle=\count600
\psVectorCtr=\count601
)
 v1.94, 2022/11/21 (tvz,hv)
\pstRadUnit=\dimen400
\pstRadUnitInv=\dimen401
\pst@linecnt=\count602
\RCD@file=\read7
\psxlabelsep=\dimen402
\psylabelsep=\dimen403
\psk@subticksize=\dimen404
\pst@xticksizeA=\dimen405
\pst@xticksizeB=\dimen406
\pst@xticksizeC=\dimen407
\pst@yticksizeA=\dimen408
\pst@yticksizeB=\dimen409
\pst@yticksizeC=\dimen410
\@digitcounter=\count603
\psk@llx=\dimen411
\psk@lly=\dimen412
\psk@urx=\dimen413
\psk@ury=\dimen414
\pst@xunit=\dimen415
\pst@yunit=\dimen416
)
File: pst-plot.tex 2022/11/21 1.94 `pst-plot' (tvz,hv)
)
(/usr/local/texlive/2026/texmf-dist/tex/latex/pst-node/pst-node.sty
Package: pst-node 2024/07/10 v1.02 LaTeX wrapper for `pst-node' (HV)
Package: pst-node 2024/07/10 package wrapper for pst-node.tex

(/usr/local/texlive/2026/texmf-dist/tex/generic/pst-node/pst-node.tex)
File: pst-node.tex 2022/11/21 1.94 `pst-node' (tvz,hv)
)
(/usr/local/texlive/2026/texmf-dist/tex/latex/pst-3d/pst-3d.sty
Package: pst-3d 2009/07/28 package wrapper for pst-3d.tex (hv)

(/usr/local/texlive/2026/texmf-dist/tex/generic/pst-3d/pst-3d.tex)
File: pst-3d.tex 2022/11/21 v1.94 `PST-3d' (hv)
)
(/usr/local/texlive/2026/texmf-dist/tex/latex/pst-math/pst-math.sty
Package: pst-math 2023/07/03 v 0.67 package wrapper for PSTricks pst-math.tex

(/usr/local/texlive/2026/texmf-dist/tex/latex/pst-calculate/pst-calculate.sty
Package: pst-calculate 2019/01/24 v. 0.02(Herbert Voss) Support for caculations
 with floating point numbers.

(/usr/local/texlive/2026/texmf-dist/tex/latex/siunitx/siunitx.sty
Package: siunitx 2025-07-09 v3.4.14 A comprehensive (SI) units package
\l__siunitx_number_uncert_offset_int=\count604
\l__siunitx_number_exponent_fixed_int=\count605
\l__siunitx_number_min_decimal_int=\count606
\l__siunitx_number_min_integer_int=\count607
\l__siunitx_number_round_precision_int=\count608
\l__siunitx_number_lower_threshold_int=\count609
\l__siunitx_number_upper_threshold_int=\count610
\l__siunitx_number_group_first_int=\count611
\l__siunitx_number_group_size_int=\count612
\l__siunitx_number_group_minimum_int=\count613
\l__siunitx_angle_tmp_dim=\dimen417
\l__siunitx_angle_marker_box=\box173
\l__siunitx_angle_unit_box=\box174
\l__siunitx_compound_count_int=\count614

(/usr/local/texlive/2026/texmf-dist/tex/latex/translations/translations.sty
Package: translations 2022/02/05 v1.12 internationalization of LaTeX2e packages
 (CN)
)
\l__siunitx_table_tmp_box=\box175
\l__siunitx_table_tmp_dim=\dimen418
\l__siunitx_table_column_width_dim=\dimen419
\l__siunitx_table_integer_box=\box176
\l__siunitx_table_decimal_box=\box177
\l__siunitx_table_uncert_box=\box178
\l__siunitx_table_before_box=\box179
\l__siunitx_table_after_box=\box180
\l__siunitx_table_before_dim=\dimen420
\l__siunitx_table_carry_dim=\dimen421
\l__siunitx_unit_tmp_int=\count615
\l__siunitx_unit_position_int=\count616
\l__siunitx_unit_total_int=\count617
))
(/usr/local/texlive/2026/texmf-dist/tex/generic/xstring/xstring.sty
(/usr/local/texlive/2026/texmf-dist/tex/generic/xstring/xstring.tex
\xs_counta=\count618
\xs_countb=\count619
)
Package: xstring 2023/08/22 v1.86 String manipulations (CT)
)
(/usr/local/texlive/2026/texmf-dist/tex/generic/pst-math/pst-math.tex)
File: pst-math.tex 2022/11/21 v1.94 `PST-math' (hv)
\c@Rand@No=\count620
\c@Random@Left=\count621
\c@Random@Right=\count622
\c@Random@No@max=\count623
)
Package: pstricks-add 2021/09/10 v. 0.17 package wrapper for pstricks-add.tex (
hv)

(/usr/local/texlive/2026/texmf-dist/tex/generic/pstricks-add/pstricks-add.tex)
File: pstricks-add.tex 2022/11/21 v1.94 `PSTricks-add' (hv)
) (/usr/local/texlive/2026/texmf-dist/tex/latex/cjk-ko/kotex.sty
Package: kotex 2015/04/19 v1.6 Korean TeX (ko.TeX)

(/usr/local/texlive/2026/texmf-dist/tex/latex/kotex-utf/kotex.cfg)
(/usr/local/texlive/2026/texmf-dist/tex/latex/kotex-utf/kotexutf.sty
Package: kotexutf 2022/06/22 v3.0.0 typesetting UTF-8 Korean documents

(/usr/local/texlive/2026/texmf-dist/tex/plain/kotex-plain/kotexutf-core.tex
\unih@ngulpoint=\count624
\dhucs@emph@raise=\dimen422
)
Now handling font encoding LUC ...
... processing UTF-8 mapping file for font encoding LUC

(/usr/local/texlive/2026/texmf-dist/tex/latex/kotex-utf/lucenc.dfu
File: lucenc.dfu 2007/09/05 UTF-8 support for dhucs
   defining Unicode char U+00B7 (decimal 183)
   defining Unicode char U+2018 (decimal 8216)
   defining Unicode char U+2019 (decimal 8217)
   defining Unicode char U+201C (decimal 8220)
   defining Unicode char U+201D (decimal 8221)
   defining Unicode char U+3001 (decimal 12289)
   defining Unicode char U+3002 (decimal 12290)
   defining Unicode char U+3008 (decimal 12296)
   defining Unicode char U+3009 (decimal 12297)
   defining Unicode char U+300A (decimal 12298)
   defining Unicode char U+300B (decimal 12299)
   defining Unicode char U+300C (decimal 12300)
   defining Unicode char U+300D (decimal 12301)
   defining Unicode char U+300E (decimal 12302)
   defining Unicode char U+300F (decimal 12303)
   defining Unicode char U+3010 (decimal 12304)
   defining Unicode char U+3011 (decimal 12305)
   defining Unicode char U+3014 (decimal 12308)
   defining Unicode char U+3015 (decimal 12309)
   defining Unicode char U+3016 (decimal 12310)
   defining Unicode char U+3017 (decimal 12311)
   defining Unicode char U+3018 (decimal 12312)
   defining Unicode char U+3019 (decimal 12313)
   defining Unicode char U+301A (decimal 12314)
   defining Unicode char U+301B (decimal 12315)
   defining Unicode char U+FF01 (decimal 65281)
   defining Unicode char U+FF08 (decimal 65288)
   defining Unicode char U+FF09 (decimal 65289)
   defining Unicode char U+FF0C (decimal 65292)
   defining Unicode char U+FF0E (decimal 65294)
   defining Unicode char U+FF1A (decimal 65306)
   defining Unicode char U+FF1B (decimal 65307)
   defining Unicode char U+FF1C (decimal 65308)
   defining Unicode char U+FF1D (decimal 65309)
   defining Unicode char U+FF1E (decimal 65310)
   defining Unicode char U+FF1F (decimal 65311)
   defining Unicode char U+FF3B (decimal 65339)
   defining Unicode char U+FF3D (decimal 65341)
   defining Unicode char U+FF5B (decimal 65371)
   defining Unicode char U+FF5D (decimal 65373)
   defining Unicode char U+FF61 (decimal 65377)
   defining Unicode char U+FF62 (decimal 65378)
   defining Unicode char U+FF63 (decimal 65379)
   defining Unicode char U+FF64 (decimal 65380)
   defining Unicode char U+FF65 (decimal 65381)
)
\@josa=\count625
\josatoks=\toks74

(/usr/local/texlive/2026/texmf-dist/tex/latex/cjk-ko/kolabels-utf.sty
Package: kolabels-utf 2015/03/20 v1.5 UTF-8 Hangul item labels
)))
First name missing
First name missing
First name missing
First name missing
First name missing

Package biblatex Warning: Load 'inputenc' before biblatex.


Package csquotes Warning: Load 'inputenc' before 'csquotes' on input line 379.

Package csquotes Info: Checking for multilingual support...
Package csquotes Info: ... found 'babel' package.
(build/main_v2.aux)
\openout1 = `main_v2.aux'.

LaTeX Font Info:    Checking defaults for OML/cmm/m/it on input line 379.
LaTeX Font Info:    ... okay on input line 379.
LaTeX Font Info:    Checking defaults for OMS/cmsy/m/n on input line 379.
LaTeX Font Info:    ... okay on input line 379.
LaTeX Font Info:    Checking defaults for OT1/cmr/m/n on input line 379.
LaTeX Font Info:    ... okay on input line 379.
LaTeX Font Info:    Checking defaults for T1/cmr/m/n on input line 379.
LaTeX Font Info:    ... okay on input line 379.
LaTeX Font Info:    Checking defaults for TS1/cmr/m/n on input line 379.
LaTeX Font Info:    ... okay on input line 379.
LaTeX Font Info:    Checking defaults for OMX/cmex/m/n on input line 379.
LaTeX Font Info:    ... okay on input line 379.
LaTeX Font Info:    Checking defaults for U/cmr/m/n on input line 379.
LaTeX Font Info:    ... okay on input line 379.
LaTeX Font Info:    Checking defaults for PD1/pdf/m/n on input line 379.
LaTeX Font Info:    ... okay on input line 379.
LaTeX Font Info:    Checking defaults for PU/pdf/m/n on input line 379.
LaTeX Font Info:    ... okay on input line 379.
LaTeX Font Info:    Checking defaults for LUC/nanummj/m/n on input line 379.
LaTeX Font Info:    Trying to load font information for LUC+nanummj on input li
ne 379.

(/usr/local/texlive/2026/texmf-dist/tex/latex/nanumtype1/lucnanummj.fd
File: lucnanummj.fd 2013/02/12 v0.1 Nanum Myeongjo font definitions
)
LaTeX Font Info:    ... okay on input line 379.

(/usr/local/texlive/2026/texmf-dist/tex/context/base/mkii/supp-pdf.mkii
[Loading MPS to PDF converter (version 2006.09.02).]
\scratchcounter=\count626
\scratchdimen=\dimen423
\scratchbox=\box181
\nofMPsegments=\count627
\nofMParguments=\count628
\everyMPshowfont=\toks75
\MPscratchCnt=\count629
\MPscratchDim=\dimen424
\MPnumerator=\count630
\makeMPintoPDFobject=\count631
\everyMPtoPDFconversion=\toks76
) (/usr/local/texlive/2026/texmf-dist/tex/latex/epstopdf-pkg/epstopdf-base.sty
Package: epstopdf-base 2020-01-24 v2.11 Base part for package epstopdf
Package epstopdf-base Info: Redefining graphics rule for `.eps' on input line 4
85.

(/usr/local/texlive/2026/texmf-dist/tex/latex/latexconfig/epstopdf-sys.cfg
File: epstopdf-sys.cfg 2010/07/13 v1.3 Configuration of (r)epstopdf for TeX Liv
e
))
(/usr/local/texlive/2026/texmf-dist/tex/latex/pdflscape/pdflscape.sty
Package: pdflscape 2025-06-23 v0.14 Display of landscape pages in PDF

(/usr/local/texlive/2026/texmf-dist/tex/latex/pdflscape/pdflscape-nometadata.st
y
Package: pdflscape-nometadata 2025-06-23 v0.14 Display of landscape pages in PD
F (HO)
 (/usr/local/texlive/2026/texmf-dist/tex/latex/graphics/lscape.sty
Package: lscape 2020/05/28 v3.02 Landscape Pages (DPC)
)
Package pdflscape Info: Auto-detected driver: pdftex on input line 81.
))
Package microtype Info: Patching varwidth to enable character protrusion.
\MT@vwid@leftmargin=\dimen425
\MT@vwid@rightmargin=\dimen426


Package microtype Warning: Command \pickup@font is not defined as expected.
(microtype)                Patching it anyway. Some things may break.
(microtype)                Double-check whether micro-typography is indeed
(microtype)                applied to the document.
(microtype)                (Hint: Turn on `verbose' mode).

LaTeX Info: Redefining \microtypecontext on input line 379.
Package microtype Info: Applying patch `item' on input line 379.
Package microtype Info: Applying patch `toc' on input line 379.
Package microtype Info: Applying patch `eqnum' on input line 379.
Package microtype Info: Applying patch `footnote' on input line 379.
Package microtype Info: Applying patch `verbatim' on input line 379.
LaTeX Info: Redefining \microtypesetup on input line 379.
Package microtype Info: Generating PDF output.
Package microtype Info: Character protrusion enabled (level 2).
Package microtype Info: Using default protrusion set `alltext'.
Package microtype Info: Automatic font expansion enabled (level 2),
(microtype)             stretch: 20, shrink: 20, step: 1, non-selected.
Package microtype Info: Using default expansion set `alltext-nott'.
Package microtype Info: Patching command `\showhyphens'.
Package microtype Info: No adjustment of tracking.
Package microtype Info: No adjustment of interword spacing.
Package microtype Info: No adjustment of character kerning.
(/usr/local/texlive/2026/texmf-dist/tex/latex/microtype/mt-cmr.cfg
File: mt-cmr.cfg 2013/05/19 v2.2 microtype config. file: Computer Modern Roman 
(RS)
)
Package caption Info: Begin \AtBeginDocument code.
Package caption Info: float package is loaded.
Package caption Info: hyperref package is loaded.
Package caption Info: End \AtBeginDocument code.
Package biblatex Info: Trying to load language 'english'...
Package biblatex Info: ... file 'english.lbx' found.

(/usr/local/texlive/2026/texmf-dist/tex/latex/biblatex/lbx/english.lbx
File: english.lbx 2025/07/10 v3.21 biblatex localization (PK/MW)
)
Package biblatex Info: Input encoding 'utf8' detected.
Package biblatex Info: Automatic encoding selection.
(biblatex)             Assuming data encoding 'utf8'.
\openout3 = `main_v2.bcf'.

Package biblatex Info: Trying to load bibliographic data...
Package biblatex Info: ... file 'main_v2.bbl' found.

(build/main_v2.bbl)
Package biblatex Info: Reference section=0 on input line 379.
Package biblatex Info: Reference segment=0 on input line 379.

*geometry* driver: auto-detecting
*geometry* detected driver: pdftex
*geometry* verbose mode - [ preamble ] result:
* driver: pdftex
* paper: custom
* layout: <same size as paper>
* layoutoffset:(h,v)=(0.0pt,0.0pt)
* hratio: 1:1
* vratio: 1:1
* modes: twoside heightrounded 
* h-part:(L,W,R)=(48.36967pt, 386.95747pt, 48.36969pt)
* v-part:(T,H,B)=(69.70924pt, 586.12677pt, 69.70926pt)
* \paperwidth=483.69684pt
* \paperheight=725.54527pt
* \textwidth=386.95747pt
* \textheight=586.99976pt
* \oddsidemargin=-23.90031pt
* \evensidemargin=-23.9003pt
* \topmargin=-36.83453pt
* \headheight=14.4pt
* \headsep=19.8738pt
* \topskip=11.0pt
* \footskip=27.46295pt
* \marginparwidth=116.0pt
* \marginparsep=7.0pt
* \columnsep=10.0pt
* \skip\footins=10.0pt plus 4.0pt minus 2.0pt
* \hoffset=0.0pt
* \voffset=0.0pt
* \mag=1000
* \@twocolumnfalse
* \@twosidetrue
* \@mparswitchtrue
* \@reversemarginfalse
* (1in=72.27pt=25.4mm, 1cm=28.453pt)

Package hyperref Info: Link coloring ON on input line 379.

(/usr/local/texlive/2026/texmf-dist/tex/latex/translations/translations-basic-d
ictionary-english.trsl
File: translations-basic-dictionary-english.trsl (english translation file `tra
nslations-basic-dictionary')
)
Package translations Info: loading dictionary `translations-basic-dictionary' f
or `english'. on input line 379.
LaTeX Font Info:    Trying to load font information for T1+lmss on input line 3
79.

(/usr/local/texlive/2026/texmf-dist/tex/latex/lm/t1lmss.fd
File: t1lmss.fd 2015/05/01 v1.6.1 Font defs for Latin Modern
)
Package microtype Info: Loading generic protrusion settings for font family
(microtype)             `lmss' (encoding: T1).
(microtype)             For optimal results, create family-specific settings.
(microtype)             See the microtype manual for details.
LaTeX Font Info:    Trying to load font information for OT1+lmr on input line 3
79.

(/usr/local/texlive/2026/texmf-dist/tex/latex/lm/ot1lmr.fd
File: ot1lmr.fd 2015/05/01 v1.6.1 Font defs for Latin Modern
)
LaTeX Font Info:    Trying to load font information for OML+lmm on input line 3
79.

(/usr/local/texlive/2026/texmf-dist/tex/latex/lm/omllmm.fd
File: omllmm.fd 2015/05/01 v1.6.1 Font defs for Latin Modern
)
LaTeX Font Info:    Trying to load font information for OMS+lmsy on input line 
379.

(/usr/local/texlive/2026/texmf-dist/tex/latex/lm/omslmsy.fd
File: omslmsy.fd 2015/05/01 v1.6.1 Font defs for Latin Modern
)
LaTeX Font Info:    Trying to load font information for OMX+lmex on input line 
379.

(/usr/local/texlive/2026/texmf-dist/tex/latex/lm/omxlmex.fd
File: omxlmex.fd 2015/05/01 v1.6.1 Font defs for Latin Modern
)
LaTeX Font Info:    External font `lmex10' loaded for size
(Font)              <10.95> on input line 379.
LaTeX Font Info:    External font `lmex10' loaded for size
(Font)              <8> on input line 379.
LaTeX Font Info:    External font `lmex10' loaded for size
(Font)              <6> on input line 379.
LaTeX Font Info:    Trying to load font information for U+rsfs on input line 37
9.

(/usr/local/texlive/2026/texmf-dist/tex/latex/jknapltx/ursfs.fd
File: ursfs.fd 1998/03/24 rsfs font definition file (jk)
)
LaTeX Font Info:    Trying to load font information for U+stmry on input line 3
79.

(/usr/local/texlive/2026/texmf-dist/tex/latex/stmaryrd/Ustmry.fd)
LaTeX Font Info:    Trying to load font information for U+msa on input line 379
.

(/usr/local/texlive/2026/texmf-dist/tex/latex/amsfonts/umsa.fd
File: umsa.fd 2013/01/14 v3.01 AMS symbols A
)
(/usr/local/texlive/2026/texmf-dist/tex/latex/microtype/mt-msa.cfg
File: mt-msa.cfg 2006/02/04 v1.1 microtype config. file: AMS symbols (a) (RS)
)
LaTeX Font Info:    Trying to load font information for U+msb on input line 379
.

(/usr/local/texlive/2026/texmf-dist/tex/latex/amsfonts/umsb.fd
File: umsb.fd 2013/01/14 v3.01 AMS symbols B
)
(/usr/local/texlive/2026/texmf-dist/tex/latex/microtype/mt-msb.cfg
File: mt-msb.cfg 2005/06/01 v1.0 microtype config. file: AMS symbols (b) (RS)
)

LaTeX Font Warning: Font shape `U/stmry/b/n' undefined
(Font)              using `U/stmry/m/n' instead on input line 379.

LaTeX Font Info:    Calculating math sizes for size <13> on input line 379.
LaTeX Font Info:    External font `lmex10' loaded for size
(Font)              <13> on input line 379.
LaTeX Font Info:    External font `lmex10' loaded for size
(Font)              <9.09996> on input line 379.
LaTeX Font Info:    External font `lmex10' loaded for size
(Font)              <6.5> on input line 379.

LaTeX Font Warning: Font shape `U/rsfs/m/n' in size <13> not available
(Font)              size <12> substituted on input line 379.


LaTeX Font Warning: Font shape `U/rsfs/m/n' in size <6.5> not available
(Font)              size <6> substituted on input line 379.


LaTeX Font Warning: Font shape `U/stmry/m/n' in size <13> not available
(Font)              size <12> substituted on input line 379.


LaTeX Font Warning: Font shape `U/stmry/m/n' in size <6.5> not available
(Font)              size <6> substituted on input line 379.


LaTeX Font Warning: Font shape `U/stmry/b/n' in size <13> not available
(Font)              size <12> substituted on input line 379.


LaTeX Font Warning: Font shape `U/stmry/b/n' in size <6.5> not available
(Font)              size <6> substituted on input line 379.

[1
Non-PDF special ignored!
<special> header=pstricks.pro
Non-PDF special ignored!
<special> header=pst-algparser.pro
Non-PDF special ignored!
<special> header=pst-tools.pro
Non-PDF special ignored!
<special> header=pst-dots.pro
Non-PDF special ignored!
<special> header=pst-node.pro
Non-PDF special ignored!
<special> header=pst-3d.pro
Non-PDF special ignored!
<special> header=pst-math.pro
Non-PDF special ignored!
<special> header=pstricks-add.pro

Non-PDF special ignored!
<special> ps: /pssetRGBcolor /setrgbcolor load def /pssetCMYKcolor /setcmyk...
Non-PDF special ignored!
<special> ps:tx@Dict begin  gsave STV CP T /ps@rot 0 def grestore  end
Non-PDF special ignored!
<special> ps:tx@Dict begin  gsave STV CP T /ps@refangle 0.  def grestore  e...
Non-PDF special ignored!
<special> ps:tx@Dict begin  gsave STV CP T /ps@rot 0 def grestore  end

{/usr/local/texlive/2026/texmf-var/fonts/map/pdftex/updmap/pdftex.map}{/usr/loc
al/texlive/2026/texmf-dist/fonts/enc/dvips/lm/lm-ec.enc}] (build/main_v2.toc
[2


] [3]
LaTeX Font Info:    Trying to load font information for T1+lmtt on input line 4
46.
 (/usr/local/texlive/2026/texmf-dist/tex/latex/lm/t1lmtt.fd
File: t1lmtt.fd 2015/05/01 v1.6.1 Font defs for Latin Modern
)
Package microtype Info: Loading generic protrusion settings for font family
(microtype)             `lmtt' (encoding: T1).
(microtype)             For optimal results, create family-specific settings.
(microtype)             See the microtype manual for details.
 [4])
\tf@toc=\write7
\openout7 = `main_v2.toc'.


[5] (./fnfix.tex)
LaTeX Font Info:    Trying to load font information for TS1+lmr on input line 3
81.
 (/usr/local/texlive/2026/texmf-dist/tex/latex/lm/ts1lmr.fd
File: ts1lmr.fd 2015/05/01 v1.6.1 Font defs for Latin Modern
)
LaTeX Font Info:    External font `lmex10' loaded for size
(Font)              <9> on input line 381.
LaTeX Font Info:    External font `lmex10' loaded for size
(Font)              <5> on input line 381.

[1

{/usr/local/texlive/2026/texmf-dist/fonts/enc/dvips/lm/lm-ts1.enc}] [2]
(./Preface.tex [3

] [4

] [5]
<Images/PartA/diffusion_forward_vs_reverse.pdf, id=319, 727.11653pt x 278.23952
pt>
File: Images/PartA/diffusion_forward_vs_reverse.pdf Graphic file (type pdf)
<use Images/PartA/diffusion_forward_vs_reverse.pdf>
Package pdftex.def Info: Images/PartA/diffusion_forward_vs_reverse.pdf  used on
 input line 58.
(pdftex.def)             Requested size: 386.95747pt x 148.07759pt.
 [6 <./Images/PartA/diffusion_forward_vs_reverse.pdf>] [7{/usr/local/texlive/20
26/texmf-dist/fonts/enc/dvips/lm/lm-mathsy.enc}]
[8]
Underfull \vbox (badness 10000) has occurred while \output is active []

 [9]
[10]) (./notations.tex [11]
Underfull \vbox (badness 10000) has occurred while \output is active []

 [12

{/usr/local/texlive/2026/texmf-dist/fonts/enc/dvips/lm/lm-mathit.enc}{/usr/loca
l/texlive/2026/texmf-dist/fonts/enc/dvips/lm/lm-rm.enc}]
Overfull \hbox (23.66492pt too wide) in paragraph at lines 86--86
[]$\U/msb/m/n/10.95 E[]\OT1/lmr/bx/n/10.95 (-20) f\OT1/lmr/m/n/10.95 (-20) (\OT
1/lmr/bx/n/10.95 (-20) x\OT1/lmr/m/n/10.95 (-20) ) \OMS/lmsy/m/n/10.95 j \OT1/l
mr/bx/n/10.95 (-20) z[]$\T1/lmr/m/n/10.95 (-20) ,  
 []


Overfull \hbox (42.28333pt too wide) in paragraph at lines 86--86
\U/msb/m/n/10.95 E[][]\OT1/lmr/bx/n/10.95 (-20) f\OT1/lmr/m/n/10.95 (-20) (\OT1
/lmr/bx/n/10.95 (-20) x\OT1/lmr/m/n/10.95 (-20) )[]$  
 []


Underfull \vbox (badness 1603) has occurred while \output is active []

 [13{/usr/local/texlive/2026/texmf-dist/fonts/enc/dvips/lm/lm-mathex.enc}]) [14
] [15

]
(./Prologue-Deep-Generative-Modeling.tex
Chapter 1.
LaTeX Font Info:    External font `lmex10' loaded for size
(Font)              <10> on input line 4.
LaTeX Font Info:    External font `lmex10' loaded for size
(Font)              <7> on input line 4.
[16

] [17]
<Images/PartB/dgm-learning.pdf, id=503, 578.16pt x 252.945pt>
File: Images/PartB/dgm-learning.pdf Graphic file (type pdf)
<use Images/PartB/dgm-learning.pdf>
Package pdftex.def Info: Images/PartB/dgm-learning.pdf  used on input line 104.

(pdftex.def)             Requested size: 348.25935pt x 152.36255pt.
 [18 <./Images/PartB/dgm-learning.pdf>]
Overfull \hbox (1.45654pt too wide) in paragraph at lines 232--241
\T1/lmr/m/n/10.95 (-20) It mea-sures the dis-crep-ancy be-tween the \T1/lmr/m/i
t/10.95 (-20) score func-tions $\OMS/lmsy/m/n/10.95 r[] [] \OML/lmm/m/it/10.95 
p\OT1/lmr/m/n/10.95 (-20) (\OT1/lmr/bx/n/10.95 (-20) x\OT1/lmr/m/n/10.95 (-20) 
)$ \T1/lmr/m/n/10.95 (-20) and $\OMS/lmsy/m/n/10.95 r[] [] \OML/lmm/m/it/10.95 
q\OT1/lmr/m/n/10.95 (-20) (\OT1/lmr/bx/n/10.95 (-20) x\OT1/lmr/m/n/10.95 (-20) 
)$\T1/lmr/m/n/10.95 (-20) ,
 []

[19] [20] [21]
LaTeX Font Info:    External font `lmex10' loaded for size
(Font)              <14.4> on input line 524.


LaTeX Warning: Float too large for page by 23.41594pt on input line 528.

[22]
Overfull \hbox (35.57693pt too wide) in paragraph at lines 744--745
[] []\T1/lmss/bx/n/10.95 (-20) Nor-mal-iz-ing Flows.[] \T1/lmr/m/n/10.95 (-20) 
Clas-sic flow-based mod-els, such as Nor-mal-iz-ing Flows (NFs) ([]Rezende
 []

[23] [24] [25]) [26] [27] [28

] (./Part-B-diagram.tex)
(./Chapter-1-Varational-Perspective-From-VAE-to-DDPM.tex [29]
Chapter 2.
[30

] [31]
Underfull \vbox (badness 6477) has occurred while \output is active []

 [32]
LaTeX Font Info:    Font shape `T1/lmss/m/it' in size <10.95> not available
(Font)              Font shape `T1/lmss/m/sl' tried instead on input line 188.
LaTeX Font Info:    Font shape `T1/lmss/bx/it' in size <10.95> not available
(Font)              Font shape `T1/lmss/bx/sl' tried instead on input line 188.


[33] [34] [35] [36] [37] [38] [39] [40]
<Images/PartB/vdm-forward.pdf, id=762, 1004.553pt x 173.448pt>
File: Images/PartB/vdm-forward.pdf Graphic file (type pdf)
<use Images/PartB/vdm-forward.pdf>
Package pdftex.def Info: Images/PartB/vdm-forward.pdf  used on input line 701.
(pdftex.def)             Requested size: 386.95747pt x 66.8134pt.
 [41

] [42 <./Images/PartB/vdm-forward.pdf>]
<Images/PartB/vdm-backward.pdf, id=810, 1004.553pt x 173.448pt>
File: Images/PartB/vdm-backward.pdf Graphic file (type pdf)
<use Images/PartB/vdm-backward.pdf>
Package pdftex.def Info: Images/PartB/vdm-backward.pdf  used on input line 758.

(pdftex.def)             Requested size: 386.95747pt x 66.8134pt.
 [43 <./Images/PartB/vdm-backward.pdf>]
<Images/PartB/ddpm_conditional_trick.pdf, id=844, 2097.40228pt x 710.31523pt>
File: Images/PartB/ddpm_conditional_trick.pdf Graphic file (type pdf)
<use Images/PartB/ddpm_conditional_trick.pdf>
Package pdftex.def Info: Images/PartB/ddpm_conditional_trick.pdf  used on input
 line 798.
(pdftex.def)             Requested size: 386.95747pt x 131.04858pt.
 [44 <./Images/PartB/ddpm_conditional_trick.pdf>] [45] [46] [47] [48] [49] [50]
<Images/PartB/diffusion-clean.pdf, id=1090, 1633.30196pt x 1170.77402pt>
File: Images/PartB/diffusion-clean.pdf Graphic file (type pdf)
<use Images/PartB/diffusion-clean.pdf>
Package pdftex.def Info: Images/PartB/diffusion-clean.pdf  used on input line 1
132.
(pdftex.def)             Requested size: 386.95747pt x 277.365pt.
 [51] [52 <./Images/PartB/diffusion-clean.pdf>]) (./Chapter-2-Score-Based-Persp
ective-From-EBMs-to-NCSN.tex [53]
Chapter 3.
[54

]
<Images/PartB/ebm-graph.pdf, id=1216, 773.28903pt x 274.626pt>
File: Images/PartB/ebm-graph.pdf Graphic file (type pdf)
<use Images/PartB/ebm-graph.pdf>
Package pdftex.def Info: Images/PartB/ebm-graph.pdf  used on input line 33.
(pdftex.def)             Requested size: 386.95747pt x 137.4216pt.
 [55 <./Images/PartB/ebm-graph.pdf>]
<Images/PartB/score_function_plot.pdf, id=1292, 574.54652pt x 348.34142pt>
File: Images/PartB/score_function_plot.pdf Graphic file (type pdf)
<use Images/PartB/score_function_plot.pdf>
Package pdftex.def Info: Images/PartB/score_function_plot.pdf  used on input li
ne 242.
(pdftex.def)             Requested size: 367.60841pt x 222.87927pt.
 [56] [57 <./Images/PartB/score_function_plot.pdf>]
<Images/PartB/langevin_sampling.png, id=1325, 560.0925pt x 333.8874pt>
File: Images/PartB/langevin_sampling.png Graphic file (type png)
<use Images/PartB/langevin_sampling.png>
Package pdftex.def Info: Images/PartB/langevin_sampling.png  used on input line
 312.
(pdftex.def)             Requested size: 386.95747pt x 230.68823pt.
 [58 <./Images/PartB/langevin_sampling.png>] [59] [60]
<Images/PartB/score_function_approximation.pdf, id=1363, 567.31952pt x 341.1144
pt>
File: Images/PartB/score_function_approximation.pdf Graphic file (type pdf)
<use Images/PartB/score_function_approximation.pdf>
Package pdftex.def Info: Images/PartB/score_function_approximation.pdf  used on
 input line 476.
(pdftex.def)             Requested size: 348.25935pt x 209.39632pt.
Package mdframed Info: mdframed works in twoside mode on input line 490.
Package mdframed Info: mdframed detected package amsthm 
 changed the theorem header of amsthm
(mdframed)              on input line 490.


Package mdframed Warning: You got a bad break
(mdframed)                because the last box will be empty
(mdframed)                you have to change it manually
(mdframed)                by changing the text, the space
(mdframed)                or something else on input line 495.


Overfull \vbox (16.57092pt too high) detected at line 495
 []

Package mdframed Info: Box was splittet wrong
 starting loop to iterate the splitting point
(mdframed)              on input line 495.

Overfull \vbox (17.57092pt too high) detected at line 495
 []


Overfull \vbox (18.57092pt too high) detected at line 495
 []


Overfull \vbox (19.57092pt too high) detected at line 495
 []


Overfull \vbox (20.57092pt too high) detected at line 495
 []


Overfull \vbox (21.57092pt too high) detected at line 495
 []


Overfull \vbox (22.57092pt too high) detected at line 495
 []


Overfull \vbox (23.57092pt too high) detected at line 495
 []


Overfull \vbox (24.57092pt too high) detected at line 495
 []


Overfull \vbox (25.57092pt too high) detected at line 495
 []


Overfull \vbox (26.57092pt too high) detected at line 495
 []


Overfull \vbox (27.57092pt too high) detected at line 495
 []


Overfull \vbox (28.57092pt too high) detected at line 495
 []


Overfull \vbox (29.57092pt too high) detected at line 495
 []


Overfull \vbox (30.57092pt too high) detected at line 495
 []


Overfull \vbox (31.57092pt too high) detected at line 495
 []


Overfull \vbox (32.57092pt too high) detected at line 495
 []


Overfull \vbox (33.57092pt too high) detected at line 495
 []


Overfull \vbox (34.57092pt too high) detected at line 495
 []


Overfull \vbox (35.57092pt too high) detected at line 495
 []


Overfull \vbox (36.57092pt too high) detected at line 495
 []


Overfull \vbox (37.57092pt too high) detected at line 495
 []


Overfull \vbox (38.57092pt too high) detected at line 495
 []


Overfull \vbox (39.57092pt too high) detected at line 495
 []


Overfull \vbox (40.57092pt too high) detected at line 495
 []


Overfull \vbox (41.57092pt too high) detected at line 495
 []


Overfull \vbox (42.57092pt too high) detected at line 495
 []


Overfull \vbox (43.57092pt too high) detected at line 495
 []


Overfull \vbox (44.57092pt too high) detected at line 495
 []


Overfull \vbox (45.57092pt too high) detected at line 495
 []


Overfull \vbox (46.57092pt too high) detected at line 495
 []


Overfull \vbox (47.57092pt too high) detected at line 495
 []


Overfull \vbox (48.57092pt too high) detected at line 495
 []


Overfull \vbox (49.57092pt too high) detected at line 495
 []


Overfull \vbox (50.57092pt too high) detected at line 495
 []


Overfull \vbox (51.57092pt too high) detected at line 495
 []


Overfull \vbox (52.57092pt too high) detected at line 495
 []


Overfull \vbox (53.57092pt too high) detected at line 495
 []


Overfull \vbox (54.57092pt too high) detected at line 495
 []


Overfull \vbox (55.57092pt too high) detected at line 495
 []


Overfull \vbox (56.57092pt too high) detected at line 495
 []


Overfull \vbox (57.57092pt too high) detected at line 495
 []


Overfull \vbox (58.57092pt too high) detected at line 495
 []


Overfull \vbox (59.57092pt too high) detected at line 495
 []


Overfull \vbox (60.57092pt too high) detected at line 495
 []


Overfull \vbox (61.57092pt too high) detected at line 495
 []


Overfull \vbox (62.57092pt too high) detected at line 495
 []


Overfull \vbox (63.57092pt too high) detected at line 495
 []


Overfull \vbox (64.57092pt too high) detected at line 495
 []


Overfull \vbox (65.57092pt too high) detected at line 495
 []


Overfull \vbox (66.57092pt too high) detected at line 495
 []


Overfull \vbox (67.57092pt too high) detected at line 495
 []


Overfull \vbox (68.57092pt too high) detected at line 495
 []


Overfull \vbox (69.57092pt too high) detected at line 495
 []


Overfull \vbox (70.57092pt too high) detected at line 495
 []


Overfull \vbox (71.57092pt too high) detected at line 495
 []


Overfull \vbox (72.57092pt too high) detected at line 495
 []


Overfull \vbox (73.57092pt too high) detected at line 495
 []


Overfull \vbox (74.57092pt too high) detected at line 495
 []


Overfull \vbox (75.57092pt too high) detected at line 495
 []


Overfull \vbox (76.57092pt too high) detected at line 495
 []


Overfull \vbox (77.57092pt too high) detected at line 495
 []


Overfull \vbox (78.57092pt too high) detected at line 495
 []


Overfull \vbox (79.57092pt too high) detected at line 495
 []


Overfull \vbox (80.57092pt too high) detected at line 495
 []


Overfull \vbox (81.57092pt too high) detected at line 495
 []


Overfull \vbox (82.57092pt too high) detected at line 495
 []


Overfull \vbox (83.57092pt too high) detected at line 495
 []


Overfull \vbox (84.57092pt too high) detected at line 495
 []


Overfull \vbox (85.57092pt too high) detected at line 495
 []


Overfull \vbox (86.57092pt too high) detected at line 495
 []


Overfull \vbox (87.57092pt too high) detected at line 495
 []


Overfull \vbox (88.57092pt too high) detected at line 495
 []


Overfull \vbox (89.57092pt too high) detected at line 495
 []


Overfull \vbox (90.57092pt too high) detected at line 495
 []


Overfull \vbox (91.57092pt too high) detected at line 495
 []


Overfull \vbox (92.57092pt too high) detected at line 495
 []


Overfull \vbox (93.57092pt too high) detected at line 495
 []


Overfull \vbox (94.57092pt too high) detected at line 495
 []


Overfull \vbox (95.57092pt too high) detected at line 495
 []


Overfull \vbox (96.57092pt too high) detected at line 495
 []


Overfull \vbox (97.57092pt too high) detected at line 495
 []


Overfull \vbox (98.57092pt too high) detected at line 495
 []


Overfull \vbox (99.57092pt too high) detected at line 495
 []


Overfull \vbox (100.57092pt too high) detected at line 495
 []


Overfull \vbox (101.57092pt too high) detected at line 495
 []


Overfull \vbox (102.57092pt too high) detected at line 495
 []


Overfull \vbox (103.57092pt too high) detected at line 495
 []


Overfull \vbox (104.57092pt too high) detected at line 495
 []


Overfull \vbox (105.57092pt too high) detected at line 495
 []


Overfull \vbox (106.57092pt too high) detected at line 495
 []


Overfull \vbox (107.57092pt too high) detected at line 495
 []


Overfull \vbox (108.57092pt too high) detected at line 495
 []


Overfull \vbox (109.57092pt too high) detected at line 495
 []


Overfull \vbox (110.57092pt too high) detected at line 495
 []


Overfull \vbox (111.57092pt too high) detected at line 495
 []


Overfull \vbox (112.57092pt too high) detected at line 495
 []


Overfull \vbox (113.57092pt too high) detected at line 495
 []


Overfull \vbox (114.57092pt too high) detected at line 495
 []


Overfull \vbox (115.57092pt too high) detected at line 495
 []


Overfull \vbox (116.57092pt too high) detected at line 495
 []


Overfull \vbox (117.57092pt too high) detected at line 495
 []


Package mdframed Warning: correct box splittet fails
 It seems you are using a non splittable contents
(mdframed)                 on input line 495.

Package mdframed Info: You first box width is to small
 mdframed fixed it
(mdframed)              on input line 495.
[61

 <./Images/PartB/score_function_approximation.pdf>] [62] [63] [64] [65

]
Package mdframed Info: mdframed works in twoside mode on input line 654.
Package mdframed Info: mdframed detected package amsthm 
 changed the theorem header of amsthm
(mdframed)              on input line 654.

[66]
<Images/PartB/dsm-graph.pdf, id=1444, 578.16pt x 252.945pt>
File: Images/PartB/dsm-graph.pdf Graphic file (type pdf)
<use Images/PartB/dsm-graph.pdf>
Package pdftex.def Info: Images/PartB/dsm-graph.pdf  used on input line 697.
(pdftex.def)             Requested size: 309.56715pt x 135.43423pt.
Package mdframed Info: mdframed works in twoside mode on input line 718.
Package mdframed Info: mdframed detected package amsthm 
 changed the theorem header of amsthm
(mdframed)              on input line 718.
Package mdframed Info: Not enough space on this page on input line 724.
 [67]
Package mdframed Info: Not enough space on this page on input line 724.
 [68 <./Images/PartB/dsm-graph.pdf>]
Overfull \hbox (24.70169pt too wide) in paragraph at lines 790--790
\T1/lmr/m/n/10.95 (-20) The proof pro-ceeds by com-put-ing the score of the mar
ginal $\OML/lmm/m/it/10.95 p\OT1/lmr/m/n/10.95 (-20) ([]) = [] \OML/lmm/m/it/10
.95 p\OT1/lmr/m/n/10.95 (-20) ([]\OMS/lmsy/m/n/10.95 j\OT1/lmr/bx/n/10.95 (-20)
 x\OT1/lmr/m/n/10.95 (-20) )\OML/lmm/m/it/10.95 p[]\OT1/lmr/m/n/10.95 (-20) (\O
T1/lmr/bx/n/10.95 (-20) x\OT1/lmr/m/n/10.95 (-20) ) []  d\OT1/lmr/bx/n/10.95 (-
20) x$\T1/lmr/m/n/10.95 (-20) .
 []

[69] [70] [71]
Overfull \hbox (13.39633pt too wide) in paragraph at lines 915--916
[] []\T1/lmss/bx/n/10.95 (-20) Link to Tweedie's For-mula and Bayes Op-ti-mal-i
ty.[] \T1/lmr/m/n/10.95 (-20) Let $\OML/lmm/m/it/10.95 p[]\OT1/lmr/m/n/10.95 (-
20) ([]) = []\OML/lmm/m/it/10.95 p[] \OMS/lmsy/m/n/10.95 ^^C N\OT1/lmr/m/n/10.9
5 (-20) (\OT1/lmr/bx/n/10.95 (-20) 0\OML/lmm/m/it/10.95 ; ^^[[]\OT1/lmr/bx/n/10
.95 (-20) I\OT1/lmr/m/n/10.95 (-20) )[]([])$
 []


Overfull \hbox (12.46419pt too wide) in paragraph at lines 923--927
\T1/lmr/m/n/10.95 (-20) Hence min-i-miz-ing the ex-pected SURE equals min-i-miz
-ing the Bayes risk $\U/msb/m/n/10.95 E[][]\OMS/lmsy/m/n/10.95 k\OT1/lmr/bx/n/1
0.95 (-20) D\OT1/lmr/m/n/10.95 (-20) ([]) \OMS/lmsy/m/n/10.95 ^^@
 []

[72] [73] [74] [75]
<Images/PartB/score_function_acc.pdf, id=1569, 672.11098pt x 445.18318pt>
File: Images/PartB/score_function_acc.pdf Graphic file (type pdf)
<use Images/PartB/score_function_acc.pdf>
Package pdftex.def Info: Images/PartB/score_function_acc.pdf  used on input lin
e 1074.
(pdftex.def)             Requested size: 328.91621pt x 217.86316pt.
<Images/PartB/ncsn-graph.pdf, id=1573, 715.47299pt x 281.85298pt>
File: Images/PartB/ncsn-graph.pdf Graphic file (type pdf)
<use Images/PartB/ncsn-graph.pdf>
Package pdftex.def Info: Images/PartB/ncsn-graph.pdf  used on input line 1087.
(pdftex.def)             Requested size: 367.60841pt x 144.814pt.
 [76

 <./Images/PartB/score_function_acc.pdf>] [77 <./Images/PartB/ncsn-graph.pdf>]
Package hyperref Info: bookmark level for unknown algorithm defaults to 0 on in
put line 1164.
 [78] [79] [80] [81

])
(./Chapter-3-Diffusion-Models-Today-Score-SDE-Framework.tex [82]
Chapter 4.
[83

]
<Images/PartB/score_landscape_2d.pdf, id=1672, 1987.90678pt x 557.59888pt>
File: Images/PartB/score_landscape_2d.pdf Graphic file (type pdf)
<use Images/PartB/score_landscape_2d.pdf>
Package pdftex.def Info: Images/PartB/score_landscape_2d.pdf  used on input lin
e 24.
(pdftex.def)             Requested size: 386.95747pt x 108.5399pt.
 [84 <./Images/PartB/score_landscape_2d.pdf>]
<Images/PartB/sde-forward-noise.pdf, id=1751, 578.16pt x 216.81pt>
File: Images/PartB/sde-forward-noise.pdf Graphic file (type pdf)
<use Images/PartB/sde-forward-noise.pdf>
Package pdftex.def Info: Images/PartB/sde-forward-noise.pdf  used on input line
 83.
(pdftex.def)             Requested size: 348.25935pt x 130.59647pt.
 [85] [86 <./Images/PartB/sde-forward-noise.pdf>]
<Images/PartB/forward_sde_ode_trajectories.pdf, id=1799, 1149.09305pt x 574.538
93pt>
File: Images/PartB/forward_sde_ode_trajectories.pdf Graphic file (type pdf)
<use Images/PartB/forward_sde_ode_trajectories.pdf>
Package pdftex.def Info: Images/PartB/forward_sde_ode_trajectories.pdf  used on
 input line 127.
(pdftex.def)             Requested size: 386.95747pt x 193.47333pt.

Overfull \hbox (11.15501pt too wide) in paragraph at lines 134--136
[]\T1/lmr/m/n/10.95 (-20) With this for-mu-la-tion, ear-lier meth-ods based on 
dis-crete time, such as NCSN ([]Song
 []

Package mdframed Info: mdframed works in twoside mode on input line 136.
Package mdframed Info: mdframed detected package amsthm 
 changed the theorem header of amsthm
(mdframed)              on input line 136.
[87 <./Images/PartB/forward_sde_ode_trajectories.pdf>] [88]
<Images/PartB/reverse_sde_and_ode_trajectories.pdf, id=1851, 1004.553pt x 501.2
9529pt>
File: Images/PartB/reverse_sde_and_ode_trajectories.pdf Graphic file (type pdf)

<use Images/PartB/reverse_sde_and_ode_trajectories.pdf>
Package pdftex.def Info: Images/PartB/reverse_sde_and_ode_trajectories.pdf  use
d on input line 205.
(pdftex.def)             Requested size: 386.95747pt x 193.10254pt.
 [89 <./Images/PartB/reverse_sde_and_ode_trajectories.pdf>]
Package mdframed Info: mdframed works in twoside mode on input line 221.
Package mdframed Info: mdframed detected package amsthm 
 changed the theorem header of amsthm
(mdframed)              on input line 221.
 [90] [91]
Package mdframed Info: mdframed works in twoside mode on input line 292.
Package mdframed Info: mdframed detected package amsthm 
 changed the theorem header of amsthm
(mdframed)              on input line 292.
 [92] [93]
<Images/PartB/score_sde_three_dynamics.pdf, id=1958, 959.74557pt x 1234.6925pt>

File: Images/PartB/score_sde_three_dynamics.pdf Graphic file (type pdf)
<use Images/PartB/score_sde_three_dynamics.pdf>
Package pdftex.def Info: Images/PartB/score_sde_three_dynamics.pdf  used on inp
ut line 322.
(pdftex.def)             Requested size: 386.95747pt x 497.82463pt.

Underfull \vbox (badness 10000) has occurred while \output is active []

 [94

]

LaTeX Warning: Text page 95 contains only floats.

[95 <./Images/PartB/score_sde_three_dynamics.pdf>]
Underfull \vbox (badness 3168) has occurred while \output is active []

 [96]
[97] [98] [99] [100] [101]
<Images/PartB/denoising_score_matching.pdf, id=2137, 2106.38824pt x 710.31523pt
>
File: Images/PartB/denoising_score_matching.pdf Graphic file (type pdf)
<use Images/PartB/denoising_score_matching.pdf>
Package pdftex.def Info: Images/PartB/denoising_score_matching.pdf  used on inp
ut line 666.
(pdftex.def)             Requested size: 386.95747pt x 130.48499pt.
Package mdframed Info: mdframed works in twoside mode on input line 678.
Package mdframed Info: mdframed detected package amsthm 
 changed the theorem header of amsthm
(mdframed)              on input line 678.
 [102

 <./Images/PartB/denoising_score_matching.pdf>]
<Images/PartB/sde_ode_trajectories.pdf, id=2274, 715.47299pt x 451.7668pt>
File: Images/PartB/sde_ode_trajectories.pdf Graphic file (type pdf)
<use Images/PartB/sde_ode_trajectories.pdf>
Package pdftex.def Info: Images/PartB/sde_ode_trajectories.pdf  used on input l
ine 707.
(pdftex.def)             Requested size: 386.95747pt x 244.32957pt.

[103]
Underfull \vbox (badness 1642) has occurred while \output is active []

 [104 <./Images/PartB/sde_ode_trajectories.pdf>] [105] [106] [107] [108] [109] 
[110]
<Images/PartB/vdm-sde.pdf, id=2391, 1271.95195pt x 303.534pt>
File: Images/PartB/vdm-sde.pdf Graphic file (type pdf)
<use Images/PartB/vdm-sde.pdf>
Package pdftex.def Info: Images/PartB/vdm-sde.pdf  used on input line 1081.
(pdftex.def)             Requested size: 386.95747pt x 92.3392pt.

[111

 <./Images/PartB/vdm-sde.pdf>] [112]
Underfull \vbox (badness 10000) has occurred while \output is active []

 [113]
[114] [115] [116]

Package hyperref Warning: Token not allowed in a PDF string (Unicode):
(hyperref)                removing `\\' on input line 1256.


Package fancyhdr Warning: \headheight is too small (14.4pt): 
(fancyhdr)                Make it at least 26.78468pt, for example:
(fancyhdr)                \setlength{\headheight}{26.78468pt}.
(fancyhdr)                You might also make \topmargin smaller:
(fancyhdr)                \addtolength{\topmargin}{-12.38469pt}.

[117

] [118]
Overfull \hbox (0.69289pt too wide) in paragraph at lines 1374--1375
[] []\T1/lmss/bx/n/10.95 (-20) Sub-sti-tut-ing into the Re-verse Tran-si-tion.[
] \T1/lmr/m/n/10.95 (-20) Sub-sti-tut-ing equa-tions Equa-tion ([][]4.1.2[][])
 []


Package fancyhdr Warning: \headheight is too small (14.4pt): 
(fancyhdr)                Make it at least 26.78468pt, for example:
(fancyhdr)                \setlength{\headheight}{26.78468pt}.
(fancyhdr)                You might also make \topmargin smaller:
(fancyhdr)                \addtolength{\topmargin}{-12.38469pt}.

[119]
Overfull \hbox (1.01869pt too wide) in paragraph at lines 1406--1408
\T1/lmr/m/n/10.95 (-20) The ad-di-tional term $\OMS/lmsy/m/n/10.95 k\OML/lmm/m/
it/10.95 g[]\OT1/lmr/m/n/10.95 (-20) (\OML/lmm/m/it/10.95 t\OT1/lmr/m/n/10.95 (
-20) )^^A\OML/lmm/m/it/10.95 t\OMS/lmsy/m/n/10.95 r[] [] \OML/lmm/m/it/10.95 p[
]\OT1/lmr/m/n/10.95 (-20) (\OT1/lmr/bx/n/10.95 (-20) x[]\OT1/lmr/m/n/10.95 (-20
) )\OMS/lmsy/m/n/10.95 k[]$ \T1/lmr/m/n/10.95 (-20) from com-plet-ing the squar
e is $\OMS/lmsy/m/n/10.95 O\OT1/lmr/m/n/10.95 (-20) ((^^A\OML/lmm/m/it/10.95 t\
OT1/lmr/m/n/10.95 (-20) )[])$
 []

[120]) (./Chapter-4-Flow-Based-Perspective-From-NFs-to-Flow-Matching.tex
[121

]
Chapter 5.
Package mdframed Info: mdframed works in twoside mode on input line 13.
Package mdframed Info: mdframed detected package amsthm 
 changed the theorem header of amsthm
(mdframed)              on input line 13.
[122

] [123]
<Images/PartB/flow_density.pdf, id=2554, 963.6pt x 542.025pt>
File: Images/PartB/flow_density.pdf Graphic file (type pdf)
<use Images/PartB/flow_density.pdf>
Package pdftex.def Info: Images/PartB/flow_density.pdf  used on input line 91.
(pdftex.def)             Requested size: 348.25935pt x 195.88974pt.

Underfull \vbox (badness 2277) has occurred while \output is active []

 [124 <./Images/PartB/flow_density.pdf>] [125]
<Images/PartB/discrete_vs_continuous_side_by_side_white.pdf, id=2624, 1149.0930
5pt x 425.4069pt>
File: Images/PartB/discrete_vs_continuous_side_by_side_white.pdf Graphic file (
type pdf)
<use Images/PartB/discrete_vs_continuous_side_by_side_white.pdf>
Package pdftex.def Info: Images/PartB/discrete_vs_continuous_side_by_side_white
.pdf  used on input line 236.
(pdftex.def)             Requested size: 386.95747pt x 143.25381pt.
 [126]
Overfull \hbox (9.0443pt too wide) in paragraph at lines 252--253
[]\T1/lmr/m/n/10.95 (-20) This for-mu-la-tion, in-deed, cor-re-sponds to the Eu
-ler dis-cretiza-tion of the continuous-
 []

[127 <./Images/PartB/discrete_vs_continuous_side_by_side_white.pdf>]
<Images/PartB/cov_2d_layers.pdf, id=2685, 1263.6008pt x 904.66528pt>
File: Images/PartB/cov_2d_layers.pdf Graphic file (type pdf)
<use Images/PartB/cov_2d_layers.pdf>
Package pdftex.def Info: Images/PartB/cov_2d_layers.pdf  used on input line 281
.
(pdftex.def)             Requested size: 386.95747pt x 277.03374pt.

Underfull \vbox (badness 1448) has occurred while \output is active []

 [128]
[129 <./Images/PartB/cov_2d_layers.pdf>] [130] [131]
<Images/PartB/data_vs_prior_cone_with_oval.pdf, id=2799, 591.34457pt x 263.0709
7pt>
File: Images/PartB/data_vs_prior_cone_with_oval.pdf Graphic file (type pdf)
<use Images/PartB/data_vs_prior_cone_with_oval.pdf>
Package pdftex.def Info: Images/PartB/data_vs_prior_cone_with_oval.pdf  used on
 input line 423.
(pdftex.def)             Requested size: 386.95747pt x 172.15417pt.
 [132

] [133 <./Images/PartB/data_vs_prior_cone_with_oval.pdf>]
<Images/PartB/four_panel_simple.pdf, id=2867, 1458.03914pt x 219.12263pt>
File: Images/PartB/four_panel_simple.pdf Graphic file (type pdf)
<use Images/PartB/four_panel_simple.pdf>
Package pdftex.def Info: Images/PartB/four_panel_simple.pdf  used on input line
 486.
(pdftex.def)             Requested size: 386.95747pt x 58.15414pt.
Package mdframed Info: mdframed works in twoside mode on input line 502.
Package mdframed Info: mdframed detected package amsthm 
 changed the theorem header of amsthm
(mdframed)              on input line 502.
Package mdframed Info: Not enough space on this page on input line 505.
 [134 <./Images/PartB/four_panel_simple.pdf>]
Package mdframed Info: Not enough space on this page on input line 505.
 [135]
Package mdframed Info: mdframed works in twoside mode on input line 571.
Package mdframed Info: mdframed detected package amsthm 
 changed the theorem header of amsthm
(mdframed)              on input line 571.
Package mdframed Info: Not enough space on this page on input line 574.
 [136]
Package mdframed Info: Not enough space on this page on input line 574.
Package mdframed Info: mdframed works in twoside mode on input line 614.
Package mdframed Info: mdframed detected package amsthm 
 changed the theorem header of amsthm
(mdframed)              on input line 614.
 [137]
<Images/PartB/flow_matching_conditional.pdf, id=2974, 2106.38824pt x 710.92352p
t>
File: Images/PartB/flow_matching_conditional.pdf Graphic file (type pdf)
<use Images/PartB/flow_matching_conditional.pdf>
Package pdftex.def Info: Images/PartB/flow_matching_conditional.pdf  used on in
put line 643.
(pdftex.def)             Requested size: 386.95747pt x 130.59673pt.
 [138]
Underfull \vbox (badness 1983) has occurred while \output is active []

 [139 <./Images/PartB/flow_matching_conditional.pdf>] [140] [141] [142] [143] [
144]
[145]
<Images/PartB/triptych_gray_cones_final.pdf, id=3204, 2145.06056pt x 432.4958pt
>
File: Images/PartB/triptych_gray_cones_final.pdf Graphic file (type pdf)
<use Images/PartB/triptych_gray_cones_final.pdf>
Package pdftex.def Info: Images/PartB/triptych_gray_cones_final.pdf  used on in
put line 925.
(pdftex.def)             Requested size: 386.95747pt x 78.01746pt.
 [146] [147 <./Images/PartB/triptych_gray_cones_final.pdf>] [148] [149]
[150]
Overfull \hbox (4.95784pt too wide) in paragraph at lines 1170--1171
[] [] \T1/lmss/bx/n/10.95 (-20) Two-Sided Con-di-tion-ing ($\OT1/lmr/bx/n/10.95
 (-20) z = (x[]\OML/lmm/b/it/10.95 ; \OT1/lmr/bx/n/10.95 (-20) x[])$\T1/lmss/bx
/n/10.95 (-20) ).[] \T1/lmr/m/n/10.95 (-20) The same tem-plate with $\OML/lmm/b
/it/10.95 ^^V[]\OT1/lmr/m/n/10.95 (-20) (\OT1/lmr/bx/n/10.95 (-20) x[]\OML/lmm/
m/it/10.95 ; \OT1/lmr/bx/n/10.95 (-20) x[]\OT1/lmr/m/n/10.95 (-20) ) =
 []

[151] [152]
Underfull \hbox (badness 4872) in paragraph at lines 1208--1208
[]|\T1/lmr/m/n/7 (+20) Convenient when $\OML/lmm/m/it/7 p[]\OT1/lmr/m/n/7 (+20)
 (\OMS/lmsy/m/n/7 ^^Aj\OT1/lmr/bx/n/7 (+20) z\OT1/lmr/m/n/7 (+20) )$ \T1/lmr/m/
n/7 (+20) is Gaus-sian /
 []


Underfull \hbox (badness 10000) in paragraph at lines 1208--1209
[]|\T1/lmr/m/n/7 (+20) Given $\OT1/lmr/bx/n/7 (+20) 	[]\OT1/lmr/m/n/7 (+20) (\O
MS/lmsy/m/n/7 ^^Aj\OT1/lmr/bx/n/7 (+20) z\OT1/lmr/m/n/7 (+20) )$\T1/lmr/m/n/7 (
+20) , both $\OML/lmm/m/it/7 p[]\OT1/lmr/m/n/7 (+20) (\OMS/lmsy/m/n/7 ^^Aj\OT1/
lmr/bx/n/7 (+20) z\OT1/lmr/m/n/7 (+20) ) =
 []


Underfull \hbox (badness 10000) in paragraph at lines 1208--1209
\OT1/lmr/m/n/7 (+20) (\OT1/lmr/bx/n/7 (+20) 	[]\OT1/lmr/m/n/7 (+20) (\OMS/lmsy/
m/n/7 ^^Aj\OT1/lmr/bx/n/7 (+20) z\OT1/lmr/m/n/7 (+20) ))[]\OML/lmm/m/it/7 p[]$ 
\T1/lmr/m/n/7 (+20) and $\OT1/lmr/bx/n/7 (+20) v[]\OT1/lmr/m/n/7 (+20) (\OMS/lm
sy/m/n/7 ^^Aj\OT1/lmr/bx/n/7 (+20) z\OT1/lmr/m/n/7 (+20) )$ \T1/lmr/m/n/7 (+20)
 are de-ter-
 []


Underfull \hbox (badness 10000) in paragraph at lines 1213--1215
\T1/lmr/m/n/7 (+20) easy bound-ary con-trol; ac-com-mo-dates
 []


Overfull \hbox (4.65683pt too wide) in paragraph at lines 1205--1215
 [] 
 []

[153] [154]
<Images/PartB/straightness_counterexample.pdf, id=3327, 759.01929pt x 457.90259
pt>
File: Images/PartB/straightness_counterexample.pdf Graphic file (type pdf)
<use Images/PartB/straightness_counterexample.pdf>
Package pdftex.def Info: Images/PartB/straightness_counterexample.pdf  used on 
input line 1333.
(pdftex.def)             Requested size: 386.95747pt x 233.44337pt.
 [155 <./Images/PartB/straightness_counterexample.pdf>] [156

]
pdfTeX warning (ext4): destination with the same identifier (name{ALG@line.1}) 
has been already used, duplicate ignored
<to be read again> 
                   \relax 
l.1406 \State
              \textbfs{Pre-Train Diffusion.} Fit $\rvv_{\bphi^\times}$ on th...

pdfTeX warning (ext4): destination with the same identifier (name{ALG@line.2}) 
has been already used, duplicate ignored
<to be read again> 
                   \relax 
l.1411 \State
              \textbfs{Rectify.} Sample $\rvz_0 \sim p_{\text{src}}$ and int...
[157]
LaTeX Font Info:    Font shape `T1/lmtt/bx/n' in size <10.95> not available
(Font)              Font shape `T1/lmtt/b/n' tried instead on input line 1450.
 [158] [159]
<Images/PartB/rectified_flow_trained.pdf, id=3453, 1076.82304pt x 395.51993pt>
File: Images/PartB/rectified_flow_trained.pdf Graphic file (type pdf)
<use Images/PartB/rectified_flow_trained.pdf>
Package pdftex.def Info: Images/PartB/rectified_flow_trained.pdf  used on input
 line 1511.
(pdftex.def)             Requested size: 386.95747pt x 142.12755pt.
LaTeX Font Info:    Font shape `T1/lmtt/bx/n' in size <9> not available
(Font)              Font shape `T1/lmtt/b/n' tried instead on input line 1512.
 [160 <./Images/PartB/rectified_flow_trained.pdf>] [161])
(./Chapter-5-They-Are-All-Equivalent.tex [162

]
Chapter 6.
[163

] [164] [165]
Package mdframed Info: mdframed works in twoside mode on input line 76.
Package mdframed Info: mdframed detected package amsthm 
 changed the theorem header of amsthm
(mdframed)              on input line 76.
 [166] [167] [168] [169

]
Overfull \hbox (7.82498pt too wide) in paragraph at lines 313--314
[]\T1/lmr/m/n/10.95 (-20) Prediction types of $[][]$ and their as-so-ci-ated re
-gres-sion tar-gets $[][]$; 
 []

[170]
LaTeX Font Info:    Trying to load font information for OT1+lmtt on input line 
367.
 (/usr/local/texlive/2026/texmf-dist/tex/latex/lm/ot1lmtt.fd
File: ot1lmtt.fd 2015/05/01 v1.6.1 Font defs for Latin Modern
)
Package microtype Info: Loading generic protrusion settings for font family
(microtype)             `lmtt' (encoding: OT1).
(microtype)             For optimal results, create family-specific settings.
(microtype)             See the microtype manual for details.
 [171{/usr/local/texlive/2026/texmf-dist/fonts/enc/dvips/lm/lm-rmtt.enc}] [172]
 [173]
[174] [175

]
Underfull \vbox (badness 10000) has occurred while \output is active []

 [176]
[177] [178] [179] [180] [181] [182] [183]
Underfull \vbox (badness 1874) has occurred while \output is active []

 [184]
[185] [186

] [187] [188] [189]) (./Chapter-4-plus-OT-and-Diffusion-Model.tex
[190]
Chapter 7.

Overfull \hbox (7.4983pt too wide) in paragraph at lines 13--24
\T1/lmr/m/n/10.95 (-20) trans-port, and Schrödinger bridges as for-mu-la-tions 
of the dis-tri-bu-tion^^Uto^^Udistribution
 []

[191

]
Underfull \vbox (badness 10000) detected at line 59
 []

[192] [193]
<Images/PartB/ot_2d_coupling_comparison.pdf, id=3886, 992.30722pt x 426.65948pt
>
File: Images/PartB/ot_2d_coupling_comparison.pdf Graphic file (type pdf)
<use Images/PartB/ot_2d_coupling_comparison.pdf>
Package pdftex.def Info: Images/PartB/ot_2d_coupling_comparison.pdf  used on in
put line 97.
(pdftex.def)             Requested size: 386.95747pt x 166.37698pt.
 [194 <./Images/PartB/ot_2d_coupling_comparison.pdf>]
Package mdframed Info: mdframed works in twoside mode on input line 148.
Package mdframed Info: mdframed detected package amsthm 
 changed the theorem header of amsthm
(mdframed)              on input line 148.
 [195]
<Images/PartB/ot_illustration.pdf, id=3953, 398.49858pt x 391.9925pt>
File: Images/PartB/ot_illustration.pdf Graphic file (type pdf)
<use Images/PartB/ot_illustration.pdf>
Package pdftex.def Info: Images/PartB/ot_illustration.pdf  used on input line 1
84.
(pdftex.def)             Requested size: 309.56715pt x 304.53271pt.
Package mdframed Info: mdframed works in twoside mode on input line 203.
Package mdframed Info: mdframed detected package amsthm 
 changed the theorem header of amsthm
(mdframed)              on input line 203.
 [196]
[197 <./Images/PartB/ot_illustration.pdf>]
Package mdframed Info: mdframed works in twoside mode on input line 257.
Package mdframed Info: mdframed detected package amsthm 
 changed the theorem header of amsthm
(mdframed)              on input line 257.
 [198] [199]
<Images/PartB/sb_illustration.pdf, id=4054, 398.49858pt x 391.9925pt>
File: Images/PartB/sb_illustration.pdf Graphic file (type pdf)
<use Images/PartB/sb_illustration.pdf>
Package pdftex.def Info: Images/PartB/sb_illustration.pdf  used on input line 3
58.
(pdftex.def)             Requested size: 309.56715pt x 304.53271pt.
 [200]
Package mdframed Info: mdframed works in twoside mode on input line 395.
Package mdframed Info: mdframed detected package amsthm 
 changed the theorem header of amsthm
(mdframed)              on input line 395.

Underfull \vbox (badness 1253) has occurred while \output is active []

 [201 <./Images/PartB/sb_illustration.pdf>] [202]
Overfull \hbox (3.07677pt too wide) in paragraph at lines 557--559
\T1/lmr/m/n/10.95 (-20) In the reverse-time stochas-tic con-trol for-mu-la-tion
 of Equa-tion ([][]7.2.8[][])(same quadratic
 []

[203] [204] [205]
<Images/PartB/eot_epsilon_interpolation.pdf, id=4199, 1281.38722pt x 370.51427p
t>
File: Images/PartB/eot_epsilon_interpolation.pdf Graphic file (type pdf)
<use Images/PartB/eot_epsilon_interpolation.pdf>
Package pdftex.def Info: Images/PartB/eot_epsilon_interpolation.pdf  used on in
put line 723.
(pdftex.def)             Requested size: 386.95747pt x 111.88445pt.
 [206] [207 <./Images/PartB/eot_epsilon_interpolation.pdf>]
[208] [209] [210] [211] [212] [213] [214] [215]
<Images/PartB/pfode_vs_ot_2d.pdf, id=4400, 992.30722pt x 384.13501pt>
File: Images/PartB/pfode_vs_ot_2d.pdf Graphic file (type pdf)
<use Images/PartB/pfode_vs_ot_2d.pdf>
Package pdftex.def Info: Images/PartB/pfode_vs_ot_2d.pdf  used on input line 11
16.
(pdftex.def)             Requested size: 386.95747pt x 149.79446pt.
 [216 <./Images/PartB/pfode_vs_ot_2d.pdf>] [217] [218]
Package mdframed Info: mdframed works in twoside mode on input line 1249.
Package mdframed Info: mdframed detected package amsthm 
 changed the theorem header of amsthm
(mdframed)              on input line 1249.
 [219]
Underfull \vbox (badness 10000) has occurred while \output is active []

 [220]
[221] [222] [223] [224]) [225

] (./Part-C-D-diagram.tex)
(./Chapter-6-Guidance.tex [226]
Chapter 8.
[227

]
<Images/PartC/guidance.pdf, id=4553, 963.6pt x 542.025pt>
File: Images/PartC/guidance.pdf Graphic file (type pdf)
<use Images/PartC/guidance.pdf>
Package pdftex.def Info: Images/PartC/guidance.pdf  used on input line 23.
(pdftex.def)             Requested size: 386.95747pt x 217.65802pt.
Package mdframed Info: mdframed works in twoside mode on input line 38.
Package mdframed Info: mdframed detected package amsthm 
 changed the theorem header of amsthm
(mdframed)              on input line 38.
 [228

 <./Images/PartC/guidance.pdf>] [229] [230] [231] [232

] [233]
[234]
<Images/PartB/classifier_guidance_v2.pdf, id=4670, 562.9833pt x 216.25937pt>
File: Images/PartB/classifier_guidance_v2.pdf Graphic file (type pdf)
<use Images/PartB/classifier_guidance_v2.pdf>
Package pdftex.def Info: Images/PartB/classifier_guidance_v2.pdf  used on input
 line 424.
(pdftex.def)             Requested size: 386.95747pt x 148.64494pt.
 [235

 <./Images/PartB/classifier_guidance_v2.pdf>]
pdfTeX warning (ext4): destination with the same identifier (name{ALG@line.1}) 
has been already used, duplicate ignored
<to be read again> 
                   \relax 
l.463       \Repeat
                   
pdfTeX warning (ext4): destination with the same identifier (name{ALG@line.2}) 
has been already used, duplicate ignored
<to be read again> 
                   \relax 
l.464         \State
                     $\rvx \sim p_{\text{data}}(\rvx)$
pdfTeX warning (ext4): destination with the same identifier (name{ALG@line.3}) 
has been already used, duplicate ignored
<to be read again> 
                   \relax 
l.465         \State
                     $t \sim \mathcal{U}[0, T]$
pdfTeX warning (ext4): destination with the same identifier (name{ALG@line.4}) 
has been already used, duplicate ignored
<to be read again> 
                   \relax 
l.466         \State
                     $\bm{\epsilon} \sim \mathcal{N}(\mathbf{0}, \mathbf{I})$
pdfTeX warning (ext4): destination with the same identifier (name{ALG@line.5}) 
has been already used, duplicate ignored
<to be read again> 
                   \relax 
l.467         \State
                     $\rvx_t = \alpha_t \rvx + \sigma_t \bm{\epsilon}$
pdfTeX warning (ext4): destination with the same identifier (name{ALG@line.6}) 
has been already used, duplicate ignored
<to be read again> 
                   \relax 
l.468         \State
                     Take gradient step on:
pdfTeX warning (ext4): destination with the same identifier (name{ALG@line.7}) 
has been already used, duplicate ignored
<to be read again> 
                   \relax 
l.470       \Until
                  {converged}
Underfull \hbox (badness 4479) in paragraph at lines 481--482
[][]$\OML/lmm/m/it/10 p[]$\T1/lmr/m/n/10 (+20) : prob. of un-con-di-tional
 []


pdfTeX warning (ext4): destination with the same identifier (name{ALG@line.1}) 
has been already used, duplicate ignored
<to be read again> 
                   \relax 
l.482       \Repeat
                   
pdfTeX warning (ext4): destination with the same identifier (name{ALG@line.2}) 
has been already used, duplicate ignored
<to be read again> 
                   \relax 
l.483         \State
                     \textcolor{orange}{$(\rvx, \rvc) \sim p_{\text{data}}(\...

pdfTeX warning (ext4): destination with the same identifier (name{ALG@line.3}) 
has been already used, duplicate ignored
<to be read again> 
                   \relax 
l.484         \State
                     \textcolor{orange}{$\rvc \gets \emptyset$ with prob. $p...

pdfTeX warning (ext4): destination with the same identifier (name{ALG@line.4}) 
has been already used, duplicate ignored
<to be read again> 
                   \relax 
l.485         \State
                     $t \sim \mathcal{U}[0, T]$
pdfTeX warning (ext4): destination with the same identifier (name{ALG@line.5}) 
has been already used, duplicate ignored
<to be read again> 
                   \relax 
l.486         \State
                     $\bm{\epsilon} \sim \mathcal{N}(\mathbf{0}, \mathbf{I})$
pdfTeX warning (ext4): destination with the same identifier (name{ALG@line.6}) 
has been already used, duplicate ignored
<to be read again> 
                   \relax 
l.487         \State
                     $\rvx_t = \alpha_t \rvx + \sigma_t \bm{\epsilon}$
pdfTeX warning (ext4): destination with the same identifier (name{ALG@line.7}) 
has been already used, duplicate ignored
<to be read again> 
                   \relax 
l.488         \State
                     Take gradient step on:
pdfTeX warning (ext4): destination with the same identifier (name{ALG@line.8}) 
has been already used, duplicate ignored
<to be read again> 
                   \relax 
l.490       \Until
                  {converged}
Underfull \vbox (badness 1824) has occurred while \output is active []

 [236]
[237] [238

] [239] [240] [241] [242] [243] [244]

Package fancyhdr Warning: \headheight is too small (14.4pt): 
(fancyhdr)                Make it at least 26.32425pt, for example:
(fancyhdr)                \setlength{\headheight}{26.32425pt}.
(fancyhdr)                You might also make \topmargin smaller:
(fancyhdr)                \addtolength{\topmargin}{-11.92426pt}.

[245] [246]

Package fancyhdr Warning: \headheight is too small (14.4pt): 
(fancyhdr)                Make it at least 26.32425pt, for example:
(fancyhdr)                \setlength{\headheight}{26.32425pt}.
(fancyhdr)                You might also make \topmargin smaller:
(fancyhdr)                \addtolength{\topmargin}{-11.92426pt}.

[247] [248]
Overfull \hbox (13.97963pt too wide) in paragraph at lines 1063--1065
\T1/lmr/m/n/10.95 (-20) where $\OML/lmm/m/it/10.95 ^^Y[]\OT1/lmr/m/n/10.95 (-20
) (\OT1/lmr/bx/n/10.95 (-20) x\OMS/lmsy/m/n/10.95 j\OT1/lmr/bx/n/10.95 (-20) c\
OT1/lmr/m/n/10.95 (-20) ) := \OML/lmm/m/it/10.95 p[]\OT1/lmr/m/n/10.95 (-20) (\
OT1/lmr/bx/n/10.95 (-20) x\OMS/lmsy/m/n/10.95 j\OT1/lmr/bx/n/10.95 (-20) c\OT1/
lmr/m/n/10.95 (-20) )$\T1/lmr/m/n/10.95 (-20) , and $\OML/lmm/m/it/10.95 Z\OT1/
lmr/m/n/10.95 (-20) (\OT1/lmr/bx/n/10.95 (-20) c\OT1/lmr/m/n/10.95 (-20) )$ \T1
/lmr/m/n/10.95 (-20) is the par-ti-tion func-tion en-sur-ing $[] \OML/lmm/m/it/
10.95 ^^Y[]\OT1/lmr/m/n/10.95 (-20) (\OT1/lmr/bx/n/10.95 (-20) x\OMS/lmsy/m/n/1
0.95 j\OT1/lmr/bx/n/10.95 (-20) c\OT1/lmr/m/n/10.95 (-20) ) []  d\OT1/lmr/bx/n/
10.95 (-20) x \OT1/lmr/m/n/10.95 (-20) =
 []


Package fancyhdr Warning: \headheight is too small (14.4pt): 
(fancyhdr)                Make it at least 26.32425pt, for example:
(fancyhdr)                \setlength{\headheight}{26.32425pt}.
(fancyhdr)                You might also make \topmargin smaller:
(fancyhdr)                \addtolength{\topmargin}{-11.92426pt}.

[249] [250]

Package fancyhdr Warning: \headheight is too small (14.4pt): 
(fancyhdr)                Make it at least 26.32425pt, for example:
(fancyhdr)                \setlength{\headheight}{26.32425pt}.
(fancyhdr)                You might also make \topmargin smaller:
(fancyhdr)                \addtolength{\topmargin}{-11.92426pt}.

[251] [252]
Package mdframed Info: mdframed works in twoside mode on input line 1310.
Package mdframed Info: mdframed detected package amsthm 
 changed the theorem header of amsthm
(mdframed)              on input line 1310.
Package mdframed Info: Not enough space on this page on input line 1321.


Package fancyhdr Warning: \headheight is too small (14.4pt): 
(fancyhdr)                Make it at least 26.32425pt, for example:
(fancyhdr)                \setlength{\headheight}{26.32425pt}.
(fancyhdr)                You might also make \topmargin smaller:
(fancyhdr)                \addtolength{\topmargin}{-11.92426pt}.

[253]
Package mdframed Info: Not enough space on this page on input line 1321.
 [254]) (./Chapter-7-Sophisticated-Solvers-for-Fast-Sampling.tex [255]
Chapter 9.
[256

]
Overfull \hbox (8.45221pt too wide) in paragraph at lines 24--26
[]\T1/lmr/m/n/10.95 (-20) Concretely, sup-pose we have a pre-trained dif-fu-sio
n model $\OT1/lmr/bx/n/10.95 (-20) s[]\OT1/lmr/m/n/10.95 (-20) (\OT1/lmr/bx/n/1
0.95 (-20) x\OML/lmm/m/it/10.95 ; t\OT1/lmr/m/n/10.95 (-20) ) \OMS/lmsy/m/n/10.
95 ^^Y r[] [] \OML/lmm/m/it/10.95 p[]\OT1/lmr/m/n/10.95 (-20) (\OT1/lmr/bx/n/10
.95 (-20) x\OT1/lmr/m/n/10.95 (-20) )$
 []

[257

]
Overfull \hbox (1.7571pt too wide) in paragraph at lines 94--96
\T1/lmr/m/n/10.95 (-20) vates spe-cial-ized in-te-gra-tors (see dis-cus-sion ne
ar Equa-tion ([][]9.1.6[][]) be-low) ([]Hochbruck
 []

[258] [259]
Package mdframed Info: mdframed works in twoside mode on input line 180.
Package mdframed Info: mdframed detected package amsthm 
 changed the theorem header of amsthm
(mdframed)              on input line 180.
 [260]
Overfull \hbox (5.58119pt too wide) in paragraph at lines 236--237
\T1/lmr/m/n/10.95 (-20) fam-ily, in-clud-ing DPM-Solver ([]Lu \T1/lmr/m/it/10.9
5 (-20) et al.\T1/lmr/m/n/10.95 (-20) , [][]2022b[][]) (Sec-tion [][]9.4[][]), 
and DPM-Solver\T1/lmtt/m/n/10.95 ++ \T1/lmr/m/n/10.95 (-20) ([]Lu
 []

[261] [262] [263] [264

]
Underfull \vbox (badness 10000) has occurred while \output is active []

 [265]
<Images/PartB/Euler.pdf, id=5084, 963.6pt x 542.025pt>
File: Images/PartB/Euler.pdf Graphic file (type pdf)
<use Images/PartB/Euler.pdf>
Package pdftex.def Info: Images/PartB/Euler.pdf  used on input line 409.
(pdftex.def)             Requested size: 386.95747pt x 217.65802pt.

[266]
Underfull \vbox (badness 10000) has occurred while \output is active []

 [267 <./Images/PartB/Euler.pdf>] [268] [269] [270] [271]
Package mdframed Info: mdframed works in twoside mode on input line 739.
Package mdframed Info: mdframed detected package amsthm 
 changed the theorem header of amsthm
(mdframed)              on input line 739.

Overfull \hbox (5.26273pt too wide) in paragraph at lines 744--746
\T1/lmr/m/n/10.95 (-20) This con-struc-tion re-moves any de-pen-dence on the fo
r-ward one-step ker-nel $\OML/lmm/m/it/10.95 p\OT1/lmr/m/n/10.95 (-20) (\OT1/lm
r/bx/n/10.95 (-20) x[]\OMS/lmsy/m/n/10.95 j\OT1/lmr/bx/n/10.95 (-20) x[]\OT1/lm
r/m/n/10.95 (-20) )$
 []

[272] [273]
Package mdframed Info: mdframed works in twoside mode on input line 864.
Package mdframed Info: mdframed detected package amsthm 
 changed the theorem header of amsthm
(mdframed)              on input line 864.
 [274] [275] [276] [277

]
Underfull \vbox (badness 4001) has occurred while \output is active []

 [278]
<Images/PartC/DEIS.pdf, id=5231, 939.51pt x 491.436pt>
File: Images/PartC/DEIS.pdf Graphic file (type pdf)
<use Images/PartC/DEIS.pdf>
Package pdftex.def Info: Images/PartC/DEIS.pdf  used on input line 1384.
(pdftex.def)             Requested size: 386.95747pt x 202.4049pt.

[279 <./Images/PartC/DEIS.pdf>] [280]
Overfull \hbox (26.71896pt too wide) in paragraph at lines 1486--1490
\T1/lmr/m/n/10.95 (-20) where $\OML/lmm/m/it/10.95 `[]$ \T1/lmr/m/n/10.95 (-20)
 is the La-grange ba-sis of de-gree $\OML/lmm/m/it/10.95 i[]\OT1/lmr/m/n/10.95 
(-20) 1$ \T1/lmr/m/n/10.95 (-20) built on the nodes at time $\OMS/lmsy/m/n/10.9
5 f\OML/lmm/m/it/10.95 t[]; t[]; [] ; t[]\OMS/lmsy/m/n/10.95 g$\T1/lmr/m/n/10.9
5 (-20) .
 []

Package mdframed Info: mdframed works in twoside mode on input line 1527.
Package mdframed Info: mdframed detected package amsthm 
 changed the theorem header of amsthm
(mdframed)              on input line 1527.
[281] [282]
Overfull \hbox (5.46278pt too wide) in paragraph at lines 1576--1577
\T1/lmr/m/n/10.95 (-20) The DPM-Solver fam-ily, in-clud-ing DPM-Solver ([]Lu \T
1/lmr/m/it/10.95 (-20) et al.\T1/lmr/m/n/10.95 (-20) , [][]2022b[][]), DPM-Solv
er\T1/lmtt/m/n/10.95 ++ \T1/lmr/m/n/10.95 (-20) ([]Lu
 []

[283

]
Underfull \vbox (badness 3302) has occurred while \output is active []

 [284]
Package mdframed Info: mdframed works in twoside mode on input line 1650.
Package mdframed Info: mdframed detected package amsthm 
 changed the theorem header of amsthm
(mdframed)              on input line 1650.

Overfull \hbox (7.00385pt too wide) in paragraph at lines 1659--1660
[] []\T1/lmss/bx/n/10.95 (-20) In-tu-ition of Why Repa-ram-e-ter-ize Time?[] \T
1/lmr/m/n/10.95 (-20) For strictly mono-tone $\OML/lmm/m/it/10.95 ^^U\OT1/lmr/m
/n/10.95 (-20) (\OML/lmm/m/it/10.95 t\OT1/lmr/m/n/10.95 (-20) )$\T1/lmr/m/n/10.
95 (-20) , the first^^Uorder
 []

[285]
Package mdframed Info: mdframed works in twoside mode on input line 1731.
Package mdframed Info: mdframed detected package amsthm 
 changed the theorem header of amsthm
(mdframed)              on input line 1731.


Package mdframed Warning: You got a bad break
(mdframed)                because the last box will be empty
(mdframed)                you have to change it manually
(mdframed)                by changing the text, the space
(mdframed)                or something else on input line 1741.

Package mdframed Info: Box was splittet wrong
 starting loop to iterate the splitting point
(mdframed)              on input line 1741.
[286] [287]
pdfTeX warning (ext4): destination with the same identifier (name{ALG@line.1}) 
has been already used, duplicate ignored
<to be read again> 
                   \relax 
l.1833         \State
                      $\tilde\rvx_{t_0}\gets\rvx_T$
pdfTeX warning (ext4): destination with the same identifier (name{ALG@line.2}) 
has been already used, duplicate ignored
<to be read again> 
                   \relax 
l.1834         \For
                   {$i\gets 1$ to $M$}
pdfTeX warning (ext4): destination with the same identifier (name{ALG@line.3}) 
has been already used, duplicate ignored
<to be read again> 
                   \relax 
l.1835         \State
                      $h_i \gets \lambda_{t_i} - \lambda_{t_{i-1}}$
pdfTeX warning (ext4): destination with the same identifier (name{ALG@line.4}) 
has been already used, duplicate ignored
<to be read again> 
                   \relax 
l.1836         \State
                      $s_{i}^{\text{mid}} \gets t_{\lambda}\left(\tfrac{\lam...

pdfTeX warning (ext4): destination with the same identifier (name{ALG@line.5}) 
has been already used, duplicate ignored
<to be read again> 
                   \relax 
l.1837         \State
                     
pdfTeX warning (ext4): destination with the same identifier (name{ALG@line.6}) 
has been already used, duplicate ignored
<to be read again> 
                   \relax 
l.1839     \State
                   $\tilde\rvx_{t_{i}} \gets \tfrac{\alpha_{t_{i}}}{\alpha_{...

pdfTeX warning (ext4): destination with the same identifier (name{ALG@line.7}) 
has been already used, duplicate ignored
<to be read again> 
                   \relax 
l.1840         \EndFor
                      
pdfTeX warning (ext4): destination with the same identifier (name{ALG@line.8}) 
has been already used, duplicate ignored
<to be read again> 
                   \relax 
l.1841         \State
                      \Return $\tilde\rvx_{t_M}$ [288]
Package microtype Info: Character `029' is missing
(microtype)             in font `T1/lmr/m/sc/10.95'.
(microtype)             Ignoring protrusion settings for this character.

Underfull \vbox (badness 2418) has occurred while \output is active []

 [289]
[290] [291]
<Images/PartC/Heun.pdf, id=5407, 963.6pt x 542.025pt>
File: Images/PartC/Heun.pdf Graphic file (type pdf)
<use Images/PartC/Heun.pdf>
Package pdftex.def Info: Images/PartC/Heun.pdf  used on input line 1964.
(pdftex.def)             Requested size: 386.95747pt x 217.65802pt.
 [292 <./Images/PartC/Heun.pdf>] [293] [294] [295

]
pdfTeX warning (ext4): destination with the same identifier (name{ALG@line.1}) 
has been already used, duplicate ignored
<to be read again> 
                   \relax 
l.2192     \State
                  $\tilde\rvx_{t_0}\gets\rvx_T$;\quad $\lambda_{t_i}\gets \l...

pdfTeX warning (ext4): destination with the same identifier (name{ALG@line.2}) 
has been already used, duplicate ignored
<to be read again> 
                   \relax 
l.2193     \State
                  $\hat\rvx_0 \gets \hat{\rvx}_{\bphi^\times}(\tilde\rvx_{t_...

pdfTeX warning (ext4): destination with the same identifier (name{ALG@line.3}) 
has been already used, duplicate ignored
<to be read again> 
                   \relax 
l.2194     \For
               {$i\gets 1$ \textbf{to} $M$}
pdfTeX warning (ext4): destination with the same identifier (name{ALG@line.4}) 
has been already used, duplicate ignored
<to be read again> 
                   \relax 
l.2195         \State
                      $h_i \gets \lambda_{t_i}-\lambda_{t_{i-1}}$;\quad $s_i...

pdfTeX warning (ext4): destination with the same identifier (name{ALG@line.5}) 
has been already used, duplicate ignored
<to be read again> 
                   \relax 
l.2196         \State
                      $\rvu_i \gets \tfrac{\sigma_{s_i^{\text{mid}}}}{\sigma...

pdfTeX warning (ext4): destination with the same identifier (name{ALG@line.6}) 
has been already used, duplicate ignored
<to be read again> 
                   \relax 
l.2198         \State
                      $\rmD_i^{\mathrm{mid}} \gets \hat{\rvx}_{\bphi^\times}...

pdfTeX warning (ext4): destination with the same identifier (name{ALG@line.7}) 
has been already used, duplicate ignored
<to be read again> 
                   \relax 
l.2199         \State
                      $\tilde\rvx_{t_i} \gets \tfrac{\sigma_{t_i}}{\sigma_{t...

pdfTeX warning (ext4): destination with the same identifier (name{ALG@line.8}) 
has been already used, duplicate ignored
<to be read again> 
                   \relax 
l.2201         \State
                      $\hat\rvx_i \gets \hat{\rvx}_{\bphi^\times}(\tilde\rvx...

pdfTeX warning (ext4): destination with the same identifier (name{ALG@line.9}) 
has been already used, duplicate ignored
<to be read again> 
                   \relax 
l.2202     \EndFor
                   [296] [297] [298]
Package mdframed Info: mdframed works in twoside mode on input line 2305.
Package mdframed Info: mdframed detected package amsthm 
 changed the theorem header of amsthm
(mdframed)              on input line 2305.

pdfTeX warning (ext4): destination with the same identifier (name{ALG@line.1}) 
has been already used, duplicate ignored
<to be read again> 
                   \relax 
l.2372     \State
                  $\tilde\rvx_{t_0}\gets\rvx_T$;\quad $\lambda_{t_i}\gets \l...

pdfTeX warning (ext4): destination with the same identifier (name{ALG@line.2}) 
has been already used, duplicate ignored
<to be read again> 
                   \relax 
l.2373     \State
                  $\hat\rvx_0 \gets \hat{\rvx}_{\bphi^\times}(\tilde\rvx_{t_...

pdfTeX warning (ext4): destination with the same identifier (name{ALG@line.3}) 
has been already used, duplicate ignored
<to be read again> 
                   \relax 
l.2375     \State
                  $\tilde\rvx_{t_1} \gets \tfrac{\sigma_{t_1}}{\sigma_{t_0}}...

pdfTeX warning (ext4): destination with the same identifier (name{ALG@line.4}) 
has been already used, duplicate ignored
<to be read again> 
                   \relax 
l.2377     \State
                  $\hat\rvx_1 \gets \hat{\rvx}_{\bphi^\times}(\tilde\rvx_{t_...

pdfTeX warning (ext4): destination with the same identifier (name{ALG@line.5}) 
has been already used, duplicate ignored
<to be read again> 
                   \relax 
l.2379     \For
               {$i\gets 2$ \textbf{to} $M$}
pdfTeX warning (ext4): destination with the same identifier (name{ALG@line.6}) 
has been already used, duplicate ignored
<to be read again> 
                   \relax 
l.2380         \State
                      $r_i \gets h_i/h_{i-1}$ \Comment step ratio
pdfTeX warning (ext4): destination with the same identifier (name{ALG@line.7}) 
has been already used, duplicate ignored
<to be read again> 
                   \relax 
l.2381         \State
                      $\rmD_i^{\mathrm{sim}} \gets \Big(1+\tfrac12 r_i\Big)\...

pdfTeX warning (ext4): destination with the same identifier (name{ALG@line.8}) 
has been already used, duplicate ignored
<to be read again> 
                   \relax 
l.2382         \State
                      $\tilde\rvx_{t_i} \gets \tfrac{\sigma_{t_i}}{\sigma_{t...

pdfTeX warning (ext4): destination with the same identifier (name{ALG@line.9}) 
has been already used, duplicate ignored
<to be read again> 
                   \relax 
l.2384         \State
                      $\hat\rvx_i \gets \hat{\rvx}_{\bphi^\times}(\tilde\rvx...

pdfTeX warning (ext4): destination with the same identifier (name{ALG@line.10})
 has been already used, duplicate ignored
<to be read again> 
                   \relax 
l.2385     \EndFor
                   [299] [300] [301]
Overfull \hbox (21.52835pt too wide) in paragraph at lines 2448--2451
[]\T1/lmr/m/n/10.95 (-20) We high-light two rep-re-sen-ta-tive ex-am-ples in Ta
-ble [][]9.1[][]: the DDIM and DPM^^USolver^^U2
 []

LaTeX Font Info:    Font shape `T1/lmtt/bx/n' in size <7> not available
(Font)              Font shape `T1/lmtt/b/n' tried instead on input line 2520.
[302] [303] [304]
Overfull \hbox (5.70105pt too wide) in paragraph at lines 3108--3109
[]\T1/lmr/m/n/10.95 (-20) In this sec-tion, we turn to the \T1/lmr/m/it/10.95 (
-20) time^^Uparallel \T1/lmr/m/n/10.95 (-20) ap-proach, ex-em-pli-fied by \T1/l
mr/m/it/10.95 (-20) ParaDiGMS\T1/lmr/m/n/10.95 (-20) ,
 []

[305

] [306]
<Images/PartC/paradigm-1.pdf, id=5576, 939.51pt x 440.84702pt>
File: Images/PartC/paradigm-1.pdf Graphic file (type pdf)
<use Images/PartC/paradigm-1.pdf>
Package pdftex.def Info: Images/PartC/paradigm-1.pdf  used on input line 3205.
(pdftex.def)             Requested size: 116.08841pt x 54.46669pt.
<Images/PartC/paradigm-2.pdf, id=5577, 939.51pt x 440.84702pt>
File: Images/PartC/paradigm-2.pdf Graphic file (type pdf)
<use Images/PartC/paradigm-2.pdf>
Package pdftex.def Info: Images/PartC/paradigm-2.pdf  used on input line 3212.
(pdftex.def)             Requested size: 116.08841pt x 54.46669pt.
<Images/PartC/paradigm-3.pdf, id=5578, 939.51pt x 440.84702pt>
File: Images/PartC/paradigm-3.pdf Graphic file (type pdf)
<use Images/PartC/paradigm-3.pdf>
Package pdftex.def Info: Images/PartC/paradigm-3.pdf  used on input line 3219.
(pdftex.def)             Requested size: 116.08841pt x 54.46669pt.

Underfull \hbox (badness 1515) in paragraph at lines 3220--3220
\T1/lmr/m/n/9 (+20) ward, based on the er-ror
 []

[307 <./Images/PartC/paradigm-1.pdf> <./Images/PartC/paradigm-2.pdf

pdfTeX warning: pdflatex (file ./Images/PartC/paradigm-2.pdf): PDF inclusion: m
ultiple pdfs with page group included in a single page
> <./Images/PartC/paradigm-3.pdf

pdfTeX warning: pdflatex (file ./Images/PartC/paradigm-3.pdf): PDF inclusion: m
ultiple pdfs with page group included in a single page
>]
Overfull \hbox (19.12971pt too wide) in paragraph at lines 3261--3264
[] [] \T1/lmss/bx/n/10.95 (-20) Step 3. Progress Con-trol and Win-dow Ad-vance.
[] \T1/lmr/m/n/10.95 (-20) Hav-ing formed the left^^Uanchored
 []


pdfTeX warning (ext4): destination with the same identifier (name{ALG@line.1}) 
has been already used, duplicate ignored
<to be read again> 
                   \relax 
l.3310     \State
                  $k \gets 0$, $\ell \gets 0$
pdfTeX warning (ext4): destination with the same identifier (name{ALG@line.2}) 
has been already used, duplicate ignored
<to be read again> 
                   \relax 
l.3311     \State
                  Sample $\rvx^{(0)}_0 \sim p_{\mathrm{prior}}$; set $\rvx^{...

pdfTeX warning (ext4): destination with the same identifier (name{ALG@line.3}) 
has been already used, duplicate ignored
<to be read again> 
                   \relax 
l.3312     \While
                 {$\ell < M$}
pdfTeX warning (ext4): destination with the same identifier (name{ALG@line.4}) 
has been already used, duplicate ignored
<to be read again> 
                   \relax 
l.3313       \State
                    $J \gets \min(p,  M-\ell)$   \Comment{current window len...

pdfTeX warning (ext4): destination with the same identifier (name{ALG@line.5}) 
has been already used, duplicate ignored
<to be read again> 
                   \relax 
l.3314       \State
                    \textbfs{Step 1: Parallel}
pdfTeX warning (ext4): destination with the same identifier (name{ALG@line.6}) 
has been already used, duplicate ignored
<to be read again> 
                   \relax 
l.3315       \State
                    For $i=0,\ldots,J-1$: $g_i \gets \rvv_{\bphi^\times} \bi...

pdfTeX warning (ext4): destination with the same identifier (name{ALG@line.7}) 
has been already used, duplicate ignored
<to be read again> 
                   \relax 
l.3317       \State
                    Compute prefix sums $S_j \gets \sum_{i=0}^{j} g_i$ for $...

pdfTeX warning (ext4): destination with the same identifier (name{ALG@line.8}) 
has been already used, duplicate ignored
<to be read again> 
                   \relax 
l.3319       \State
                    \textbfs{Step 2: Cumulative Updates}
pdfTeX warning (ext4): destination with the same identifier (name{ALG@line.9}) 
has been already used, duplicate ignored
<to be read again> 
                   \relax 
l.3320       \State
                    For $j=0,\ldots,J-1$: $\displaystyle \rvx^{(k+1)}_{\ell+...

pdfTeX warning (ext4): destination with the same identifier (name{ALG@line.10})
 has been already used, duplicate ignored
<to be read again> 
                   \relax 
l.3322       \State
                    \textbfs{Step 3: Progress Control and Window Advance}
pdfTeX warning (ext4): destination with the same identifier (name{ALG@line.11})
 has been already used, duplicate ignored
<to be read again> 
                   \relax 
l.3323       \State
                    For $j=1,\ldots,J-1$: $\mathtt{error}_j \gets \big\|\rvx...
[308] [309] [310] [311]) [312


]
(./Chapter-8-Post-Training-Methods-for-Fast-Sampling.tex
Chapter 10.
[313

] [314

] [315] [316] [317] [318

] [319] [320]
Overfull \hbox (11.47522pt too wide) in paragraph at lines 397--400
[] []\T1/lmss/bx/n/10.95 (-20) VSD for 3D Gen-er-a-tion Us-ing Only a 2D pre--t
rained Dif-fu-sion Model.[] \T1/lmr/m/n/10.95 (-20) VSD ([]Wang
 []

[321]
<Images/PartD/PD.pdf, id=5796, 1084.05pt x 542.025pt>
File: Images/PartD/PD.pdf Graphic file (type pdf)
<use Images/PartD/PD.pdf>
Package pdftex.def Info: Images/PartD/PD.pdf  used on input line 447.
(pdftex.def)             Requested size: 359.86761pt x 179.9357pt.

Overfull \hbox (9.2261pt too wide) in paragraph at lines 464--465
\T1/lmr/m/n/10.95 (-20) In this sec-tion, we fix DDIM in the $\OT1/lmr/bx/n/10.
95 (-20) x$\T1/lmr/m/n/10.95 (-20) -prediction pa-ram-e-ter-i-za-tion as the ti
me^^Ustepping
 []

[322

 <./Images/PartD/PD.pdf>]
Underfull \vbox (badness 10000) has occurred while \output is active []

 [323]
[324] [325] [326] [327] [328])
(./Chapter-9-Learning-Fast-Generator-from-Scratch.tex
Chapter 11.
[329


] [330]
<Images/PartD/flow-map.pdf, id=6032, 963.6pt x 542.025pt>
File: Images/PartD/flow-map.pdf Graphic file (type pdf)
<use Images/PartD/flow-map.pdf>
Package pdftex.def Info: Images/PartD/flow-map.pdf  used on input line 96.
(pdftex.def)             Requested size: 348.25935pt x 195.88974pt.
Package mdframed Info: mdframed works in twoside mode on input line 106.
Package mdframed Info: mdframed detected package amsthm 
 changed the theorem header of amsthm
(mdframed)              on input line 106.
 [331] [332 <./Images/PartD/flow-map.pdf>] [333]
Underfull \vbox (badness 3158) has occurred while \output is active []

 [334]
[335]
<Images/PartD/semigroup.pdf, id=6109, 963.6pt x 542.025pt>
File: Images/PartD/semigroup.pdf Graphic file (type pdf)
<use Images/PartD/semigroup.pdf>
Package pdftex.def Info: Images/PartD/semigroup.pdf  used on input line 302.
(pdftex.def)             Requested size: 348.25935pt x 195.88974pt.
Package mdframed Info: mdframed works in twoside mode on input line 314.
Package mdframed Info: mdframed detected package amsthm 
 changed the theorem header of amsthm
(mdframed)              on input line 314.
 [336

 <./Images/PartD/semigroup.pdf>] [337] [338]
Package mdframed Info: mdframed works in twoside mode on input line 448.
Package mdframed Info: mdframed detected package amsthm 
 changed the theorem header of amsthm
(mdframed)              on input line 448.
 [339]
Package mdframed Info: mdframed works in twoside mode on input line 504.
Package mdframed Info: mdframed detected package amsthm 
 changed the theorem header of amsthm
(mdframed)              on input line 504.

Underfull \vbox (badness 3895) has occurred while \output is active []

 [340]
Overfull \hbox (2.2714pt too wide) in paragraph at lines 611--614
\T1/lmr/m/n/10.95 (-20) and use the neu-ral net-work pa-ram-e-ter-i-za-tion pro
-posed therein (cf. Equa-tion ([][]D.6.1[][])): 
 []

[341]
pdfTeX warning (ext4): destination with the same identifier (name{ALG@line.1}) 
has been already used, duplicate ignored
<to be read again> 
                   \relax 
l.667         \If
                 {one-step}
pdfTeX warning (ext4): destination with the same identifier (name{ALG@line.2}) 
has been already used, duplicate ignored
<to be read again> 
                   \relax 
l.668             \State
                         $\rvx \leftarrow \rvf_{\bm{\theta}^\times}(\hat{\rv...

pdfTeX warning (ext4): destination with the same identifier (name{ALG@line.3}) 
has been already used, duplicate ignored
<to be read again> 
                   \relax 
l.669         \Else
                   
pdfTeX warning (ext4): destination with the same identifier (name{ALG@line.4}) 
has been already used, duplicate ignored
<to be read again> 
                   \relax 
l.670             \State
                         $\rvx \leftarrow \rvf_{\bm{\theta}^\times}(\hat{\rv...

pdfTeX warning (ext4): destination with the same identifier (name{ALG@line.5}) 
has been already used, duplicate ignored
<to be read again> 
                   \relax 
l.671             \For
                      {$m=1$ \textbf{to} $M-1$}
pdfTeX warning (ext4): destination with the same identifier (name{ALG@line.6}) 
has been already used, duplicate ignored
<to be read again> 
                   \relax 
l.672                 \State
                             Sample $\bm{\epsilon} \sim \mathcal{N}(\bm{0}, ...

pdfTeX warning (ext4): destination with the same identifier (name{ALG@line.7}) 
has been already used, duplicate ignored
<to be read again> 
                   \relax 
l.673                 \State
                             $\hat{\rvx}_{\tau_m} \leftarrow \alpha_{\tau_m}...

pdfTeX warning (ext4): destination with the same identifier (name{ALG@line.8}) 
has been already used, duplicate ignored
<to be read again> 
                   \relax 
l.674                 \State
                             $\rvx \leftarrow \rvf_{\bm{\theta}^\times}(\hat...

pdfTeX warning (ext4): destination with the same identifier (name{ALG@line.9}) 
has been already used, duplicate ignored
<to be read again> 
                   \relax 
l.675             \EndFor
                         
pdfTeX warning (ext4): destination with the same identifier (name{ALG@line.10})
 has been already used, duplicate ignored
<to be read again> 
                   \relax 
l.676         \EndIf
                     [342] [343] [344

]
Package mdframed Info: mdframed works in twoside mode on input line 852.
Package mdframed Info: mdframed detected package amsthm 
 changed the theorem header of amsthm
(mdframed)              on input line 852.
Package mdframed Info: Not enough space on this page on input line 855.
 [345]
Package mdframed Info: Not enough space on this page on input line 855.

Overfull \hbox (3.5047pt too wide) in paragraph at lines 881--885
\T1/lmr/m/n/10.95 (-20) We de-note the re-sult-ing ob-jec-tive as $\OMS/lmsy/m/
n/10.95 L[]\OT1/lmr/m/n/10.95 (-20) (\OML/lmm/b/it/10.95 ^^R\OML/lmm/m/it/10.95
 ; \OML/lmm/b/it/10.95 ^^R[]\OT1/lmr/m/n/10.95 (-20) ; \OML/lmm/b/it/10.95 ^^^[
]\OT1/lmr/m/n/10.95 (-20) )$\T1/lmr/m/n/10.95 (-20) . Ac-cord-ingly, Propo-si-t
ion [][]11.3.1[][]
 []

[346] [347] [348] [349] [350]
pdfTeX warning (ext4): destination with the same identifier (name{ALG@line.1}) 
has been already used, duplicate ignored
<to be read again> 
                   \relax 
l.1148 \State
              \textbfs{Init:} $\bm{\theta} \gets \bm{\theta}_{\text{pretrain...

pdfTeX warning (ext4): destination with the same identifier (name{ALG@line.2}) 
has been already used, duplicate ignored
<to be read again> 
                   \relax 
l.1149 \Repeat
              
pdfTeX warning (ext4): destination with the same identifier (name{ALG@line.3}) 
has been already used, duplicate ignored
<to be read again> 
                   \relax 
l.1150     \State
                  $\rvx_0 \sim \mathcal{D}$, $\mathbf{z} \sim \mathcal{N}(\b...

pdfTeX warning (ext4): destination with the same identifier (name{ALG@line.4}) 
has been already used, duplicate ignored
<to be read again> 
                   \relax 
l.1151     \State
                  $\rvx_s \gets \cos(s) \rvx_0 + \sin(s) \mathbf{z}$
pdfTeX warning (ext4): destination with the same identifier (name{ALG@line.5}) 
has been already used, duplicate ignored
<to be read again> 
                   \relax 
l.1152     \If
              {consistency training}
pdfTeX warning (ext4): destination with the same identifier (name{ALG@line.6}) 
has been already used, duplicate ignored
<to be read again> 
                   \relax 
l.1153         \State
                      $\frac{\diff\rvx_s}{\diff s} \gets \cos(s) \mathbf{z} ...

pdfTeX warning (ext4): destination with the same identifier (name{ALG@line.7}) 
has been already used, duplicate ignored
<to be read again> 
                   \relax 
l.1154     \Else
                
pdfTeX warning (ext4): destination with the same identifier (name{ALG@line.8}) 
has been already used, duplicate ignored
<to be read again> 
                   \relax 
l.1155         \State
                      $\frac{\diff\rvx_s}{\diff s} \gets \sigma_{\mathrm{d}}...

pdfTeX warning (ext4): destination with the same identifier (name{ALG@line.9}) 
has been already used, duplicate ignored
<to be read again> 
                   \relax 
l.1156     \EndIf
                 
pdfTeX warning (ext4): destination with the same identifier (name{ALG@line.10})
 has been already used, duplicate ignored
<to be read again> 
                   \relax 
l.1157     \State
                  $r \gets \min\left(1, \frac{\text{Iters}}{H}\right)$ \hfil...

pdfTeX warning (ext4): destination with the same identifier (name{ALG@line.11})
 has been already used, duplicate ignored
<to be read again> 
                   \relax 
l.1158     \State
                  $\rvw \gets - \cos^2(s) (\sigma_{\mathrm{d}} \mathbf{F}_{\...

pdfTeX warning (ext4): destination with the same identifier (name{ALG@line.12})
 has been already used, duplicate ignored
<to be read again> 
                   \relax 
l.1159     \State
                  $\rvw \gets \frac{\rvw}{\|\rvw\| + c}$ \hfill \Comment{ Ta...

pdfTeX warning (ext4): destination with the same identifier (name{ALG@line.13})
 has been already used, duplicate ignored
<to be read again> 
                   \relax 
l.1160     \State
                  $\mathcal{L}_{\text{sCM}}(\bm{\theta}, \boldsymbol{\varphi...

pdfTeX warning (ext4): destination with the same identifier (name{ALG@line.14})
 has been already used, duplicate ignored
<to be read again> 
                   \relax 
l.1162     \State
                  $(\bm{\theta}, \boldsymbol{\varphi}) \gets (\bm{\theta}, \...

pdfTeX warning (ext4): destination with the same identifier (name{ALG@line.15})
 has been already used, duplicate ignored
<to be read again> 
                   \relax 
l.1163     \State
                  Iters $\gets$ Iters + 1
pdfTeX warning (ext4): destination with the same identifier (name{ALG@line.16})
 has been already used, duplicate ignored
<to be read again> 
                   \relax 
l.1164 \Until
             {convergence} [351] [352

] [353] [354]
Package mdframed Info: mdframed works in twoside mode on input line 1443.
Package mdframed Info: mdframed detected package amsthm 
 changed the theorem header of amsthm
(mdframed)              on input line 1443.
 [355]
Package mdframed Info: mdframed works in twoside mode on input line 1506.
Package mdframed Info: mdframed detected package amsthm 
 changed the theorem header of amsthm
(mdframed)              on input line 1506.
<Images/PartD/ctm-target.pdf, id=6402, 963.6pt x 542.025pt>
File: Images/PartD/ctm-target.pdf Graphic file (type pdf)
<use Images/PartD/ctm-target.pdf>
Package pdftex.def Info: Images/PartD/ctm-target.pdf  used on input line 1523.
(pdftex.def)             Requested size: 348.25935pt x 195.88974pt.
 [356] [357 <./Images/PartD/ctm-target.pdf>]
Package mdframed Info: mdframed works in twoside mode on input line 1599.
Package mdframed Info: mdframed detected package amsthm 
 changed the theorem header of amsthm
(mdframed)              on input line 1599.

pdfTeX warning (ext4): destination with the same identifier (name{ALG@line.1}) 
has been already used, duplicate ignored
<to be read again> 
                   \relax 
l.1628     \State
                  Start from $\mathbf{x}_{\tau_{0}}\sim p_{\mathrm{prior}}=\...

pdfTeX warning (ext4): destination with the same identifier (name{ALG@line.2}) 
has been already used, duplicate ignored
<to be read again> 
                   \relax 
l.1629         \For
                   {$n=0$ to $M-1$}
pdfTeX warning (ext4): destination with the same identifier (name{ALG@line.3}) 
has been already used, duplicate ignored
<to be read again> 
                   \relax 
l.1630         \State
                      $\tilde{\tau}_{n+1}\leftarrow \sqrt{1-\gamma^{2}}\tau_...

pdfTeX warning (ext4): destination with the same identifier (name{ALG@line.4}) 
has been already used, duplicate ignored
<to be read again> 
                   \relax 
l.1631         \State
                      Denoise $\mathbf{x}_{\tilde{\tau}_{n+1}}\leftarrow \ma...

pdfTeX warning (ext4): destination with the same identifier (name{ALG@line.5}) 
has been already used, duplicate ignored
<to be read again> 
                   \relax 
l.1632         \State
                      Diffuse $\mathbf{x}_{\tau_{n+1}}\leftarrow\mathbf{x}_{...

pdfTeX warning (ext4): destination with the same identifier (name{ALG@line.6}) 
has been already used, duplicate ignored
<to be read again> 
                   \relax 
l.1633         \EndFor
                      
Underfull \vbox (badness 3460) has occurred while \output is active []

 [358]
<Images/PartD/ctm_gamma.pdf, id=6453, 1228.59pt x 491.436pt>
File: Images/PartD/ctm_gamma.pdf Graphic file (type pdf)
<use Images/PartD/ctm_gamma.pdf>
Package pdftex.def Info: Images/PartD/ctm_gamma.pdf  used on input line 1651.
(pdftex.def)             Requested size: 386.95747pt x 154.78065pt.

[359 <./Images/PartD/ctm_gamma.pdf>] [360] [361]
Package mdframed Info: mdframed works in twoside mode on input line 1758.
Package mdframed Info: mdframed detected package amsthm 
 changed the theorem header of amsthm
(mdframed)              on input line 1758.
Package mdframed Info: Not enough space on this page on input line 1763.
 [362]
Package mdframed Info: Not enough space on this page on input line 1763.
 [363] [364] [365]
[366]
<Images/PartD/lagrangian-1.pdf, id=6574, 963.6pt x 542.025pt>
File: Images/PartD/lagrangian-1.pdf Graphic file (type pdf)
<use Images/PartD/lagrangian-1.pdf>
Package pdftex.def Info: Images/PartD/lagrangian-1.pdf  used on input line 1942
.
(pdftex.def)             Requested size: 187.6746pt x 105.56625pt.
<Images/PartD/lagrangian-2.pdf, id=6575, 963.6pt x 542.025pt>
File: Images/PartD/lagrangian-2.pdf Graphic file (type pdf)
<use Images/PartD/lagrangian-2.pdf>
Package pdftex.def Info: Images/PartD/lagrangian-2.pdf  used on input line 1949
.
(pdftex.def)             Requested size: 187.6746pt x 105.56625pt.
 [367] [368 <./Images/PartD/lagrangian-1.pdf> <./Images/PartD/lagrangian-2.pdf

pdfTeX warning: pdflatex (file ./Images/PartD/lagrangian-2.pdf): PDF inclusion:
 multiple pdfs with page group included in a single page
>]
<Images/PartD/eulerian-1.pdf, id=6641, 963.6pt x 542.025pt>
File: Images/PartD/eulerian-1.pdf Graphic file (type pdf)
<use Images/PartD/eulerian-1.pdf>
Package pdftex.def Info: Images/PartD/eulerian-1.pdf  used on input line 2042.
(pdftex.def)             Requested size: 187.6746pt x 105.56625pt.
<Images/PartD/eulerian-2.pdf, id=6642, 963.6pt x 542.025pt>
File: Images/PartD/eulerian-2.pdf Graphic file (type pdf)
<use Images/PartD/eulerian-2.pdf>
Package pdftex.def Info: Images/PartD/eulerian-2.pdf  used on input line 2049.
(pdftex.def)             Requested size: 187.6746pt x 105.56625pt.
 [369 <./Images/PartD/eulerian-1.pdf> <./Images/PartD/eulerian-2.pdf

pdfTeX warning: pdflatex (file ./Images/PartD/eulerian-2.pdf): PDF inclusion: m
ultiple pdfs with page group included in a single page
>]
Overfull \hbox (22.80934pt too wide) detected at line 2146
\OT1/lmr/bx/n/10.95 	[]\OT1/lmr/m/n/10.95 (\OT1/lmr/bx/n/10.95 x[]\OT1/lmr/m/n/
10.95 ) = \OT1/lmr/bx/n/10.95 	[]\OT1/lmr/m/n/10.95 (\OT1/lmr/bx/n/10.95 x[]\OT
1/lmr/m/n/10.95 ) \OMS/lmsy/m/n/10.95 ^^@ \OT1/lmr/m/n/10.95 ^^A\OML/lmm/m/it/1
0.95 s []@[]\OT1/lmr/bx/n/10.95 	[][]\OT1/lmr/m/n/10.95 (\OT1/lmr/bx/n/10.95 x[
]\OT1/lmr/m/n/10.95 )\OT1/lmr/bx/n/10.95 v[]\OT1/lmr/m/n/10.95 (\OT1/lmr/bx/n/1
0.95 x[]\OML/lmm/m/it/10.95 ; s\OT1/lmr/m/n/10.95 ) \OMS/lmsy/m/n/10.95 ^^@ \OT
1/lmr/m/n/10.95 ^^A\OML/lmm/m/it/10.95 s @[]\OT1/lmr/bx/n/10.95 	[]\OT1/lmr/m/n
/10.95 (\OT1/lmr/bx/n/10.95 x[]\OT1/lmr/m/n/10.95 ) + \OMS/lmsy/m/n/10.95 O[]\O
T1/lmr/m/n/10.95 (^^A\OML/lmm/m/it/10.95 s\OT1/lmr/m/n/10.95 )[][]\OML/lmm/m/it
/10.95 :
 []

[370] [371]) [372


] (./Chapter-10-Epilogue-and-Outlook.tex
Chapter 12.
[373

]
<Images/appendix/vector_field_only.pdf, id=6715, 832.18907pt x 213.5778pt>
File: Images/appendix/vector_field_only.pdf Graphic file (type pdf)
<use Images/appendix/vector_field_only.pdf>
Package pdftex.def Info: Images/appendix/vector_field_only.pdf  used on input l
ine 41.
(pdftex.def)             Requested size: 386.95747pt x 99.31264pt.
<Images/appendix/particle_cloud.pdf, id=6716, 832.18907pt x 213.5778pt>
File: Images/appendix/particle_cloud.pdf Graphic file (type pdf)
<use Images/appendix/particle_cloud.pdf>
Package pdftex.def Info: Images/appendix/particle_cloud.pdf  used on input line
 50.
(pdftex.def)             Requested size: 386.95747pt x 99.31264pt.
<Images/appendix/vector_field_with_density.pdf, id=6717, 832.18907pt x 213.5778
pt>
File: Images/appendix/vector_field_with_density.pdf Graphic file (type pdf)
<use Images/appendix/vector_field_with_density.pdf>
Package pdftex.def Info: Images/appendix/vector_field_with_density.pdf  used on
 input line 59.
(pdftex.def)             Requested size: 386.95747pt x 99.31264pt.
 [374

] [375 <./Images/appendix/vector_field_only.pdf> <./Images/appendix/particle_cl
oud.pdf> <./Images/appendix/vector_field_with_density.pdf>] [376]
[377] [378

] [379]
<Images/PartE/fig_notation_overview.pdf, id=6791, 612.04422pt x 535.88205pt>
File: Images/PartE/fig_notation_overview.pdf Graphic file (type pdf)
<use Images/PartE/fig_notation_overview.pdf>
Package pdftex.def Info: Images/PartE/fig_notation_overview.pdf  used on input 
line 252.
(pdftex.def)             Requested size: 386.95747pt x 338.80948pt.
 [380] [381 <./Images/PartE/fig_notation_overview.pdf>]
[382] [383]
<Images/PartE/ctmc_trajectory.pdf, id=6946, 427.42685pt x 280.13806pt>
File: Images/PartE/ctmc_trajectory.pdf Graphic file (type pdf)
<use Images/PartE/ctmc_trajectory.pdf>
Package pdftex.def Info: Images/PartE/ctmc_trajectory.pdf  used on input line 4
51.
(pdftex.def)             Requested size: 309.56715pt x 202.90039pt.
 [384 <./Images/PartE/ctmc_trajectory.pdf>]
Package mdframed Info: mdframed works in twoside mode on input line 514.
Package mdframed Info: mdframed detected package amsthm 
 changed the theorem header of amsthm
(mdframed)              on input line 514.
 [385]
<Images/PartE/masked_vs_uniform_diffusion.pdf, id=6993, 698.44502pt x 347.90778
pt>
File: Images/PartE/masked_vs_uniform_diffusion.pdf Graphic file (type pdf)
<use Images/PartE/masked_vs_uniform_diffusion.pdf>
Package pdftex.def Info: Images/PartE/masked_vs_uniform_diffusion.pdf  used on 
input line 549.
(pdftex.def)             Requested size: 386.95747pt x 192.75134pt.
 [386 <./Images/PartE/masked_vs_uniform_diffusion.pdf>] [387] [388] [389]
Overfull \hbox (3.32158pt too wide) in paragraph at lines 771--779
[]\T1/lmr/m/n/10.95 (-20) This clean-state parametriza-tion is com-mon in multi
nomial/D3PM-style discrete-
 []

[390]
Package mdframed Info: mdframed works in twoside mode on input line 807.
Package mdframed Info: mdframed detected package amsthm 
 changed the theorem header of amsthm
(mdframed)              on input line 807.

Overfull \hbox (5.91972pt too wide) in paragraph at lines 835--842
[] [] \T1/lmss/bx/n/10.95 (-20) The Ra-tio as a Dis-crete Ana-logue of the Scor
e.[] \T1/lmr/m/n/10.95 (-20) Now in-spect Equa-tion ([][]12.2.7[][]).
 []

[391] [392] [393]
Underfull \hbox (badness 1742) in paragraph at lines 970--971
[]|\T1/lmr/m/n/7 (+20) Transition-matrix prop-a-ga-tion or mas-ter
 []


Overfull \hbox (4.64502pt too wide) in paragraph at lines 951--1003
 [][] 
 []

[394] [395] [396]) [397

] (./A_Crash-Course-of-DE.tex [398

]
Appendix A.
[399

]
<Images/PartE/discrete_vs_continuous_ode.pdf, id=7216, 1149.09305pt x 426.39299
pt>
File: Images/PartE/discrete_vs_continuous_ode.pdf Graphic file (type pdf)
<use Images/PartE/discrete_vs_continuous_ode.pdf>
Package pdftex.def Info: Images/PartE/discrete_vs_continuous_ode.pdf  used on i
nput line 29.
(pdftex.def)             Requested size: 386.95747pt x 143.58586pt.
 [400

 <./Images/PartE/discrete_vs_continuous_ode.pdf>] [401] [402]
[403] [404] [405] [406] [407] [408] [409]
Overfull \hbox (1.79828pt too wide) in paragraph at lines 368--369
[] []\T1/lmss/bx/n/10.95 (-20) Stochas-tic Dif-fer-en-tial Equa-tions.[] \T1/lm
r/m/n/10.95 (-20) For-mally, the limit of the dis-crete up-date Equa-
 []

[410

] [411] [412]) (./B_Continuity-Equation.tex [413]
Appendix B.
[414

]

Package hyperref Warning: Token not allowed in a PDF string (Unicode):
(hyperref)                removing `\\' on input line 87.


Package fancyhdr Warning: \headheight is too small (14.4pt): 
(fancyhdr)                Make it at least 26.32425pt, for example:
(fancyhdr)                \setlength{\headheight}{26.32425pt}.
(fancyhdr)                You might also make \topmargin smaller:
(fancyhdr)                \addtolength{\topmargin}{-11.92426pt}.

[415]
Package mdframed Info: mdframed works in twoside mode on input line 112.
Package mdframed Info: mdframed detected package amsthm 
 changed the theorem header of amsthm
(mdframed)              on input line 112.
 [416]

Package fancyhdr Warning: \headheight is too small (14.4pt): 
(fancyhdr)                Make it at least 26.32425pt, for example:
(fancyhdr)                \setlength{\headheight}{26.32425pt}.
(fancyhdr)                You might also make \topmargin smaller:
(fancyhdr)                \addtolength{\topmargin}{-11.92426pt}.

[417]
Package mdframed Info: mdframed works in twoside mode on input line 243.
Package mdframed Info: mdframed detected package amsthm 
 changed the theorem header of amsthm
(mdframed)              on input line 243.
 [418]

Package fancyhdr Warning: \headheight is too small (14.4pt): 
(fancyhdr)                Make it at least 26.32425pt, for example:
(fancyhdr)                \setlength{\headheight}{26.32425pt}.
(fancyhdr)                You might also make \topmargin smaller:
(fancyhdr)                \addtolength{\topmargin}{-11.92426pt}.

[419]
Package mdframed Info: mdframed works in twoside mode on input line 306.
Package mdframed Info: mdframed detected package amsthm 
 changed the theorem header of amsthm
(mdframed)              on input line 306.
 [420

]

Package fancyhdr Warning: \headheight is too small (14.4pt): 
(fancyhdr)                Make it at least 26.32425pt, for example:
(fancyhdr)                \setlength{\headheight}{26.32425pt}.
(fancyhdr)                You might also make \topmargin smaller:
(fancyhdr)                \addtolength{\topmargin}{-11.92426pt}.

[421] [422]
Overfull \hbox (7.89894pt too wide) detected at line 443
[]
 []

Package mdframed Info: mdframed works in twoside mode on input line 497.
Package mdframed Info: mdframed detected package amsthm 
 changed the theorem header of amsthm
(mdframed)              on input line 497.

Package fancyhdr Warning: \headheight is too small (14.4pt): 
(fancyhdr)                Make it at least 26.32425pt, for example:
(fancyhdr)                \setlength{\headheight}{26.32425pt}.
(fancyhdr)                You might also make \topmargin smaller:
(fancyhdr)                \addtolength{\topmargin}{-11.92426pt}.

[423]
Package mdframed Info: Not enough space on this page on input line 503.
 [424] [425

] [426] [427]
Overfull \hbox (7.09067pt too wide) in paragraph at lines 699--704
[]\T1/lmr/m/n/10.95 (-20) Throughout this op-tional sec-tion, $\OML/lmm/m/it/10
.95 ^^\$ \T1/lmr/m/n/10.95 (-20) de-notes \T1/lmr/m/it/10.95 (-20) train-ing ti
me\T1/lmr/m/n/10.95 (-20) : an ide-al-ized continuous-
 []

[428

] [429] [430] [431] [432]) (./C_SDE-and-Ito.tex
Appendix C.

Package hyperref Warning: Token not allowed in a PDF string (Unicode):
(hyperref)                removing `\\' on input line 1.

[433


]

Package fancyhdr Warning: \headheight is too small (14.4pt): 
(fancyhdr)                Make it at least 26.32425pt, for example:
(fancyhdr)                \setlength{\headheight}{26.32425pt}.
(fancyhdr)                You might also make \topmargin smaller:
(fancyhdr)                \addtolength{\topmargin}{-11.92426pt}.

[434] [435]
Package mdframed Info: mdframed works in twoside mode on input line 177.
Package mdframed Info: mdframed detected package amsthm 
 changed the theorem header of amsthm
(mdframed)              on input line 177.


Package fancyhdr Warning: \headheight is too small (14.4pt): 
(fancyhdr)                Make it at least 26.32425pt, for example:
(fancyhdr)                \setlength{\headheight}{26.32425pt}.
(fancyhdr)                You might also make \topmargin smaller:
(fancyhdr)                \addtolength{\topmargin}{-11.92426pt}.

[436]
Package mdframed Info: Not enough space on this page on input line 183.
Package mdframed Info: mdframed works in twoside mode on input line 193.
Package mdframed Info: mdframed detected package amsthm 
 changed the theorem header of amsthm
(mdframed)              on input line 193.
 [437]

Package fancyhdr Warning: \headheight is too small (14.4pt): 
(fancyhdr)                Make it at least 26.32425pt, for example:
(fancyhdr)                \setlength{\headheight}{26.32425pt}.
(fancyhdr)                You might also make \topmargin smaller:
(fancyhdr)                \addtolength{\topmargin}{-11.92426pt}.

[438] [439]

Package fancyhdr Warning: \headheight is too small (14.4pt): 
(fancyhdr)                Make it at least 26.32425pt, for example:
(fancyhdr)                \setlength{\headheight}{26.32425pt}.
(fancyhdr)                You might also make \topmargin smaller:
(fancyhdr)                \addtolength{\topmargin}{-11.92426pt}.

[440] [441]

Package fancyhdr Warning: \headheight is too small (14.4pt): 
(fancyhdr)                Make it at least 26.32425pt, for example:
(fancyhdr)                \setlength{\headheight}{26.32425pt}.
(fancyhdr)                You might also make \topmargin smaller:
(fancyhdr)                \addtolength{\topmargin}{-11.92426pt}.

[442]
Package mdframed Info: mdframed works in twoside mode on input line 540.
Package mdframed Info: mdframed detected package amsthm 
 changed the theorem header of amsthm
(mdframed)              on input line 540.
 [443]

Package fancyhdr Warning: \headheight is too small (14.4pt): 
(fancyhdr)                Make it at least 26.32425pt, for example:
(fancyhdr)                \setlength{\headheight}{26.32425pt}.
(fancyhdr)                You might also make \topmargin smaller:
(fancyhdr)                \addtolength{\topmargin}{-11.92426pt}.

[444]) (./D_Proofs.tex [445]
Appendix D.
[446

] [447]
Overfull \hbox (10.24936pt too wide) detected at line 198
[]
 []


Overfull \hbox (15.41023pt too wide) detected at line 212
[]
 []

[448] [449

] [450] [451] [452] [453] [454] [455] [456]
Overfull \hbox (32.47647pt too wide) detected at line 695
[]
 []

[457] [458] [459] [460

] [461] [462] [463

] [464

] [465] [466] [467] [468]
[469]
Package mdframed Info: mdframed works in twoside mode on input line 1557.
Package mdframed Info: mdframed detected package amsthm 
 changed the theorem header of amsthm
(mdframed)              on input line 1557.
Package mdframed Info: Not enough space on this page on input line 1565.
 [470]
Package mdframed Info: Not enough space on this page on input line 1565.
 [471]) [472] [473


] [474] [475] [476] [477] [478] [479] [480]
[481] [482]
Overfull \hbox (1.82469pt too wide) in paragraph at lines 466--466
[][]\T1/lmr/m/n/10.95 (-20) Sun, H., L. Yu, B. Dai, D. Schu-ur-mans, and H. Dai
. (2023). ^^P  Score-based Continuous-
 []

[483] [484]
Overfull \hbox (7.02348pt too wide) in paragraph at lines 466--466
\T1/lmr/m/n/10.95 (-20) free energy-guided con-di-tional dif-fu-sion model^^Q. 
In: \T1/lmr/m/it/10.95 (-20) Pro-ceed-ings of the IEEE/CVF
 []

[485] 
enddocument/afterlastpage (AED): lastpage setting LastPage.
(build/main_v2.aux)
 ***********
LaTeX2e <2025-11-01>
L3 programming layer <2026-01-19>
 ***********


LaTeX Font Warning: Size substitutions with differences
(Font)              up to 1.0pt have occurred.


LaTeX Font Warning: Some font shapes were not available, defaults substituted.

Package logreq Info: Writing requests to 'main_v2.run.xml'.
\openout1 = `main_v2.run.xml'.

 ) 
Here is how much of TeX's memory you used:
 68904 strings out of 467525
 1416972 string characters out of 5418982
 2461487 words of memory out of 5000000
 93553 multiletter control sequences out of 15000+600000
 929502 words of font info for 732 fonts, out of 8000000 for 9000
 1141 hyphenation exceptions out of 8191
 102i,33n,126p,1511b,2944s stack positions out of 10000i,1000n,20000p,200000b,200000s
</usr/local/texlive/2026/texmf-dist/fonts/type1/public/lm/lmbsy10.pfb></usr/l
ocal/texlive/2026/texmf-dist/fonts/type1/public/lm/lmbsy7.pfb></usr/local/texli
ve/2026/texmf-dist/fonts/type1/public/lm/lmbx10.pfb></usr/local/texlive/2026/te
xmf-dist/fonts/type1/public/lm/lmbx12.pfb></usr/local/texlive/2026/texmf-dist/f
onts/type1/public/lm/lmbx5.pfb></usr/local/texlive/2026/texmf-dist/fonts/type1/
public/lm/lmbx6.pfb></usr/local/texlive/2026/texmf-dist/fonts/type1/public/lm/l
mbx7.pfb></usr/local/texlive/2026/texmf-dist/fonts/type1/public/lm/lmbx8.pfb></
usr/local/texlive/2026/texmf-dist/fonts/type1/public/lm/lmbx9.pfb></usr/local/t
exlive/2026/texmf-dist/fonts/type1/public/lm/lmcsc10.pfb></usr/local/texlive/20
26/texmf-dist/fonts/type1/public/lm/lmex10.pfb></usr/local/texlive/2026/texmf-d
ist/fonts/type1/public/lm/lmmi10.pfb></usr/local/texlive/2026/texmf-dist/fonts/
type1/public/lm/lmmi5.pfb></usr/local/texlive/2026/texmf-dist/fonts/type1/publi
c/lm/lmmi6.pfb></usr/local/texlive/2026/texmf-dist/fonts/type1/public/lm/lmmi7.
pfb></usr/local/texlive/2026/texmf-dist/fonts/type1/public/lm/lmmi8.pfb></usr/l
ocal/texlive/2026/texmf-dist/fonts/type1/public/lm/lmmi9.pfb></usr/local/texliv
e/2026/texmf-dist/fonts/type1/public/lm/lmmib10.pfb></usr/local/texlive/2026/te
xmf-dist/fonts/type1/public/lm/lmmib5.pfb></usr/local/texlive/2026/texmf-dist/f
onts/type1/public/lm/lmmib7.pfb></usr/local/texlive/2026/texmf-dist/fonts/type1
/public/lm/lmr10.pfb></usr/local/texlive/2026/texmf-dist/fonts/type1/public/lm/
lmr5.pfb></usr/local/texlive/2026/texmf-dist/fonts/type1/public/lm/lmr6.pfb></u
sr/local/texlive/2026/texmf-dist/fonts/type1/public/lm/lmr7.pfb></usr/local/tex
live/2026/texmf-dist/fonts/type1/public/lm/lmr8.pfb></usr/local/texlive/2026/te
xmf-dist/fonts/type1/public/lm/lmr9.pfb></usr/local/texlive/2026/texmf-dist/fon
ts/type1/public/lm/lmri10.pfb></usr/local/texlive/2026/texmf-dist/fonts/type1/p
ublic/lm/lmri9.pfb></usr/local/texlive/2026/texmf-dist/fonts/type1/public/lm/lm
ro10.pfb></usr/local/texlive/2026/texmf-dist/fonts/type1/public/lm/lmro8.pfb></
usr/local/texlive/2026/texmf-dist/fonts/type1/public/lm/lmss10.pfb></usr/local/
texlive/2026/texmf-dist/fonts/type1/public/lm/lmss12.pfb></usr/local/texlive/20
26/texmf-dist/fonts/type1/public/lm/lmssbo10.pfb></usr/local/texlive/2026/texmf
-dist/fonts/type1/public/lm/lmssbx10.pfb></usr/local/texlive/2026/texmf-dist/fo
nts/type1/public/lm/lmsso10.pfb></usr/local/texlive/2026/texmf-dist/fonts/type1
/public/lm/lmsy10.pfb></usr/local/texlive/2026/texmf-dist/fonts/type1/public/lm
/lmsy5.pfb></usr/local/texlive/2026/texmf-dist/fonts/type1/public/lm/lmsy6.pfb>
</usr/local/texlive/2026/texmf-dist/fonts/type1/public/lm/lmsy7.pfb></usr/local
/texlive/2026/texmf-dist/fonts/type1/public/lm/lmsy8.pfb></usr/local/texlive/20
26/texmf-dist/fonts/type1/public/lm/lmsy9.pfb></usr/local/texlive/2026/texmf-di
st/fonts/type1/public/lm/lmtk10.pfb></usr/local/texlive/2026/texmf-dist/fonts/t
ype1/public/lm/lmtt10.pfb></usr/local/texlive/2026/texmf-dist/fonts/type1/publi
c/lm/lmtt9.pfb></usr/local/texlive/2026/texmf-dist/fonts/type1/public/lm/lmtti1
0.pfb></usr/local/texlive/2026/texmf-dist/fonts/type1/public/lm/lmtto10.pfb></u
sr/local/texlive/2026/texmf-dist/fonts/type1/public/amsfonts/symbols/msam10.pfb
></usr/local/texlive/2026/texmf-dist/fonts/type1/public/amsfonts/symbols/msam5.
pfb></usr/local/texlive/2026/texmf-dist/fonts/type1/public/amsfonts/symbols/msb
m10.pfb></usr/local/texlive/2026/texmf-dist/fonts/type1/public/amsfonts/symbols
/msbm7.pfb></usr/local/texlive/2026/texmf-dist/fonts/type1/public/stmaryrd/stma
ry10.pfb>
Output written on build/main_v2.pdf (490 pages, 19029139 bytes).
PDF statistics:
 8930 PDF objects out of 10688 (max. 8388607)
 6932 compressed objects within 70 object streams
 2085 named destinations out of 2487 (max. 500000)
 169658 words of extra memory for PDF output out of 184870 (max. 10000000)

